dataset,eta_g,theta,k,T,adaptive_variance_threshold,rmse_to_clean_mean,rmse_to_clean_std,rmse_to_clean_count,mean_l2_to_clean_mean,mean_l2_to_clean_std,mean_l2_to_clean_count,mean_distance_to_clean_cloud_approx_mean,mean_distance_to_clean_cloud_approx_std,mean_distance_to_clean_cloud_approx_count,q90_distance_to_clean_cloud_approx_mean,q90_distance_to_clean_cloud_approx_std,q90_distance_to_clean_cloud_approx_count,mean_local_dim_mean,mean_local_dim_std,mean_local_dim_count,normal_energy_ratio_mean_mean,normal_energy_ratio_mean_std,normal_energy_ratio_mean_count,normal_energy_ratio_median_mean,normal_energy_ratio_median_std,normal_energy_ratio_median_count,normal_energy_ratio_q90_mean,normal_energy_ratio_q90_std,normal_energy_ratio_q90_count,velocity_tangent_alignment_mean_mean,velocity_tangent_alignment_mean_std,velocity_tangent_alignment_mean_count,velocity_tangent_alignment_median_mean,velocity_tangent_alignment_median_std,velocity_tangent_alignment_median_count,velocity_tangent_alignment_q10_mean,velocity_tangent_alignment_q10_std,velocity_tangent_alignment_q10_count,velocity_tangent_alignment_zero_velocity_fraction_mean,velocity_tangent_alignment_zero_velocity_fraction_std,velocity_tangent_alignment_zero_velocity_fraction_count,velocity_neighbor_direction_agreement_mean_mean,velocity_neighbor_direction_agreement_mean_std,velocity_neighbor_direction_agreement_mean_count,velocity_neighbor_direction_agreement_median_mean,velocity_neighbor_direction_agreement_median_std,velocity_neighbor_direction_agreement_median_count,velocity_neighbor_direction_agreement_q10_mean,velocity_neighbor_direction_agreement_q10_std,velocity_neighbor_direction_agreement_q10_count,velocity_neighbor_direction_agreement_zero_velocity_fraction_mean,velocity_neighbor_direction_agreement_zero_velocity_fraction_std,velocity_neighbor_direction_agreement_zero_velocity_fraction_count,velocity_smoothness_mean_mean,velocity_smoothness_mean_std,velocity_smoothness_mean_count,velocity_smoothness_median_mean,velocity_smoothness_median_std,velocity_smoothness_median_count,velocity_smoothness_zero_velocity_fraction_mean,velocity_smoothness_zero_velocity_fraction_std,velocity_smoothness_zero_velocity_fraction_count,displacement_mean_mean,displacement_mean_std,displacement_mean_count,displacement_median_mean,displacement_median_std,displacement_median_count,displacement_q90_mean,displacement_q90_std,displacement_q90_count,displacement_relative_to_local_scale_mean_mean,displacement_relative_to_local_scale_mean_std,displacement_relative_to_local_scale_mean_count,displacement_relative_to_local_scale_q90_mean,displacement_relative_to_local_scale_q90_std,displacement_relative_to_local_scale_q90_count,knn_overlap_mean_mean,knn_overlap_mean_std,knn_overlap_mean_count,knn_overlap_median_mean,knn_overlap_median_std,knn_overlap_median_count,knn_overlap_q10_mean,knn_overlap_q10_std,knn_overlap_q10_count,failure_count,balanced_rank
half_sphere_rotation,0.2,0.05,15,3,0.8,0.8604859051697686,0.010895227082928052,2,0.8449812160331377,0.009017166314344046,2,0.76592535081938,0.01648006470229199,2,0.9470668010330399,0.04392972874308704,2,4.0,0.0,2,0.5441369612393763,0.02144326215327893,2,0.5424534544090159,0.018824099450464593,2,0.6004133492752943,0.030428928285502227,2,0.7757354908212695,0.00542601000421769,2,0.8201147904136659,0.002871206520678138,2,0.5661286756474362,0.049725906089089306,2,0.0,0.0,2,0.6476450136666179,0.02011334641739094,2,0.6727928710018269,0.025634885977998685,2,0.4467632530136725,0.00015906867501392144,2,0.0,0.0,2,0.29919153288810596,0.06075146998221025,2,0.31663306642054584,0.08154160092250577,2,0.0,0.0,2,0.4166850695553298,0.009910329151595933,2,0.4137087578763972,0.0039681208326567755,2,0.5431880203900694,0.030961163002764608,2,0.24410876847241697,0.004033822510161938,2,0.31818027229764356,0.015829086974493794,2,0.8486,0.011596551211459319,2,0.86,0.028284271247461926,2,0.78,0.028284271247461926,2,0,21.1
half_sphere_rotation,0.2,0.05,15,3,0.9,0.8604859051697686,0.010895227082928052,2,0.8449812160331377,0.009017166314344046,2,0.76592535081938,0.01648006470229199,2,0.9470668010330399,0.04392972874308704,2,4.0,0.0,2,0.5441369612393763,0.02144326215327893,2,0.5424534544090159,0.018824099450464593,2,0.6004133492752943,0.030428928285502227,2,0.7757354908212695,0.00542601000421769,2,0.8201147904136659,0.002871206520678138,2,0.5661286756474362,0.049725906089089306,2,0.0,0.0,2,0.6476450136666179,0.02011334641739094,2,0.6727928710018269,0.025634885977998685,2,0.4467632530136725,0.00015906867501392144,2,0.0,0.0,2,0.29919153288810596,0.06075146998221025,2,0.31663306642054584,0.08154160092250577,2,0.0,0.0,2,0.4166850695553298,0.009910329151595933,2,0.4137087578763972,0.0039681208326567755,2,0.5431880203900694,0.030961163002764608,2,0.24410876847241697,0.004033822510161938,2,0.31818027229764356,0.015829086974493794,2,0.8486,0.011596551211459319,2,0.86,0.028284271247461926,2,0.78,0.028284271247461926,2,0,21.1
half_sphere_rotation,0.2,0.05,25,3,0.8,0.8374039265927264,0.01029432642975734,2,0.8217313706009732,0.007809993644727015,2,0.7426148428151002,0.016033542154564106,2,0.9141918250383011,0.03319958942788014,2,4.0,0.0,2,0.5344162272126068,0.019845959382605482,2,0.5368837687993201,0.020582109547433655,2,0.5841800269307594,0.027173678462496673,2,0.8136322533600401,0.010515339132382269,2,0.8541938962179201,0.008757922843755126,2,0.6076836630437393,0.04293887129076646,2,0.0,0.0,2,0.6524690958654161,0.016608348608927063,2,0.6748550334347323,0.007782974271585824,2,0.46495407612649486,0.034728461802820056,2,0.0,0.0,2,0.35271366425060613,0.06003183843800322,2,0.3857301117492483,0.07114834250975045,2,0.0,0.0,2,0.4364322412594285,0.01249673130141865,2,0.43602936883352433,0.009120310175781582,2,0.565578403213781,0.030987513135393174,2,0.2556728540568956,0.005465158016031491,2,0.33129842261046966,0.01574928075819424,2,0.8440000000000001,0.0073539105243401875,2,0.84,0.0,2,0.8,0.0,2,0,17.3
half_sphere_rotation,0.2,0.05,25,3,0.9,0.8374039265927264,0.01029432642975734,2,0.8217313706009732,0.007809993644727015,2,0.7426148428151002,0.016033542154564106,2,0.9141918250383011,0.03319958942788014,2,4.0,0.0,2,0.5344162272126068,0.019845959382605482,2,0.5368837687993201,0.020582109547433655,2,0.5841800269307594,0.027173678462496673,2,0.8136322533600401,0.010515339132382269,2,0.8541938962179201,0.008757922843755126,2,0.6076836630437393,0.04293887129076646,2,0.0,0.0,2,0.6524690958654161,0.016608348608927063,2,0.6748550334347323,0.007782974271585824,2,0.46495407612649486,0.034728461802820056,2,0.0,0.0,2,0.35271366425060613,0.06003183843800322,2,0.3857301117492483,0.07114834250975045,2,0.0,0.0,2,0.4364322412594285,0.01249673130141865,2,0.43602936883352433,0.009120310175781582,2,0.565578403213781,0.030987513135393174,2,0.2556728540568956,0.005465158016031491,2,0.33129842261046966,0.01574928075819424,2,0.8440000000000001,0.0073539105243401875,2,0.84,0.0,2,0.8,0.0,2,0,17.3
half_sphere_rotation,0.2,0.15,15,3,0.8,0.8534581168673532,0.01320061230356638,2,0.8383531680822637,0.011226066946209201,2,0.7593600020217013,0.018881434531649127,2,0.9325874416026907,0.04250882081220223,2,4.0,0.0,2,0.5452564901502637,0.02178290361559998,2,0.5428955250342623,0.019910854222940023,2,0.59938679719235,0.02660035527007454,2,0.7723018210966587,0.014794191549503198,2,0.8216726274916769,0.019462687261038766,2,0.57153516680643,0.020351055554390228,2,0.0,0.0,2,0.6514032256314408,0.015522223745954574,2,0.6694397909892273,0.014805930759583802,2,0.4361493350687906,0.009970879778263237,2,0.0,0.0,2,0.3047879281745194,0.04918508474916834,2,0.3261535396692039,0.05129586006973701,2,0.0,0.0,2,0.4223602174406628,0.011929850691339014,2,0.4205997264085058,0.009575457542966216,2,0.5557878716320344,0.04271819513404506,2,0.24742946145072195,0.005192890425284411,2,0.32553733958485154,0.022663767282704837,2,0.845,0.011596551211459477,2,0.84,0.0,2,0.76,0.0,2,0,21.5
half_sphere_rotation,0.2,0.15,15,3,0.9,0.8534581168673532,0.01320061230356638,2,0.8383531680822637,0.011226066946209201,2,0.7593600020217013,0.018881434531649127,2,0.9325874416026907,0.04250882081220223,2,4.0,0.0,2,0.5452564901502637,0.02178290361559998,2,0.5428955250342623,0.019910854222940023,2,0.59938679719235,0.02660035527007454,2,0.7723018210966587,0.014794191549503198,2,0.8216726274916769,0.019462687261038766,2,0.57153516680643,0.020351055554390228,2,0.0,0.0,2,0.6514032256314408,0.015522223745954574,2,0.6694397909892273,0.014805930759583802,2,0.4361493350687906,0.009970879778263237,2,0.0,0.0,2,0.3047879281745194,0.04918508474916834,2,0.3261535396692039,0.05129586006973701,2,0.0,0.0,2,0.4223602174406628,0.011929850691339014,2,0.4205997264085058,0.009575457542966216,2,0.5557878716320344,0.04271819513404506,2,0.24742946145072195,0.005192890425284411,2,0.32553733958485154,0.022663767282704837,2,0.845,0.011596551211459477,2,0.84,0.0,2,0.76,0.0,2,0,21.5
half_sphere_rotation,0.2,0.15,25,3,0.8,0.8241905590218117,0.011450705266877489,2,0.8089079953228695,0.008479170815682406,2,0.7298112573463698,0.016374748658475848,2,0.8996316654622676,0.02165667777479444,2,4.0,0.0,2,0.5317195316849022,0.01804904498169089,2,0.5315477497344211,0.019673931414556905,2,0.5771044551373412,0.021793177056425795,2,0.8119231159642727,0.00755260900860486,2,0.8543407359431358,0.035663471530032534,2,0.6166634889278881,0.004132041378747584,2,0.0,0.0,2,0.6609962653943873,0.017358873264902,2,0.6808590995824949,0.0024790250598176644,2,0.49282823749866156,0.06368028338226862,2,0.0,0.0,2,0.3634009926363695,0.05699043666225116,2,0.39064782702540907,0.05533111592432845,2,0.0,0.0,2,0.4464279545706699,0.011640710022913382,2,0.4456857967618696,0.006263675328017536,2,0.577275403234969,0.023203032102279784,2,0.2615310207771697,0.0049211074999261865,2,0.33816808514800545,0.011138707417611323,2,0.8413999999999999,0.004808326112068465,2,0.84,0.0,2,0.778,0.02545584412271573,2,0,18.3
half_sphere_rotation,0.2,0.15,25,3,0.9,0.8241905590218117,0.011450705266877489,2,0.8089079953228695,0.008479170815682406,2,0.7298112573463698,0.016374748658475848,2,0.8996316654622676,0.02165667777479444,2,4.0,0.0,2,0.5317195316849022,0.01804904498169089,2,0.5315477497344211,0.019673931414556905,2,0.5771044551373412,0.021793177056425795,2,0.8119231159642727,0.00755260900860486,2,0.8543407359431358,0.035663471530032534,2,0.6166634889278881,0.004132041378747584,2,0.0,0.0,2,0.6609962653943873,0.017358873264902,2,0.6808590995824949,0.0024790250598176644,2,0.49282823749866156,0.06368028338226862,2,0.0,0.0,2,0.3634009926363695,0.05699043666225116,2,0.39064782702540907,0.05533111592432845,2,0.0,0.0,2,0.4464279545706699,0.011640710022913382,2,0.4456857967618696,0.006263675328017536,2,0.577275403234969,0.023203032102279784,2,0.2615310207771697,0.0049211074999261865,2,0.33816808514800545,0.011138707417611323,2,0.8413999999999999,0.004808326112068465,2,0.84,0.0,2,0.778,0.02545584412271573,2,0,18.3
half_sphere_rotation,0.2,0.3,15,3,0.8,0.8472420988157978,0.012547369832272878,2,0.832298902767054,0.010238764988848521,2,0.7528570461730225,0.017805545174069258,2,0.9284298884355001,0.032153744833304354,2,4.0,0.0,2,0.5417377015989852,0.01906915482593104,2,0.5390755613021442,0.015703088888039837,2,0.5929677488974027,0.02769696005011964,2,0.7701899698311206,0.012058694660407187,2,0.8058535394729147,0.026996164636562302,2,0.550010146658461,0.037596945101330555,2,0.0,0.0,2,0.6866808088655264,0.008750051747890179,2,0.7149857080971805,0.009514067151442443,2,0.5077226555777856,0.003502732064097487,2,0.0,0.0,2,0.30122379289019896,0.04747436864977642,2,0.32395478995431326,0.06455935316752394,2,0.0,0.0,2,0.4280588574642177,0.011883888700570649,2,0.43053566546598576,0.011801934817570886,2,0.5488885054200101,0.029321804459203744,2,0.25076831122308796,0.005141721030582337,2,0.32152359203426106,0.014844361388315389,2,0.8421999999999998,0.0059396969619668555,2,0.84,0.0,2,0.76,0.0,2,0,22.3
half_sphere_rotation,0.2,0.3,15,3,0.9,0.8472420988157978,0.012547369832272878,2,0.832298902767054,0.010238764988848521,2,0.7528570461730225,0.017805545174069258,2,0.9284298884355001,0.032153744833304354,2,4.0,0.0,2,0.5417377015989852,0.01906915482593104,2,0.5390755613021442,0.015703088888039837,2,0.5929677488974027,0.02769696005011964,2,0.7701899698311206,0.012058694660407187,2,0.8058535394729147,0.026996164636562302,2,0.550010146658461,0.037596945101330555,2,0.0,0.0,2,0.6866808088655264,0.008750051747890179,2,0.7149857080971805,0.009514067151442443,2,0.5077226555777856,0.003502732064097487,2,0.0,0.0,2,0.30122379289019896,0.04747436864977642,2,0.32395478995431326,0.06455935316752394,2,0.0,0.0,2,0.4280588574642177,0.011883888700570649,2,0.43053566546598576,0.011801934817570886,2,0.5488885054200101,0.029321804459203744,2,0.25076831122308796,0.005141721030582337,2,0.32152359203426106,0.014844361388315389,2,0.8421999999999998,0.0059396969619668555,2,0.84,0.0,2,0.76,0.0,2,0,22.3
half_sphere_rotation,0.2,0.3,25,3,0.8,0.8161779492699104,0.012689616856627364,2,0.8007652561746408,0.00922624372366312,2,0.72098699529782,0.018950302374629323,2,0.8849116904494048,0.027261099587109476,2,4.0,0.0,2,0.5278682094408436,0.02173566335710398,2,0.5267587091991883,0.021366349942032337,2,0.5733672069439852,0.027627188578998922,2,0.8106055839269758,0.02192341656282095,2,0.84387745746111,0.047262644491459484,2,0.6302699658698556,0.028013157268190977,2,0.0,0.0,2,0.6807851569936261,0.0035006938959622294,2,0.6897871202885977,0.008685050131057194,2,0.5166482302399519,0.04168088803423203,2,0.0,0.0,2,0.37180143726397313,0.05379003063872068,2,0.4057272740760098,0.06306748583226102,2,0.0,0.0,2,0.45448092652396954,0.01220568034414845,2,0.45440864505877365,0.002584211342981438,2,0.5931886059995701,0.03843858836914007,2,0.26624794069663876,0.005217859769037699,2,0.347458999408914,0.0199973111067486,2,0.8395999999999999,0.007919595949289284,2,0.84,0.0,2,0.778,0.02545584412271573,2,0,18.7
half_sphere_rotation,0.2,0.3,25,3,0.9,0.8161779492699104,0.012689616856627364,2,0.8007652561746408,0.00922624372366312,2,0.72098699529782,0.018950302374629323,2,0.8849116904494048,0.027261099587109476,2,4.0,0.0,2,0.5278682094408436,0.02173566335710398,2,0.5267587091991883,0.021366349942032337,2,0.5733672069439852,0.027627188578998922,2,0.8106055839269758,0.02192341656282095,2,0.84387745746111,0.047262644491459484,2,0.6302699658698556,0.028013157268190977,2,0.0,0.0,2,0.6807851569936261,0.0035006938959622294,2,0.6897871202885977,0.008685050131057194,2,0.5166482302399519,0.04168088803423203,2,0.0,0.0,2,0.37180143726397313,0.05379003063872068,2,0.4057272740760098,0.06306748583226102,2,0.0,0.0,2,0.45448092652396954,0.01220568034414845,2,0.45440864505877365,0.002584211342981438,2,0.5931886059995701,0.03843858836914007,2,0.26624794069663876,0.005217859769037699,2,0.347458999408914,0.0199973111067486,2,0.8395999999999999,0.007919595949289284,2,0.84,0.0,2,0.778,0.02545584412271573,2,0,18.7
half_sphere_rotation,0.35,0.05,15,3,0.8,0.754965924605611,0.02028651630666813,2,0.7369978187123863,0.01782784082540045,2,0.6443659538778492,0.0256940654617896,2,0.8376690615431858,0.045949080619661554,2,3.9000000000000004,0.014142135623730807,2,0.48057905519435207,0.02335490916303813,2,0.4811253186733554,0.02592690488572289,2,0.5316368984160526,0.030730347953121746,2,0.797548811512576,0.002515080324511754,2,0.8418796842632699,0.0009263219649846351,2,0.5811219393283215,0.0233099652264197,2,0.0,0.0,2,0.68567291037907,0.019483302530194476,2,0.7188386713371708,0.018790333373554166,2,0.4751771332422914,0.015585414427009808,2,0.0,0.0,2,0.3351713694029953,0.07030462974624606,2,0.36968111692873107,0.07376165354535917,2,0.0,0.0,2,0.6155183173031564,0.016935097806624135,2,0.6123512420161712,0.002253824226471082,2,0.7902374833107696,0.05257624471348972,2,0.36058739504378257,0.00730373599355684,2,0.46287706033055254,0.02744215453668856,2,0.7704,0.015273506473629472,2,0.78,0.028284271247461926,2,0.68,0.0,2,0,20.0
half_sphere_rotation,0.35,0.05,15,3,0.9,0.755294828080006,0.020751656060869386,2,0.7372760903795575,0.01822137639113814,2,0.6447127640990553,0.02618452918018886,2,0.8376690615431858,0.045949080619661554,2,4.0,0.0,2,0.4809826305821546,0.023925650949908547,2,0.4812303449584843,0.026075434482557884,2,0.5316368984160526,0.030730347953121746,2,0.796757763657587,0.0023897018717292267,2,0.8416933149491428,0.003066374050419234,2,0.5832622376523235,0.020283126309091428,2,0.0,0.0,2,0.6831369604156597,0.01762237944824663,2,0.7144521193676301,0.012586812086175118,2,0.4751771332422914,0.015585414427009808,2,0.0,0.0,2,0.33852414561331157,0.06769643057778689,2,0.3768375197099123,0.0663564380240416,2,0.0,0.0,2,0.6153101849066303,0.017229441464560548,2,0.6123512420161712,0.002253824226471082,2,0.7902374833107696,0.05257624471348972,2,0.36046482719673134,0.0074770731051674935,2,0.46287706033055254,0.02744215453668856,2,0.7695999999999998,0.01640487732352802,2,0.78,0.028284271247461926,2,0.68,0.0,2,0,20.6
half_sphere_rotation,0.35,0.05,25,3,0.8,0.7222028262880107,0.01865111935265133,2,0.704198602317518,0.0144558598147775,2,0.6103051047567702,0.02258164879526007,2,0.7928652539985703,0.023074249036036113,2,3.995,0.007071067811865324,2,0.4573477123503772,0.020320738373453003,2,0.45892554398216223,0.022092057970386447,2,0.5115686803470523,0.012668313938664234,2,0.8239592309229111,0.0071357909799871925,2,0.8636574495489173,0.005411756780678015,2,0.609840780793939,0.03133879903629257,2,0.0,0.0,2,0.6912483056212957,0.012733003118085095,2,0.7256743767760242,0.022525660081552504,2,0.4578314587768215,0.025583228311629548,2,0.0,0.0,2,0.3844968706581553,0.058622125777954295,2,0.4182185967410935,0.06230972938261296,2,0.0,0.0,2,0.6479202695818782,0.020395095502468718,2,0.6482484002389909,0.0154894895919389,2,0.8263292395013854,0.07293959567291784,2,0.3795638782524029,0.00919306768242222,2,0.4839793952843724,0.03921922440676565,2,0.7604000000000001,0.007919595949289402,2,0.76,0.0,2,0.68,0.0,2,0,16.6
half_sphere_rotation,0.35,0.05,25,3,0.9,0.7222028262880107,0.01865111935265133,2,0.704198602317518,0.0144558598147775,2,0.6103051047567702,0.02258164879526007,2,0.7928652539985703,0.023074249036036113,2,4.0,0.0,2,0.4573477123503772,0.020320738373453003,2,0.45892554398216223,0.022092057970386447,2,0.5115686803470523,0.012668313938664234,2,0.8238096069958603,0.006924190793096333,2,0.8636574495489173,0.005411756780678015,2,0.609840780793939,0.03133879903629257,2,0.0,0.0,2,0.6917093154415431,0.013384969458266085,2,0.7256743767760242,0.022525660081552504,2,0.4682752953404393,0.040353043623105746,2,0.0,0.0,2,0.38486614768274724,0.058099889201503586,2,0.4182185967410935,0.06230972938261296,2,0.0,0.0,2,0.6479202695818782,0.020395095502468718,2,0.6482484002389909,0.0154894895919389,2,0.8263292395013854,0.07293959567291784,2,0.3795638782524029,0.00919306768242222,2,0.4839793952843724,0.03921922440676565,2,0.7604000000000001,0.007919595949289402,2,0.76,0.0,2,0.68,0.0,2,0,16.8
half_sphere_rotation,0.35,0.15,15,3,0.8,0.7438725703768896,0.022976823372300264,2,0.7265192828192352,0.019431784848827696,2,0.6336980943954109,0.02835327179864661,2,0.8006296437782244,0.04752970253868152,2,3.92,0.028284271247461926,2,0.4770578053790955,0.02315063945965399,2,0.47593722267175165,0.02357515673223177,2,0.5294663388382166,0.033778018283490724,2,0.8038305157726373,0.002185204067320539,2,0.8526775194216565,0.00858246202540647,2,0.578723753117253,0.018223317236759212,2,0.0,0.0,2,0.6918140845521122,0.01755268836913485,2,0.725549524837348,0.007293061831883267,2,0.469809776564317,0.04456009640863633,2,0.0,0.0,2,0.3370191819237812,0.0610927603700422,2,0.376224514810368,0.06804861835040157,2,0.0,0.0,2,0.6256350990743803,0.02001280121087198,2,0.6262830964511016,0.007482482277047056,2,0.8066989941338432,0.059497888505995605,2,0.36650812739596,0.009063883733257606,2,0.4725069033651552,0.031427422937410944,2,0.7642,0.018950461735799465,2,0.78,0.028284271247461926,2,0.68,0.0,2,0,19.4
half_sphere_rotation,0.35,0.15,15,3,0.9,0.7438725703768896,0.022976823372300264,2,0.7265192828192352,0.019431784848827696,2,0.6336980943954109,0.02835327179864661,2,0.8006296437782244,0.04752970253868152,2,4.0,0.0,2,0.4770578053790955,0.02315063945965399,2,0.47593722267175165,0.02357515673223177,2,0.5294663388382166,0.033778018283490724,2,0.8023380806133751,0.002396770805425308,2,0.8490411116791339,0.007984488887992016,2,0.578723753117253,0.018223317236759212,2,0.0,0.0,2,0.6897457330600023,0.01893614245422582,2,0.7219633659046736,0.000959642154458909,2,0.4659784793834502,0.049978368843299946,2,0.0,0.0,2,0.3377675587815093,0.059380370339306605,2,0.3745808818837701,0.061130182509930645,2,0.0,0.0,2,0.6256350990743803,0.02001280121087198,2,0.6262830964511016,0.007482482277047056,2,0.8066989941338432,0.059497888505995605,2,0.36650812739596,0.009063883733257606,2,0.4725069033651552,0.031427422937410944,2,0.7642,0.018950461735799465,2,0.78,0.028284271247461926,2,0.68,0.0,2,0,19.6
half_sphere_rotation,0.35,0.15,25,3,0.8,0.7030306083839214,0.01958329083956875,2,0.6851873990278987,0.014619951679390219,2,0.5916200573630325,0.022873433316480365,2,0.7570495669910116,0.04943015015010012,2,4.0,0.0,2,0.4502530309393954,0.019618976813418683,2,0.45147467473710456,0.01908586616189274,2,0.5049964855002357,0.02586757816770805,2,0.8276624941365222,0.006202683917749788,2,0.8675079661032328,0.006996161211800789,2,0.6284283883083757,0.03731147361955155,2,0.0,0.0,2,0.6971738840617548,0.024823424747998892,2,0.7328051985686296,0.030805591014508613,2,0.4833259595091084,0.04643682778621988,2,0.0,0.0,2,0.3919853475259556,0.04463145636877259,2,0.42690607591037955,0.037155964475757204,2,0.0,0.0,2,0.6625744121829201,0.018350449006712476,2,0.6584327151393414,0.014808826647339833,2,0.8444055833415609,0.05736618722088077,2,0.3881538804282346,0.007932802520329596,2,0.4946031907948638,0.03001809293857915,2,0.7580000000000001,0.00848528137423842,2,0.76,0.0,2,0.68,0.0,2,0,14.5
half_sphere_rotation,0.35,0.15,25,3,0.9,0.7030306083839214,0.01958329083956875,2,0.6851873990278987,0.014619951679390219,2,0.5916200573630325,0.022873433316480365,2,0.7570495669910116,0.04943015015010012,2,4.0,0.0,2,0.4502530309393954,0.019618976813418683,2,0.45147467473710456,0.01908586616189274,2,0.5049964855002357,0.02586757816770805,2,0.8276624941365222,0.006202683917749788,2,0.8675079661032328,0.006996161211800789,2,0.6284283883083757,0.03731147361955155,2,0.0,0.0,2,0.6971738840617548,0.024823424747998892,2,0.7328051985686296,0.030805591014508613,2,0.4833259595091084,0.04643682778621988,2,0.0,0.0,2,0.3919853475259556,0.04463145636877259,2,0.42690607591037955,0.037155964475757204,2,0.0,0.0,2,0.6625744121829201,0.018350449006712476,2,0.6584327151393414,0.014808826647339833,2,0.8444055833415609,0.05736618722088077,2,0.3881538804282346,0.007932802520329596,2,0.4946031907948638,0.03001809293857915,2,0.7580000000000001,0.00848528137423842,2,0.76,0.0,2,0.68,0.0,2,0,14.5
half_sphere_rotation,0.35,0.3,15,3,0.8,0.7337427459302635,0.022180172324776756,2,0.7166216619857515,0.018639656662273626,2,0.6238250827464754,0.027963012342596492,2,0.8023220043721541,0.042549976364649814,2,3.9450000000000003,0.007071067811865481,2,0.47382707683486686,0.025159392785481374,2,0.47152152067309294,0.030248479019438477,2,0.5228369797058418,0.025987325576825933,2,0.7935149936763928,0.0045298498913959795,2,0.8331188676019234,0.00527822529283055,2,0.5860308190729191,0.019555407038111924,2,0.0,0.0,2,0.7133907413995959,0.013097257937663984,2,0.7414623985919582,0.005611202077332437,2,0.5125801097710833,0.039444181829739806,2,0.0,0.0,2,0.339314596145575,0.055450987585804676,2,0.3715392176614531,0.06947339569537038,2,0.0,0.0,2,0.6343891717800558,0.019919930443996935,2,0.6450096000126526,0.011822056441629742,2,0.8003859052537241,0.05503414384277997,2,0.37163721142418427,0.008972233931646343,2,0.46881764847275886,0.02883903318927479,2,0.7628,0.009616652224137243,2,0.76,0.0,2,0.678,0.0028284271247461927,2,0,20.6
half_sphere_rotation,0.35,0.3,15,3,0.9,0.7337427459302635,0.022180172324776756,2,0.7166216619857515,0.018639656662273626,2,0.6238250827464754,0.027963012342596492,2,0.8023220043721541,0.042549976364649814,2,4.0,0.0,2,0.47382707683486686,0.025159392785481374,2,0.47152152067309294,0.030248479019438477,2,0.5228369797058418,0.025987325576825933,2,0.7922286049492171,0.00516015943851667,2,0.8331188676019234,0.00527822529283055,2,0.5860308190729191,0.019555407038111924,2,0.0,0.0,2,0.7137061040118193,0.012864005201984443,2,0.7418136345671913,0.0051392899659276235,2,0.5125801097710833,0.039444181829739806,2,0.0,0.0,2,0.3396172765754985,0.054419001643133,2,0.37518865920106076,0.05845120752113792,2,0.0,0.0,2,0.6343891717800558,0.019919930443996935,2,0.6450096000126526,0.011822056441629742,2,0.8003859052537241,0.05503414384277997,2,0.37163721142418427,0.008972233931646343,2,0.46881764847275886,0.02883903318927479,2,0.7628,0.009616652224137243,2,0.76,0.0,2,0.678,0.0028284271247461927,2,0,20.8
half_sphere_rotation,0.35,0.3,25,3,0.8,0.69240528449039,0.021714249247903612,2,0.6740448828341157,0.016619598941776198,2,0.5796615676468722,0.028158875830633995,2,0.7428781265575786,0.05668600931254343,2,3.9850000000000003,0.007071067811865795,2,0.440365348202137,0.025832435297323358,2,0.4453107643024179,0.025832496511211767,2,0.49247137448471756,0.02857661403305525,2,0.8275632054288992,0.011672470271397405,2,0.8788665377650609,0.0195444594228194,2,0.6504737202764073,0.017263676320970738,2,0.0,0.0,2,0.7165777445597428,0.010202282281785775,2,0.7486098823749727,0.010765742105477562,2,0.5148185964890148,0.03127221868463651,2,0.0,0.0,2,0.3965161255778423,0.043431463680282015,2,0.44116344551841724,0.03648282179894816,2,0.0,0.0,2,0.6725323931610174,0.019304721140704872,2,0.6744003094240083,0.011466569971322914,2,0.8559253848748632,0.0588382941117309,2,0.393986089991936,0.008449537634006805,2,0.501349347389789,0.030831576375652182,2,0.7562000000000001,0.018384776310850254,2,0.74,0.028284271247461926,2,0.66,0.028284271247461926,2,0,14.0
half_sphere_rotation,0.35,0.3,25,3,0.9,0.69240528449039,0.021714249247903612,2,0.6740448828341157,0.016619598941776198,2,0.5796615676468722,0.028158875830633995,2,0.7428781265575786,0.05668600931254343,2,4.0,0.0,2,0.440365348202137,0.025832435297323358,2,0.4453107643024179,0.025832496511211767,2,0.49247137448471756,0.02857661403305525,2,0.8275069275282854,0.01176265830571358,2,0.8788665377650609,0.0195444594228194,2,0.6504737202764073,0.017263676320970738,2,0.0,0.0,2,0.7169135551818822,0.01098288431465025,2,0.7503383633231155,0.0083213009063106,2,0.5148185964890148,0.03127221868463651,2,0.0,0.0,2,0.3966447903243414,0.04319867743449928,2,0.44116344551841724,0.03648282179894816,2,0.0,0.0,2,0.6725323931610174,0.019304721140704872,2,0.6744003094240083,0.011466569971322914,2,0.8559253848748632,0.0588382941117309,2,0.393986089991936,0.008449537634006805,2,0.501349347389789,0.030831576375652182,2,0.7562000000000001,0.018384776310850254,2,0.74,0.028284271247461926,2,0.66,0.028284271247461926,2,0,14.2
half_sphere_rotation,0.5,0.05,15,3,0.8,0.7229319081400898,0.02344598190132394,2,0.7030525410916215,0.02139849070012185,2,0.6021461141707133,0.028917991407911084,2,0.8074450076153592,0.050702061293169585,2,3.69,0.05656854249492385,2,0.4493336232567672,0.024572643089998392,2,0.44905200361345365,0.02355988264301363,2,0.5040754977175325,0.03490999712454812,2,0.8122139197489038,0.018417777191826995,2,0.8643859437983451,0.021881419254382577,2,0.6280677572743875,0.017121874190701148,2,0.0,0.0,2,0.6997844784864914,0.01381526290766154,2,0.7426551111706661,0.01808545441997372,2,0.4543512520587894,0.006910681044597443,2,0.0,0.0,2,0.34868088263138214,0.07521724945048033,2,0.3909854502992075,0.08265517265646079,2,0.0,0.0,2,0.7007383763813697,0.01664076257753648,2,0.7006997910817991,0.002202243478498838,2,0.8588040695021045,0.0605508304657036,2,0.41051723976491417,0.0067687794289360195,2,0.5030322853073255,0.03182268166031671,2,0.7414,0.022910259710444286,2,0.74,0.028284271247461926,2,0.64,0.0,2,0,20.0
half_sphere_rotation,0.5,0.05,15,3,0.9,0.7249964709577748,0.023592202429949468,2,0.7050664814246619,0.021707056653985767,2,0.6051517576013012,0.02919167674909171,2,0.8074450076153592,0.050702061293169585,2,4.0,0.0,2,0.4507791179291575,0.0260906173545195,2,0.4511899749142872,0.026413724227572082,2,0.5061097043840259,0.0320331944681233,2,0.799497340231224,0.01813778043256436,2,0.8468494029185683,0.01888751608916535,2,0.5984182582720297,0.01175199186140629,2,0.0,0.0,2,0.6879862642749597,0.017454690797860245,2,0.7287538984722836,0.005718170245139211,2,0.42403257409529116,0.026608020860607623,2,0.0,0.0,2,0.34594555691370943,0.07082531498649304,2,0.38776378422339236,0.06731347579792424,2,0.0,0.0,2,0.6991535376899279,0.017029855761228806,2,0.7004316507990951,0.002581451102917468,2,0.8588040695021045,0.0605508304657036,2,0.409587877787006,0.007003485181916402,2,0.5030322853073255,0.03182268166031671,2,0.7431999999999999,0.023193102422918756,2,0.74,0.028284271247461926,2,0.658,0.02545584412271573,2,0,22.0
half_sphere_rotation,0.5,0.05,25,3,0.8,0.6904662970655908,0.021803130260088704,2,0.6706450685273773,0.01777954759954627,2,0.5692464861351365,0.026034038579397754,2,0.7499282451780648,0.031910454551177074,2,3.85,0.028284271247461926,2,0.4159538152616975,0.020148634335466424,2,0.4128942983173238,0.022971843955471236,2,0.4750642779951071,0.006983379633746588,2,0.8306448041059424,0.0034148484564647313,2,0.8830301799987943,0.006574456661637614,2,0.6576791861710841,0.04688553400454102,2,0.0,0.0,2,0.7191007485202474,0.0034062400750106275,2,0.7603187853738149,0.0021691092456794787,2,0.45130941273989833,0.02167981197397449,2,0.0,0.0,2,0.39847455282873995,0.05512154135716268,2,0.43784748929485606,0.05358966252083627,2,0.0,0.0,2,0.7406394430837908,0.022175226585455565,2,0.7539974199350926,0.005394508570613888,2,0.900977425407272,0.05866735069883973,2,0.4338829351029624,0.00984161158940234,2,0.5277450597749883,0.030539780346509806,2,0.7371999999999999,0.01866761902332488,2,0.74,0.028284271247461926,2,0.658,0.02545584412271573,2,0,15.6
half_sphere_rotation,0.5,0.05,25,3,0.9,0.6904662970655908,0.021803130260088704,2,0.6706450685273773,0.01777954759954627,2,0.5692464861351365,0.026034038579397754,2,0.7499282451780648,0.031910454551177074,2,4.0,0.0,2,0.4159538152616975,0.020148634335466424,2,0.4128942983173238,0.022971843955471236,2,0.4750642779951071,0.006983379633746588,2,0.8253953409235015,0.0008091416034560986,2,0.8746097240550381,0.001302103930124841,2,0.6486389051130785,0.04545598956533835,2,0.0,0.0,2,0.7131473526926373,6.270415062339627e-05,2,0.762144058508382,0.009093150027308818,2,0.44115782828264755,0.01022655615356015,2,0.0,0.0,2,0.3964746313843214,0.056921767793142536,2,0.4354217590181687,0.058870570693209175,2,0.0,0.0,2,0.7406394430837908,0.022175226585455565,2,0.7539974199350926,0.005394508570613888,2,0.900977425407272,0.05866735069883973,2,0.4338829351029624,0.00984161158940234,2,0.5277450597749883,0.030539780346509806,2,0.7371999999999999,0.01866761902332488,2,0.74,0.028284271247461926,2,0.658,0.02545584412271573,2,0,16.6
half_sphere_rotation,0.5,0.15,15,3,0.8,0.7129876118463165,0.025422555917499944,2,0.693793663408812,0.02191215592106982,2,0.5932641667934246,0.030247596080073675,2,0.7618865587629868,0.04739274684256211,2,3.74,0.05656854249492338,2,0.444094829821994,0.023591551334221254,2,0.44597744423293784,0.02621746075198928,2,0.5042415120551783,0.03311800409058268,2,0.8104203190559138,0.014991831890883104,2,0.8574529962172387,0.0072895601309482284,2,0.617808153276699,0.03396350318187498,2,0.0,0.0,2,0.7075471441361838,0.01967551374030074,2,0.7433452330240555,0.0019862570621715756,2,0.48275618011311444,0.03760492548470705,2,0.0,0.0,2,0.34943884424816496,0.06888664943338246,2,0.3928326241597435,0.0691185731100833,2,0.0,0.0,2,0.711008560275215,0.01945285326147146,2,0.7166018803499037,0.01481989984413854,2,0.8722421375127505,0.03749864530521103,2,0.41652841316832406,0.00837265591618502,2,0.5109544877182367,0.018259571783544835,2,0.7392000000000001,0.02715290039756369,2,0.74,0.028284271247461926,2,0.658,0.02545584412271573,2,0,20.5
half_sphere_rotation,0.5,0.15,15,3,0.9,0.7147677369210594,0.025118678697658013,2,0.6954877886358242,0.02155748295707671,2,0.5953756567987308,0.029893940499929515,2,0.7618865587629868,0.04739274684256211,2,4.0,0.0,2,0.44347644860083674,0.023522433258606174,2,0.44280525713993657,0.020363223522384632,2,0.5046186850108976,0.039678177303217745,2,0.7996211587735488,0.012222390875615713,2,0.8406528565098927,0.012218383017639287,2,0.5790946576658111,0.07139212535662431,2,0.0,0.0,2,0.6966679466413823,0.01825382711990453,2,0.7358175315882303,0.0025308091224544504,2,0.44747076546802594,0.006249802935798826,2,0.0,0.0,2,0.34622791316117996,0.06499980557817729,2,0.38674057524783684,0.06427035797996017,2,0.0,0.0,2,0.7100673540761098,0.019155124006051204,2,0.7166018803499037,0.01481989984413854,2,0.8722421375127505,0.03749864530521103,2,0.4159776071047673,0.008202224296643823,2,0.5109544877182367,0.018259571783544835,2,0.7392000000000001,0.029415642097360396,2,0.74,0.028284271247461926,2,0.658,0.02545584412271573,2,0,21.5
half_sphere_rotation,0.5,0.15,25,3,0.8,0.6698745328214069,0.02292463047035456,2,0.6502316928453556,0.018127671055178554,2,0.5488038438075269,0.0259862467726652,2,0.706587464834636,0.03734046526965501,2,3.8,0.0,2,0.40811224867237317,0.020242756163280393,2,0.4064474203555335,0.017634896763315512,2,0.469825844063607,0.028652114609626377,2,0.8441216283536122,0.002412287163599053,2,0.8839708046440836,0.009759721260087086,2,0.6508552393922926,0.0499512797112246,2,0.0,0.0,2,0.7208534773936933,0.013416553737556323,2,0.7719922492110471,0.0048102724382197305,2,0.4710786621258637,0.04900907491556955,2,0.0,0.0,2,0.41180284401297373,0.043373305775176306,2,0.4489471783096235,0.04695920400589052,2,0.0,0.0,2,0.7550105123960238,0.01992680435918577,2,0.7655474962301704,0.018559263977902148,2,0.9394010286756582,0.06599896552835202,2,0.44230752208250257,0.008463161268827166,2,0.550241307965702,0.034671822419251604,2,0.7327999999999999,0.01527350647362951,2,0.73,0.014142135623730963,2,0.64,0.0,2,0,15.2
half_sphere_rotation,0.5,0.15,25,3,0.9,0.6698745328214069,0.02292463047035456,2,0.6502316928453556,0.018127671055178554,2,0.5488038438075269,0.0259862467726652,2,0.706587464834636,0.03734046526965501,2,4.0,0.0,2,0.40811224867237317,0.020242756163280393,2,0.4064474203555335,0.017634896763315512,2,0.469825844063607,0.028652114609626377,2,0.8330709766808989,0.0028107110405341997,2,0.870046068316081,0.007265533751911282,2,0.632717187326171,0.06930532072140133,2,0.0,0.0,2,0.7149027651995683,0.017170596019491193,2,0.7599180600219729,0.008655778303768177,2,0.5002501874529197,0.007754308162936623,2,0.0,0.0,2,0.4036531412659209,0.04318145481653505,2,0.4417921667495809,0.04681758567991254,2,0.0,0.0,2,0.7550105123960238,0.01992680435918577,2,0.7655474962301704,0.018559263977902148,2,0.9394010286756582,0.06599896552835202,2,0.44230752208250257,0.008463161268827166,2,0.550241307965702,0.034671822419251604,2,0.7327999999999999,0.01527350647362951,2,0.73,0.014142135623730963,2,0.64,0.0,2,0,15.6
half_sphere_rotation,0.5,0.3,15,3,0.8,0.7018261716138384,0.022530425316945227,2,0.6828720944439384,0.01940154607406492,2,0.5828209599437622,0.028600300077143846,2,0.767619463786321,0.0495456007262391,2,3.7,0.07071067811865465,2,0.4404177881590955,0.02280368019919973,2,0.43911222691497387,0.02331559074714309,2,0.4877847613164443,0.02454227563877491,2,0.8162888589749404,0.007800851319307019,2,0.8490497372486383,0.002726002849473937,2,0.6363924723788381,0.008178097267754657,2,0.0,0.0,2,0.7382518253405206,0.022258038199842317,2,0.7636904524373574,0.0072756393134028995,2,0.5060948861335813,0.07561759058051122,2,0.0,0.0,2,0.35544321696091696,0.051712661588836736,2,0.39905559022723586,0.051558270240080036,2,0.0,0.0,2,0.7212685701934871,0.018571177594283426,2,0.7320745370637324,0.015489873546394247,2,0.8768880144694928,0.03714010654759475,2,0.4225414820703079,0.007812450592232442,2,0.5136772034265554,0.018029746365317987,2,0.7370000000000001,0.014424978336205511,2,0.74,0.028284271247461926,2,0.64,0.0,2,0,18.6
half_sphere_rotation,0.5,0.3,15,3,0.9,0.7022455473989054,0.023029523355462378,2,0.6832333858435171,0.019815437033586347,2,0.5832210539165145,0.02910700206241981,2,0.767619463786321,0.0495456007262391,2,4.0,0.0,2,0.44058588043202385,0.02330218253707606,2,0.43957949488765635,0.02397640745137324,2,0.49024103472709535,0.027023129530881592,2,0.8072844657636964,0.009466308781853863,2,0.8376987634629578,0.005304353914196956,2,0.6373767840773448,0.0050547876467204895,2,0.0,0.0,2,0.7236807387134014,0.02008105336402783,2,0.7621695129922206,0.00470890223819108,2,0.48480708354433394,0.08427855189567288,2,0.0,0.0,2,0.3526445566559543,0.051894685321917745,2,0.3866484665661376,0.06050746727893478,2,0.0,0.0,2,0.7210076992376513,0.018762550904748872,2,0.7313703974668543,0.016485677314103175,2,0.8768880144694928,0.03714010654759475,2,0.4223882344606208,0.007925683183710558,2,0.5136772034265554,0.018029746365317987,2,0.7376,0.01357645019878163,2,0.74,0.028284271247461926,2,0.64,0.0,2,0,20.0
half_sphere_rotation,0.5,0.3,25,3,0.8,0.6590157301933699,0.024922644881218096,2,0.638716457365704,0.020057091147855824,2,0.5369983061221568,0.03289901547901441,2,0.6900562330624337,0.060775464767653074,2,3.6100000000000003,0.2545584412271569,2,0.3910953944972076,0.02868365099712594,2,0.3934832316018584,0.029335309485817168,2,0.4418539897652293,0.03787954756157558,2,0.8491824774987528,0.02954494901104581,2,0.8912490931866299,0.040071616874093906,2,0.6712432284871148,0.0031630483214044737,2,0.0,0.0,2,0.7503953783579298,0.006947604227807777,2,0.792883024003874,0.01367801185066857,2,0.5540494210985794,0.014315458562230923,2,0.0,0.0,2,0.4165318145439387,0.052306725428270175,2,0.46278250502165946,0.05708959267053806,2,0.0,0.0,2,0.7654004127520653,0.02271904490614281,2,0.7733151566113494,0.014473899843816815,2,0.9324000533932206,0.06460127567960018,2,0.44838887787514736,0.01005489859276267,2,0.5461425090249281,0.0338827166490491,2,0.7311999999999999,0.01866761902332488,2,0.74,0.028284271247461926,2,0.658,0.02545584412271573,2,0,15.0
half_sphere_rotation,0.5,0.3,25,3,0.9,0.6590157301933699,0.024922644881218096,2,0.638716457365704,0.020057091147855824,2,0.5369983061221568,0.03289901547901441,2,0.6900562330624337,0.060775464767653074,2,4.0,0.0,2,0.3910953944972076,0.02868365099712594,2,0.3934832316018584,0.029335309485817168,2,0.4418539897652293,0.03787954756157558,2,0.8359780921722255,0.017183302564681993,2,0.8728928050706771,0.02450793022131308,2,0.668897788159377,0.00015390519981917818,2,0.0,0.0,2,0.735116031674143,0.010131810397499469,2,0.7793769565648582,0.005422451895913277,2,0.5250665983029139,0.05530335963571707,2,0.0,0.0,2,0.40563715019690183,0.03823742326449874,2,0.44931625895529226,0.04274620745642992,2,0.0,0.0,2,0.7654004127520653,0.02271904490614281,2,0.7733151566113494,0.014473899843816815,2,0.9324000533932206,0.06460127567960018,2,0.44838887787514736,0.01005489859276267,2,0.5461425090249281,0.0338827166490491,2,0.7311999999999999,0.01866761902332488,2,0.74,0.028284271247461926,2,0.658,0.02545584412271573,2,0,15.4
s_curve,0.2,0.05,15,3,0.8,0.8599013302555294,0.0050039106421660585,2,0.8434319162889373,0.004815479581219694,2,0.7595985702607732,0.010752305048335261,2,0.9473312403029643,0.012051801401991592,2,4.0,0.0,2,0.5670657284700027,0.007137884927239737,2,0.5674620597685053,0.011629491638490592,2,0.618736273503544,0.0035827466794052633,2,0.6984891996103064,0.031828725414858525,2,0.7433426489065971,0.023298271618339392,2,0.4162433273485975,0.06850431188942079,2,0.0,0.0,2,0.6301271746942092,0.002965215154342717,2,0.6437531168390089,0.005639150644983665,2,0.4284911486400534,0.002994693043498356,2,0.0,0.0,2,0.11440183077830357,0.02242497907950968,2,0.1394422529099752,0.049106719824119335,2,0.0,0.0,2,0.4058995584329585,0.000515183290812314,2,0.4026263588986584,0.0057090040082549654,2,0.5315238106608984,0.00458578793551075,2,0.24369319915589158,0.005760630301258956,2,0.319154579914657,0.01070181161496544,2,0.8435999999999999,0.0022627416997970167,2,0.84,0.0,2,0.78,0.028284271247461926,2,0,22.7
s_curve,0.2,0.05,15,3,0.9,0.8599013302555294,0.0050039106421660585,2,0.8434319162889373,0.004815479581219694,2,0.7595985702607732,0.010752305048335261,2,0.9473312403029643,0.012051801401991592,2,4.0,0.0,2,0.5670657284700027,0.007137884927239737,2,0.5674620597685053,0.011629491638490592,2,0.618736273503544,0.0035827466794052633,2,0.6984891996103064,0.031828725414858525,2,0.7433426489065971,0.023298271618339392,2,0.4162433273485975,0.06850431188942079,2,0.0,0.0,2,0.6301271746942092,0.002965215154342717,2,0.6437531168390089,0.005639150644983665,2,0.4284911486400534,0.002994693043498356,2,0.0,0.0,2,0.11440183077830357,0.02242497907950968,2,0.1394422529099752,0.049106719824119335,2,0.0,0.0,2,0.4058995584329585,0.000515183290812314,2,0.4026263588986584,0.0057090040082549654,2,0.5315238106608984,0.00458578793551075,2,0.24369319915589158,0.005760630301258956,2,0.319154579914657,0.01070181161496544,2,0.8435999999999999,0.0022627416997970167,2,0.84,0.0,2,0.78,0.028284271247461926,2,0,22.7
s_curve,0.2,0.05,25,3,0.8,0.8369877799436585,0.006620981282504834,2,0.8204005263492654,0.0064072461504756095,2,0.7351401641091363,0.010141174377570202,2,0.9147192611752109,0.01093109355023364,2,4.0,0.0,2,0.5599595562092345,0.009388111499956754,2,0.5603737840194166,0.015039187267228346,2,0.6081782314340441,0.003193163293267457,2,0.7434679861442588,0.0022139761075602956,2,0.8159319376810258,0.03761577373774,2,0.4532270005994395,0.016887161497694265,2,0.0,0.0,2,0.6331435529240951,0.004602372299585451,2,0.6467329391844494,0.015027525131303282,2,0.45004485896637214,0.006134770046876828,2,0.0,0.0,2,0.14023725319961844,0.030824549078871548,2,0.16464372336711897,0.06183982588098424,2,0.0,0.0,2,0.42743677868788843,0.0027802669895735125,2,0.424184031469695,0.010981731294869703,2,0.5540547232036506,0.014023216203991449,2,0.25660694221982727,0.004722776044211966,2,0.33275242486307954,0.016704860093201258,2,0.8403999999999999,0.0033941125496953686,2,0.84,0.0,2,0.76,0.0,2,0,16.7
s_curve,0.2,0.05,25,3,0.9,0.8369877799436585,0.006620981282504834,2,0.8204005263492654,0.0064072461504756095,2,0.7351401641091363,0.010141174377570202,2,0.9147192611752109,0.01093109355023364,2,4.0,0.0,2,0.5599595562092345,0.009388111499956754,2,0.5603737840194166,0.015039187267228346,2,0.6081782314340441,0.003193163293267457,2,0.7434679861442588,0.0022139761075602956,2,0.8159319376810258,0.03761577373774,2,0.4532270005994395,0.016887161497694265,2,0.0,0.0,2,0.6331435529240951,0.004602372299585451,2,0.6467329391844494,0.015027525131303282,2,0.45004485896637214,0.006134770046876828,2,0.0,0.0,2,0.14023725319961844,0.030824549078871548,2,0.16464372336711897,0.06183982588098424,2,0.0,0.0,2,0.42743677868788843,0.0027802669895735125,2,0.424184031469695,0.010981731294869703,2,0.5540547232036506,0.014023216203991449,2,0.25660694221982727,0.004722776044211966,2,0.33275242486307954,0.016704860093201258,2,0.8403999999999999,0.0033941125496953686,2,0.84,0.0,2,0.76,0.0,2,0,16.7
s_curve,0.2,0.15,15,3,0.8,0.8526781920600175,0.0051712298963813245,2,0.8364984739665569,0.0051768747048023854,2,0.7526346817908254,0.012308439091944741,2,0.9323817584640381,0.0022292280200723706,2,4.0,0.0,2,0.5666495505582279,0.011389084975690347,2,0.5668723400301867,0.009825047385005265,2,0.6201762976812017,0.0001322497260332663,2,0.710430166463768,0.011331931305205342,2,0.7683621688397324,0.0004502501373440766,2,0.41804111210265166,0.11627770889778108,2,0.0,0.0,2,0.6490627270524718,0.0025871266922807452,2,0.6625744612493576,0.00219548623520579,2,0.4319138003045395,0.02265984861901344,2,0.0,0.0,2,0.11804207740928388,0.02515462993332973,2,0.14303104893654203,0.057369521774385826,2,0.0,0.0,2,0.41270276419871865,8.587509045310101e-05,2,0.4091689667711536,0.003343083286997518,2,0.541099441428102,0.012553342511512881,2,0.24778096936216698,0.006120118726226951,2,0.3249632442056224,0.015628629144236714,2,0.8448,0.0028284271247460747,2,0.84,0.0,2,0.78,0.028284271247461926,2,0,20.9
s_curve,0.2,0.15,15,3,0.9,0.8526781920600175,0.0051712298963813245,2,0.8364984739665569,0.0051768747048023854,2,0.7526346817908254,0.012308439091944741,2,0.9323817584640381,0.0022292280200723706,2,4.0,0.0,2,0.5666495505582279,0.011389084975690347,2,0.5668723400301867,0.009825047385005265,2,0.6201762976812017,0.0001322497260332663,2,0.710430166463768,0.011331931305205342,2,0.7683621688397324,0.0004502501373440766,2,0.41804111210265166,0.11627770889778108,2,0.0,0.0,2,0.6490627270524718,0.0025871266922807452,2,0.6625744612493576,0.00219548623520579,2,0.4319138003045395,0.02265984861901344,2,0.0,0.0,2,0.11804207740928388,0.02515462993332973,2,0.14303104893654203,0.057369521774385826,2,0.0,0.0,2,0.41270276419871865,8.587509045310101e-05,2,0.4091689667711536,0.003343083286997518,2,0.541099441428102,0.012553342511512881,2,0.24778096936216698,0.006120118726226951,2,0.3249632442056224,0.015628629144236714,2,0.8448,0.0028284271247460747,2,0.84,0.0,2,0.78,0.028284271247461926,2,0,20.9
s_curve,0.2,0.15,25,3,0.8,0.8255266790217416,0.004645910734492516,2,0.8090748647959153,0.0051350802767814495,2,0.7230346397902372,0.011645205519304236,2,0.8970594854731508,0.02207314225122639,2,4.0,0.0,2,0.5573416104421522,0.007182042532005561,2,0.5583755011728413,0.009670650475227836,2,0.6076557629750762,0.00072159389227367,2,0.7368808814042812,0.008432644902977064,2,0.823077726412327,0.0154079479740953,2,0.3791619094779697,0.03641697224641962,2,0.0,0.0,2,0.6373736370940347,0.005688811393204219,2,0.6554205091364174,0.014289721193164094,2,0.4546544355255587,0.031013581401266487,2,0.0,0.0,2,0.13970240284762958,0.0388195157052168,2,0.16123339121362482,0.06803090337925277,2,0.0,0.0,2,0.43827079960831816,0.00255007051010794,2,0.4354676213952505,0.004538768523350526,2,0.5653255110391119,0.025371123306073967,2,0.2631132749715942,0.005022998247218753,2,0.3396041157811306,0.023686549146940943,2,0.8436,0.0033941125496953686,2,0.84,0.0,2,0.76,0.0,2,0,17.1
s_curve,0.2,0.15,25,3,0.9,0.8255266790217416,0.004645910734492516,2,0.8090748647959153,0.0051350802767814495,2,0.7230346397902372,0.011645205519304236,2,0.8970594854731508,0.02207314225122639,2,4.0,0.0,2,0.5573416104421522,0.007182042532005561,2,0.5583755011728413,0.009670650475227836,2,0.6076557629750762,0.00072159389227367,2,0.7368808814042812,0.008432644902977064,2,0.823077726412327,0.0154079479740953,2,0.3791619094779697,0.03641697224641962,2,0.0,0.0,2,0.6373736370940347,0.005688811393204219,2,0.6554205091364174,0.014289721193164094,2,0.4546544355255587,0.031013581401266487,2,0.0,0.0,2,0.13970240284762958,0.0388195157052168,2,0.16123339121362482,0.06803090337925277,2,0.0,0.0,2,0.43827079960831816,0.00255007051010794,2,0.4354676213952505,0.004538768523350526,2,0.5653255110391119,0.025371123306073967,2,0.2631132749715942,0.005022998247218753,2,0.3396041157811306,0.023686549146940943,2,0.8436,0.0033941125496953686,2,0.84,0.0,2,0.76,0.0,2,0,17.1
s_curve,0.2,0.3,15,3,0.8,0.847934815178148,0.006964101604709743,2,0.8320569312079662,0.007033915616042596,2,0.7474356294241358,0.009569028598765954,2,0.9339659278878929,0.022958931830939906,2,4.0,0.0,2,0.5649428086147551,0.008001749576463303,2,0.5660599817883226,0.009636475756421906,2,0.6199922079724653,0.0003806505418348354,2,0.7171415980495311,0.015585328709576476,2,0.7647463192327247,8.151901219339637e-05,2,0.39373239680522437,0.09299664941159319,2,0.0,0.0,2,0.6680239914241732,0.005701778460191917,2,0.682078945590774,0.004853814907601678,2,0.5002441954495307,0.01785484820325081,2,0.0,0.0,2,0.1259707536812095,0.028946381263280446,2,0.15213325110039216,0.04244709690594224,2,0.0,0.0,2,0.4177931585793783,0.002345092307906152,2,0.4080692329840362,0.00324163720673701,2,0.551563739973844,0.008451914036685252,2,0.25082028640070114,0.0048398360182409506,2,0.33121521204857474,0.013322668612764463,2,0.8398000000000001,0.0036769552621699563,2,0.84,0.0,2,0.76,0.0,2,0,20.7
s_curve,0.2,0.3,15,3,0.9,0.847934815178148,0.006964101604709743,2,0.8320569312079662,0.007033915616042596,2,0.7474356294241358,0.009569028598765954,2,0.9339659278878929,0.022958931830939906,2,4.0,0.0,2,0.5649428086147551,0.008001749576463303,2,0.5660599817883226,0.009636475756421906,2,0.6199922079724653,0.0003806505418348354,2,0.7171415980495311,0.015585328709576476,2,0.7647463192327247,8.151901219339637e-05,2,0.39373239680522437,0.09299664941159319,2,0.0,0.0,2,0.6680239914241732,0.005701778460191917,2,0.682078945590774,0.004853814907601678,2,0.5002441954495307,0.01785484820325081,2,0.0,0.0,2,0.1259707536812095,0.028946381263280446,2,0.15213325110039216,0.04244709690594224,2,0.0,0.0,2,0.4177931585793783,0.002345092307906152,2,0.4080692329840362,0.00324163720673701,2,0.551563739973844,0.008451914036685252,2,0.25082028640070114,0.0048398360182409506,2,0.33121521204857474,0.013322668612764463,2,0.8398000000000001,0.0036769552621699563,2,0.84,0.0,2,0.76,0.0,2,0,20.7
s_curve,0.2,0.3,25,3,0.8,0.8186628503765412,0.01162723621101397,2,0.802700965934545,0.01162422597892876,2,0.7157182514249848,0.005114558253869809,2,0.8826199438321114,0.010414266685174997,2,4.0,0.0,2,0.5587232055989881,0.005198002191053512,2,0.5580824252382863,0.009050913241996583,2,0.6088731255673163,0.0020465466566268083,2,0.7421871601811894,0.012891530970685927,2,0.7972150984135243,0.02678167215126339,2,0.43846650628414796,0.010866635760265366,2,0.0,0.0,2,0.6534732680665157,0.013663779704712052,2,0.6611022810678286,0.004450049304115033,2,0.5141925398510507,0.0005499351166917113,2,0.0,0.0,2,0.14288738172625137,0.04467518266827094,2,0.16843426928077407,0.0725499577416831,2,0.0,0.0,2,0.4463803509837845,0.0055848407525118,2,0.4419876743277348,0.01251875533090093,2,0.5757873690903357,0.013734031986309072,2,0.2679594574317159,0.0033222324909591753,2,0.34579827313551037,0.016856233784147353,2,0.8406,0.0031112698372209374,2,0.84,0.0,2,0.76,0.0,2,0,15.9
s_curve,0.2,0.3,25,3,0.9,0.8186628503765412,0.01162723621101397,2,0.802700965934545,0.01162422597892876,2,0.7157182514249848,0.005114558253869809,2,0.8826199438321114,0.010414266685174997,2,4.0,0.0,2,0.5587232055989881,0.005198002191053512,2,0.5580824252382863,0.009050913241996583,2,0.6088731255673163,0.0020465466566268083,2,0.7421871601811894,0.012891530970685927,2,0.7972150984135243,0.02678167215126339,2,0.43846650628414796,0.010866635760265366,2,0.0,0.0,2,0.6534732680665157,0.013663779704712052,2,0.6611022810678286,0.004450049304115033,2,0.5141925398510507,0.0005499351166917113,2,0.0,0.0,2,0.14288738172625137,0.04467518266827094,2,0.16843426928077407,0.0725499577416831,2,0.0,0.0,2,0.4463803509837845,0.0055848407525118,2,0.4419876743277348,0.01251875533090093,2,0.5757873690903357,0.013734031986309072,2,0.2679594574317159,0.0033222324909591753,2,0.34579827313551037,0.016856233784147353,2,0.8406,0.0031112698372209374,2,0.84,0.0,2,0.76,0.0,2,0,15.9
s_curve,0.35,0.05,15,3,0.8,0.7533486561445067,0.012927198707177208,2,0.7333891854093457,0.01297200554323257,2,0.6373648638845868,0.003063776004980283,2,0.8498453936732904,0.041185653360766565,2,3.9400000000000004,0.01414213562373112,2,0.5150251261998127,0.00030239248716418016,2,0.5163150618585137,0.002486975755269146,2,0.573998088360192,0.003570401884616517,2,0.7151040680400109,0.01273081494783196,2,0.7775637442468554,0.014806094816092796,2,0.4059974490323146,0.05358027163171147,2,0.0,0.0,2,0.6573820384740419,0.007292767179259849,2,0.6866152918064761,0.0032806653171133775,2,0.3638135953436774,0.005439844872462436,2,0.0,0.0,2,0.1371594266262234,0.022768813278920125,2,0.16366700764273667,0.031888791819201276,2,0.0,0.0,2,0.602408697313364,0.005489250746429516,2,0.5986361783103114,0.013532597571797606,2,0.7884378082264084,0.004783196390453327,2,0.36163765253125535,0.005712916774248488,2,0.4733324984338333,0.00891875641923427,2,0.7667999999999999,0.0005656854249491757,2,0.76,0.0,2,0.68,0.0,2,0,20.4
s_curve,0.35,0.05,15,3,0.9,0.7533486561445067,0.012927198707177208,2,0.7333891854093457,0.01297200554323257,2,0.6373648638845868,0.003063776004980283,2,0.8498453936732904,0.041185653360766565,2,4.0,0.0,2,0.5150251261998127,0.00030239248716418016,2,0.5163150618585137,0.002486975755269146,2,0.573998088360192,0.003570401884616517,2,0.7111852879617611,0.010099241812610795,2,0.7758137209809497,0.012331188178980533,2,0.3973676157301673,0.04137584433479577,2,0.0,0.0,2,0.6584538123949943,0.003049881097820399,2,0.6903146213954117,0.0031405306175837215,2,0.3638135953436774,0.005439844872462436,2,0.0,0.0,2,0.13586230158693505,0.02049632937756322,2,0.16498793145238388,0.0337568601856659,2,0.0,0.0,2,0.602408697313364,0.005489250746429516,2,0.5986361783103114,0.013532597571797606,2,0.7884378082264084,0.004783196390453327,2,0.36163765253125535,0.005712916774248488,2,0.4733324984338333,0.00891875641923427,2,0.7667999999999999,0.0005656854249491757,2,0.76,0.0,2,0.68,0.0,2,0,21.0
s_curve,0.35,0.05,25,3,0.8,0.7222611210284298,0.015531385786113783,2,0.7014116495892495,0.015450314880119472,2,0.6000608998913696,0.0027048523915208177,2,0.7610838202145616,0.007897302863312453,2,4.0,0.0,2,0.48996553723790154,0.005419431140390206,2,0.4858113020228314,0.0001382220445644277,2,0.5471358019056526,0.016367798043247412,2,0.7549815682246985,0.029657361287077924,2,0.8163939218806681,0.04327086916517426,2,0.48688059321656685,0.06045978798714086,2,0.0,0.0,2,0.6525718416817923,0.005488445572154416,2,0.6845009517739302,0.004029953556998071,2,0.4118070148763852,0.014000502983265547,2,0.0,0.0,2,0.16158827612659893,0.051010376855322705,2,0.19737345808076523,0.07631176443929047,2,0.0,0.0,2,0.6390115553517531,0.008766685167922393,2,0.6388424433280216,0.029344910672473697,2,0.8137968041765284,0.003612624024548396,2,0.3835890478243267,0.004292555647891549,2,0.48862050126557793,0.014338728466141669,2,0.7525999999999999,0.003111269837220741,2,0.76,0.0,2,0.658,0.02545584412271573,2,0,15.3
s_curve,0.35,0.05,25,3,0.9,0.7222611210284298,0.015531385786113783,2,0.7014116495892495,0.015450314880119472,2,0.6000608998913696,0.0027048523915208177,2,0.7610838202145616,0.007897302863312453,2,4.0,0.0,2,0.48996553723790154,0.005419431140390206,2,0.4858113020228314,0.0001382220445644277,2,0.5471358019056526,0.016367798043247412,2,0.7549815682246985,0.029657361287077924,2,0.8163939218806681,0.04327086916517426,2,0.48688059321656685,0.06045978798714086,2,0.0,0.0,2,0.6525718416817923,0.005488445572154416,2,0.6845009517739302,0.004029953556998071,2,0.4118070148763852,0.014000502983265547,2,0.0,0.0,2,0.16158827612659893,0.051010376855322705,2,0.19737345808076523,0.07631176443929047,2,0.0,0.0,2,0.6390115553517531,0.008766685167922393,2,0.6388424433280216,0.029344910672473697,2,0.8137968041765284,0.003612624024548396,2,0.3835890478243267,0.004292555647891549,2,0.48862050126557793,0.014338728466141669,2,0.7525999999999999,0.003111269837220741,2,0.76,0.0,2,0.658,0.02545584412271573,2,0,15.3
s_curve,0.35,0.15,15,3,0.8,0.7443680647419537,0.014565981965759063,2,0.7248287203389222,0.014791220278571039,2,0.626770872980616,0.005124946068942875,2,0.8112758285136781,0.023180629239835795,2,3.96,0.0,2,0.5110058788269882,0.010516014755824855,2,0.5104559505204098,0.008396721491244794,2,0.5658865861957878,0.009781865552781342,2,0.7137523480734409,0.01607102557677154,2,0.783963039303988,0.01961863063013992,2,0.41897599900477245,0.04722082381889829,2,0.0,0.0,2,0.6683799225428464,0.0061531776993355315,2,0.701153984083988,0.0075328139007438885,2,0.4312854682335928,0.08509732775713522,2,0.0,0.0,2,0.14630309651262702,0.02796986169014566,2,0.17131504004978282,0.058341665837166885,2,0.0,0.0,2,0.612304459167622,0.005008002048078521,2,0.6073238296886597,0.0154411474198612,2,0.7914517108989416,0.009001229667218879,2,0.36758254335223,0.006149836611224401,2,0.475245076304716,0.017239825318109976,2,0.7642000000000001,0.0008485281374237635,2,0.76,0.0,2,0.678,0.0028284271247461927,2,0,20.6
s_curve,0.35,0.15,15,3,0.9,0.7443680647419537,0.014565981965759063,2,0.7248287203389222,0.014791220278571039,2,0.626770872980616,0.005124946068942875,2,0.8112758285136781,0.023180629239835795,2,4.0,0.0,2,0.5110058788269882,0.010516014755824855,2,0.5104559505204098,0.008396721491244794,2,0.5658865861957878,0.009781865552781342,2,0.7127416416021322,0.015871552498205092,2,0.783963039303988,0.01961863063013992,2,0.41897599900477245,0.04722082381889829,2,0.0,0.0,2,0.6686585259328963,0.007562527494485812,2,0.701362311021056,0.0023272688708994016,2,0.4312854682335928,0.08509732775713522,2,0.0,0.0,2,0.14525729275387583,0.028026138148928355,2,0.17214222530608791,0.05984367474957501,2,0.0,0.0,2,0.612304459167622,0.005008002048078521,2,0.6073238296886597,0.0154411474198612,2,0.7914517108989416,0.009001229667218879,2,0.36758254335223,0.006149836611224401,2,0.475245076304716,0.017239825318109976,2,0.7642000000000001,0.0008485281374237635,2,0.76,0.0,2,0.678,0.0028284271247461927,2,0,20.8
s_curve,0.35,0.15,25,3,0.8,0.7083296432457657,0.011884737517166838,2,0.6879631512738144,0.012653473493604144,2,0.5846392979774326,0.006690842434125472,2,0.75653910252653,0.0025477192614059593,2,4.0,0.0,2,0.4826170687231408,0.008294397358362494,2,0.48091347908700255,0.005399952725563942,2,0.5353192399885627,0.00759036261860684,2,0.7418250545684688,0.021348795123897864,2,0.7949939968802111,0.021214875261502165,2,0.44216401276562856,0.07751864218845889,2,0.0,0.0,2,0.6576042456713134,0.004568144062747831,2,0.6915763322032503,0.008034079438606711,2,0.45809572558642975,0.008800479928089532,2,0.0,0.0,2,0.1593565036563609,0.05655528996132724,2,0.18190027913989187,0.07308024199323397,2,0.0,0.0,2,0.6535781750354182,0.006780177758576586,2,0.6577535581341669,0.01406257639564622,2,0.8235758162179989,0.0022019437586808964,2,0.3923495186850191,0.005703063476193699,2,0.4944482222150788,0.010993972407509546,2,0.7524000000000002,0.0016970562748477233,2,0.76,0.0,2,0.658,0.02545584412271573,2,0,16.3
s_curve,0.35,0.15,25,3,0.9,0.7083296432457657,0.011884737517166838,2,0.6879631512738144,0.012653473493604144,2,0.5846392979774326,0.006690842434125472,2,0.75653910252653,0.0025477192614059593,2,4.0,0.0,2,0.4826170687231408,0.008294397358362494,2,0.48091347908700255,0.005399952725563942,2,0.5353192399885627,0.00759036261860684,2,0.7418250545684688,0.021348795123897864,2,0.7949939968802111,0.021214875261502165,2,0.44216401276562856,0.07751864218845889,2,0.0,0.0,2,0.6576042456713134,0.004568144062747831,2,0.6915763322032503,0.008034079438606711,2,0.45809572558642975,0.008800479928089532,2,0.0,0.0,2,0.1593565036563609,0.05655528996132724,2,0.18190027913989187,0.07308024199323397,2,0.0,0.0,2,0.6535781750354182,0.006780177758576586,2,0.6577535581341669,0.01406257639564622,2,0.8235758162179989,0.0022019437586808964,2,0.3923495186850191,0.005703063476193699,2,0.4944482222150788,0.010993972407509546,2,0.7524000000000002,0.0016970562748477233,2,0.76,0.0,2,0.658,0.02545584412271573,2,0,16.3
s_curve,0.35,0.3,15,3,0.8,0.7369734820002409,0.016415282894276705,2,0.7178869188104924,0.016649618729442667,2,0.6184436906656419,0.0019891941548548855,2,0.7956331336117676,0.021515370109281444,2,3.965,0.007071067811865481,2,0.5083326942714012,0.0012543967693147446,2,0.5070958216048455,0.0008771608178093947,2,0.5636991340946667,0.0033748153512399176,2,0.7164502895396185,0.00017144320138181158,2,0.7610389087884931,0.016462232261026884,2,0.4187873861123499,0.0445503273290685,2,0.0,0.0,2,0.6892788325510641,0.012263234877234887,2,0.7111403072000735,0.008636261516699042,2,0.46783568381770546,0.014024343327682655,2,0.0,0.0,2,0.1439093952630131,0.036754304655380585,2,0.1749708754683308,0.06378101190414737,2,0.0,0.0,2,0.6198487166884661,0.007886189094364856,2,0.61153395886582,0.007291363635070639,2,0.8031806550595975,0.012542534401589242,2,0.37209050120157344,0.00453462789167089,2,0.48212590278310086,0.0044806151090141,2,0.7576000000000002,0.0016970562748476843,2,0.76,0.0,2,0.676,0.0,2,0,19.8
s_curve,0.35,0.3,15,3,0.9,0.7369734820002409,0.016415282894276705,2,0.7178869188104924,0.016649618729442667,2,0.6184436906656419,0.0019891941548548855,2,0.7956331336117676,0.021515370109281444,2,4.0,0.0,2,0.5083326942714012,0.0012543967693147446,2,0.5070958216048455,0.0008771608178093947,2,0.5636991340946667,0.0033748153512399176,2,0.715756201688334,8.63860515998622e-05,2,0.7610389087884931,0.016462232261026884,2,0.4187873861123499,0.0445503273290685,2,0.0,0.0,2,0.6882115626653322,0.014709459986451836,2,0.7111403072000735,0.008636261516699042,2,0.46783568381770546,0.014024343327682655,2,0.0,0.0,2,0.14367706593562796,0.036865058337850476,2,0.17463129487048856,0.06330077241716013,2,0.0,0.0,2,0.6198487166884661,0.007886189094364856,2,0.61153395886582,0.007291363635070639,2,0.8031806550595975,0.012542534401589242,2,0.37209050120157344,0.00453462789167089,2,0.48212590278310086,0.0044806151090141,2,0.7576000000000002,0.0016970562748476843,2,0.76,0.0,2,0.676,0.0,2,0,20.0
s_curve,0.35,0.3,25,3,0.8,0.7002208759395653,0.021778573042006,2,0.6803356518614705,0.02220366163538297,2,0.5743560145837903,0.0031470173772102715,2,0.7366552698705444,0.017928470778068875,2,4.0,0.0,2,0.4791208575268764,0.0012194735414824734,2,0.48026949548413034,0.004049188588349495,2,0.5375603381405816,0.005119659296862426,2,0.7420478352016533,0.013474121630040676,2,0.8090468622146679,0.025528751687562173,2,0.42824589366072063,0.036846911063158315,2,0.0,0.0,2,0.6796599959811633,0.005555876328995164,2,0.7159969376480713,0.003057127525041478,2,0.4943765096731475,0.01915667336930232,2,0.0,0.0,2,0.1589213969449485,0.06457324337702514,2,0.1835715342039817,0.10274302714759487,2,0.0,0.0,2,0.6652724130302247,0.009872881967404787,2,0.66312338617212,0.01477508635640928,2,0.8418458261814394,0.006625871268724462,2,0.3993474692681073,0.004021121331751507,2,0.5054833160332304,0.016567297895385993,2,0.7532,0.005656854249492542,2,0.76,0.0,2,0.66,0.028284271247461926,2,0,13.9
s_curve,0.35,0.3,25,3,0.9,0.7002208759395653,0.021778573042006,2,0.6803356518614705,0.02220366163538297,2,0.5743560145837903,0.0031470173772102715,2,0.7366552698705444,0.017928470778068875,2,4.0,0.0,2,0.4791208575268764,0.0012194735414824734,2,0.48026949548413034,0.004049188588349495,2,0.5375603381405816,0.005119659296862426,2,0.7420478352016533,0.013474121630040676,2,0.8090468622146679,0.025528751687562173,2,0.42824589366072063,0.036846911063158315,2,0.0,0.0,2,0.6796599959811633,0.005555876328995164,2,0.7159969376480713,0.003057127525041478,2,0.4943765096731475,0.01915667336930232,2,0.0,0.0,2,0.1589213969449485,0.06457324337702514,2,0.1835715342039817,0.10274302714759487,2,0.0,0.0,2,0.6652724130302247,0.009872881967404787,2,0.66312338617212,0.01477508635640928,2,0.8418458261814394,0.006625871268724462,2,0.3993474692681073,0.004021121331751507,2,0.5054833160332304,0.016567297895385993,2,0.7532,0.005656854249492542,2,0.76,0.0,2,0.66,0.028284271247461926,2,0,13.9
s_curve,0.5,0.05,15,3,0.8,0.7236054912155909,0.01700715575832721,2,0.7015871563892355,0.016975850972535934,2,0.5994891689991682,0.0010026022275352188,2,0.8146164261212081,0.03291572072342862,2,3.82,0.028284271247461926,2,0.4857036964818028,0.004381023048856429,2,0.4839361375762794,0.0010781317140932983,2,0.5553459899634725,0.013823838245656457,2,0.7359266529565756,0.0037246088484314704,2,0.7899791878793874,0.024398153079838582,2,0.413315378439912,0.026491304310992267,2,0.0,0.0,2,0.6794417507506043,0.0006526868916922621,2,0.7122946652681794,0.0004223272830198357,2,0.40632385571208574,0.036644639289000164,2,0.0,0.0,2,0.14492982605247978,0.030209499894505318,2,0.1684776464497842,0.0493198535710444,2,0.0,0.0,2,0.6837425858091807,0.012042898604440334,2,0.6820220000698705,0.015889983925077775,2,0.8479891817176921,0.023736944701516587,2,0.41042050596822177,0.002994478638068617,2,0.5089446831744987,0.00157029000696077,2,0.7404,0.0005656854249492934,2,0.76,0.0,2,0.64,0.0,2,0,20.6
s_curve,0.5,0.05,15,3,0.9,0.7235971948963795,0.01703483074141313,2,0.7015741250482918,0.017008278926520935,2,0.5995061477473604,0.0009556935860842036,2,0.8146164261212081,0.03291572072342862,2,4.0,0.0,2,0.4856174771881057,0.004257341342734377,2,0.4837978843917595,0.0009051770772870577,2,0.555388409799247,0.013883828952722384,2,0.7255129744588418,0.0022525305682328323,2,0.7897528847892474,0.020694514714224066,2,0.4184252181545196,0.03521007388227035,2,0.0,0.0,2,0.670733952129179,0.003247347193341099,2,0.712292577515782,0.002803794855773285,2,0.36744826353791904,0.015487773171433156,2,0.0,0.0,2,0.14469499744910386,0.0272562530009345,2,0.17006658292437013,0.03315925781663057,2,0.0,0.0,2,0.6836521808028347,0.011895607245434139,2,0.6820220000698705,0.015889983925077775,2,0.8479891817176921,0.023736944701516587,2,0.41036732924465824,0.003081558597067118,2,0.5089446831744987,0.00157029000696077,2,0.7402,0.0008485281374238814,2,0.76,0.0,2,0.64,0.0,2,0,20.8
s_curve,0.5,0.05,25,3,0.8,0.6909346300643853,0.021009362768682545,2,0.6670432591913225,0.021040434053271214,2,0.5561267463797626,0.0024212301019223043,2,0.7450353962368428,0.0018823869447318784,2,3.9450000000000003,0.021213203435596132,2,0.4443832281247747,0.005937061620436886,2,0.4400955662326397,0.003941819814445898,2,0.5055930674042761,0.017300499806648433,2,0.7560955081400704,0.04026204256422613,2,0.8188830706454862,0.04886446926391625,2,0.47032614618699264,0.09357374529497073,2,0.0,0.0,2,0.6721916295396686,0.007788523958177232,2,0.7159503001627833,0.0010274990359313211,2,0.41347611792747185,0.02327800655697005,2,0.0,0.0,2,0.16670560436686124,0.06882070629093684,2,0.197465044268299,0.10069039588336332,2,0.0,0.0,2,0.7328103189636147,0.015289562032307715,2,0.7410317420968711,0.026394526834389056,2,0.8993327885231042,0.0006352457056306961,2,0.4398558874741051,0.0017789953985940363,2,0.5399529811238946,0.0138302774856643,2,0.7232000000000001,0.006222539674441561,2,0.72,0.0,2,0.62,0.028284271247461926,2,0,15.2
s_curve,0.5,0.05,25,3,0.9,0.6909346300643853,0.021009362768682545,2,0.6670432591913225,0.021040434053271214,2,0.5561267463797626,0.0024212301019223043,2,0.7450353962368428,0.0018823869447318784,2,4.0,0.0,2,0.4443832281247747,0.005937061620436886,2,0.4400955662326397,0.003941819814445898,2,0.5055930674042761,0.017300499806648433,2,0.7535322338061813,0.040544403880393716,2,0.8170207628928621,0.046230768382842714,2,0.47032614618699264,0.09357374529497073,2,0.0,0.0,2,0.6707553163130842,0.00982215391901766,2,0.7141783601125998,0.0014784026147501629,2,0.39981253660516536,0.04260122857356354,2,0.0,0.0,2,0.16766524316578182,0.06651217266220785,2,0.19534551928510396,0.0936214749832658,2,0.0,0.0,2,0.7328103189636147,0.015289562032307715,2,0.7410317420968711,0.026394526834389056,2,0.8993327885231042,0.0006352457056306961,2,0.4398558874741051,0.0017789953985940363,2,0.5399529811238946,0.0138302774856643,2,0.7232000000000001,0.006222539674441561,2,0.72,0.0,2,0.62,0.028284271247461926,2,0,15.8
s_curve,0.5,0.15,15,3,0.8,0.7154565283405254,0.020890425386416677,2,0.6939510496413208,0.021087844308254475,2,0.588681834686024,0.0003456717874224612,2,0.7755713750767226,0.011832244704470805,2,3.84,0.01414213562373112,2,0.48379083921248456,0.013425260751106486,2,0.47958174062131964,0.011920464662494662,2,0.5485819990714335,0.02561921214061476,2,0.7173132150998716,0.005221583510844004,2,0.7627853769199976,0.02127807255329072,2,0.3997987383902341,0.010590932106305743,2,0.0,0.0,2,0.6810111979031882,0.011221636650722556,2,0.7145865163018204,0.01104759084851706,2,0.40212488060640017,0.012204529809423438,2,0.0,0.0,2,0.14675539754837605,0.03427894903138043,2,0.17159284328637858,0.061728643820908924,2,0.0,0.0,2,0.6936571942791878,0.011531849844132512,2,0.7006020445236343,0.01622096957435757,2,0.8561352098443238,0.019936583998438888,2,0.416376934882501,0.0034495718997223437,2,0.5138638730899598,0.0008332174084099529,2,0.7362,0.0036769552621699563,2,0.74,0.028284271247461926,2,0.64,0.0,2,0,20.8
s_curve,0.5,0.15,15,3,0.9,0.7154565283405254,0.020890425386416677,2,0.6939510496413208,0.021087844308254475,2,0.588681834686024,0.0003456717874224612,2,0.7755713750767226,0.011832244704470805,2,4.0,0.0,2,0.48379083921248456,0.013425260751106486,2,0.47958174062131964,0.011920464662494662,2,0.5485819990714335,0.02561921214061476,2,0.7102292400233067,0.007613098564376232,2,0.7590192004696883,0.02191025649625538,2,0.39237361689113626,9.022458001357182e-05,2,0.0,0.0,2,0.6764460704205417,0.010799477381163086,2,0.7115378853654964,0.006736175631697608,2,0.41592948466644064,0.0073181284754764864,2,0.0,0.0,2,0.14572845368842524,0.03461934204145554,2,0.17226158786002851,0.06599933963789556,2,0.0,0.0,2,0.6936571942791878,0.011531849844132512,2,0.7006020445236343,0.01622096957435757,2,0.8561352098443238,0.019936583998438888,2,0.416376934882501,0.0034495718997223437,2,0.5138638730899598,0.0008332174084099529,2,0.7362,0.0036769552621699563,2,0.74,0.028284271247461926,2,0.64,0.0,2,0,23.2
s_curve,0.5,0.15,25,3,0.8,0.6786242276952938,0.01688605220332259,2,0.6556639246373237,0.017493715210272404,2,0.5425161463451547,0.0017699492091252356,2,0.7238273918996617,0.000689954044593162,2,3.95,0.01414213562373112,2,0.4324820874667599,0.011008786618308092,2,0.4310765382709492,0.007082160607186057,2,0.4895647255588367,0.02114497977158383,2,0.7513160870644311,0.04441394033926113,2,0.798841355718463,0.03269540687742086,2,0.470458305916891,0.10165403479596985,2,0.0,0.0,2,0.6831325808575178,0.008541398631647367,2,0.7259598293537135,0.001378533560635431,2,0.41653411865873174,0.02096980151029102,2,0.0,0.0,2,0.16614347283344322,0.06624940207478394,2,0.196400391043426,0.10242400984842172,2,0.0,0.0,2,0.7440483685143359,0.011462569524575259,2,0.7549232526140297,0.02534731228584509,2,0.9066964004831162,0.003880261915808942,2,0.4466316877616211,0.004244731205446894,2,0.5443402391393446,0.011229340411596981,2,0.7203999999999999,0.0011313708498986261,2,0.72,0.0,2,0.62,0.028284271247461926,2,0,16.2
s_curve,0.5,0.15,25,3,0.9,0.6786242276952938,0.01688605220332259,2,0.6556639246373237,0.017493715210272404,2,0.5425161463451547,0.0017699492091252356,2,0.7238273918996617,0.000689954044593162,2,4.0,0.0,2,0.4324820874667599,0.011008786618308092,2,0.4310765382709492,0.007082160607186057,2,0.4895647255588367,0.02114497977158383,2,0.748948759739662,0.044748865038673535,2,0.7972137448683655,0.030393617538947308,2,0.47770295444201716,0.11189951499482954,2,0.0,0.0,2,0.6815607267214727,0.008078558065200254,2,0.7221492236210454,0.0014824002568793408,2,0.41653411865873174,0.02096980151029102,2,0.0,0.0,2,0.16540751275303728,0.06567470542151237,2,0.19584414221937269,0.10320249489329461,2,0.0,0.0,2,0.7440483685143359,0.011462569524575259,2,0.7549232526140297,0.02534731228584509,2,0.9066964004831162,0.003880261915808942,2,0.4466316877616211,0.004244731205446894,2,0.5443402391393446,0.011229340411596981,2,0.7203999999999999,0.0011313708498986261,2,0.72,0.0,2,0.62,0.028284271247461926,2,0,16.4
s_curve,0.5,0.3,15,3,0.8,0.7082931803900752,0.022711370762376188,2,0.6867294424450847,0.02275619107936116,2,0.57948507289008,0.003661415611024882,2,0.7740156619738205,0.004044511989569906,2,3.835,0.0212132034355966,2,0.47688352875769846,0.0017163840361147013,2,0.47848248401034055,0.0021475462896192693,2,0.54079500483664,0.0028344071392790147,2,0.7205589279896363,0.007377596383644917,2,0.7838240740380213,0.0036358161848927197,2,0.4069305464373705,0.09405182138322289,2,0.0,0.0,2,0.7026389224693212,0.020397847017815555,2,0.723892085377525,0.027695828170611603,2,0.45566707235248594,0.04259208059090514,2,0.0,0.0,2,0.148449131321305,0.04676920987837716,2,0.18036369624683427,0.07054211014522119,2,0.0,0.0,2,0.7010898219596569,0.01536287189285177,2,0.7043927946138859,0.01633976137741166,2,0.8547913586407672,0.012233112068556698,2,0.42081074707701754,0.0012606235393742616,2,0.5131146415046703,0.005438189891896907,2,0.7284,0.001697056274847527,2,0.72,0.0,2,0.638,0.0028284271247461927,2,0,19.8
s_curve,0.5,0.3,15,3,0.9,0.7082931803900752,0.022711370762376188,2,0.6867294424450847,0.02275619107936116,2,0.57948507289008,0.003661415611024882,2,0.7740156619738205,0.004044511989569906,2,4.0,0.0,2,0.47688352875769846,0.0017163840361147013,2,0.47848248401034055,0.0021475462896192693,2,0.54079500483664,0.0028344071392790147,2,0.7151706186360967,0.011083221223158416,2,0.7870863151113721,0.0009776893847703043,2,0.397870771552393,0.10686427789760522,2,0.0,0.0,2,0.6952738028888816,0.019883031328244035,2,0.7179748773426013,0.022749287056874703,2,0.4666242914927822,0.023509866699900638,2,0.0,0.0,2,0.14739314001098572,0.044709450020598174,2,0.17504059999353153,0.07155677399592625,2,0.0,0.0,2,0.7010898219596569,0.01536287189285177,2,0.7043927946138859,0.01633976137741166,2,0.8547913586407672,0.012233112068556698,2,0.42081074707701754,0.0012606235393742616,2,0.5131146415046703,0.005438189891896907,2,0.7284,0.001697056274847527,2,0.72,0.0,2,0.638,0.0028284271247461927,2,0,21.0
s_curve,0.5,0.3,25,3,0.8,0.6723418608547707,0.02714070875638908,2,0.649837736720524,0.027690657261146494,2,0.5336861363862324,0.00835951224021119,2,0.7103738444856169,0.021138637803266223,2,3.9450000000000003,0.007071067811865481,2,0.42861134421398306,0.002116869452390727,2,0.43142685150163684,0.0025432266256501437,2,0.48591785289358846,0.008149390080405348,2,0.7416310769742176,0.0162559202595876,2,0.788637487076964,0.007398890438378416,2,0.42905893526588906,0.012420081044625313,2,0.0,0.0,2,0.6984752204721899,0.0035072195004394683,2,0.7459266933962567,0.011276699495310167,2,0.4531991445691064,0.05269738731474083,2,0.0,0.0,2,0.1605558287390903,0.06883362903068307,2,0.1950157242270364,0.09975242276080797,2,0.0,0.0,2,0.7560635562112074,0.013651927871920896,2,0.7619164367086688,0.019636883103288035,2,0.9196821013178842,0.0030849673280018033,2,0.4538290870060306,0.0031099462665530524,2,0.5521887725938831,0.015605369444840662,2,0.7232000000000001,0.0028284271247463106,2,0.72,0.0,2,0.618,0.02545584412271573,2,0,17.2
s_curve,0.5,0.3,25,3,0.9,0.6723418608547707,0.02714070875638908,2,0.649837736720524,0.027690657261146494,2,0.5336861363862324,0.00835951224021119,2,0.7103738444856169,0.021138637803266223,2,4.0,0.0,2,0.42861134421398306,0.002116869452390727,2,0.43142685150163684,0.0025432266256501437,2,0.48591785289358846,0.008149390080405348,2,0.7396051029404411,0.016980268624327388,2,0.788637487076964,0.007398890438378416,2,0.42905893526588906,0.012420081044625313,2,0.0,0.0,2,0.6968417871968443,0.00399678329243858,2,0.7400911283255462,0.009476472440962091,2,0.4551322901728694,0.049963506583857335,2,0.0,0.0,2,0.16042522283763336,0.06841194255979394,2,0.19485169631086863,0.10041475900890864,2,0.0,0.0,2,0.7560635562112074,0.013651927871920896,2,0.7619164367086688,0.019636883103288035,2,0.9196821013178842,0.0030849673280018033,2,0.4538290870060306,0.0031099462665530524,2,0.5521887725938831,0.015605369444840662,2,0.7232000000000001,0.0028284271247463106,2,0.72,0.0,2,0.618,0.02545584412271573,2,0,17.4
swiss_roll,0.2,0.05,15,3,0.8,0.8173604166131986,0.010223656177755168,2,0.8072362590202786,0.012266524409546758,2,0.7420004663068502,0.021330077278618045,2,0.9016835368027954,0.014556095746720425,2,4.0,0.0,2,0.5420125418479735,0.006499879580442002,2,0.5461826735821292,0.00615978062960428,2,0.5846106395970395,0.008533221912153215,2,0.7477170712797239,0.014561510904540038,2,0.7986141029258871,0.020241903321182125,2,0.4912387680748719,0.02558726268442652,2,0.0,0.0,2,0.6233198530827365,0.01063537924148878,2,0.6446685270625878,0.021955177243842994,2,0.396290440447737,0.04124427075891743,2,0.0,0.0,2,0.2810176194028196,0.010223917879543472,2,0.2822401074782954,0.0034672444314856146,2,0.0,0.0,2,0.39836710351679955,0.01804065468959587,2,0.3916778862582319,0.02576778530677848,2,0.5146728507927569,0.007947734530087677,2,0.24341445437654563,0.0011998585952569085,2,0.31467039377749295,0.007843850005820505,2,0.8368,0.007919595949289362,2,0.84,0.0,2,0.76,0.0,2,0,21.9
swiss_roll,0.2,0.05,15,3,0.9,0.8173604166131986,0.010223656177755168,2,0.8072362590202786,0.012266524409546758,2,0.7420004663068502,0.021330077278618045,2,0.9016835368027954,0.014556095746720425,2,4.0,0.0,2,0.5420125418479735,0.006499879580442002,2,0.5461826735821292,0.00615978062960428,2,0.5846106395970395,0.008533221912153215,2,0.7477170712797239,0.014561510904540038,2,0.7986141029258871,0.020241903321182125,2,0.4912387680748719,0.02558726268442652,2,0.0,0.0,2,0.6233198530827365,0.01063537924148878,2,0.6446685270625878,0.021955177243842994,2,0.396290440447737,0.04124427075891743,2,0.0,0.0,2,0.2810176194028196,0.010223917879543472,2,0.2822401074782954,0.0034672444314856146,2,0.0,0.0,2,0.39836710351679955,0.01804065468959587,2,0.3916778862582319,0.02576778530677848,2,0.5146728507927569,0.007947734530087677,2,0.24341445437654563,0.0011998585952569085,2,0.31467039377749295,0.007843850005820505,2,0.8368,0.007919595949289362,2,0.84,0.0,2,0.76,0.0,2,0,21.9
swiss_roll,0.2,0.05,25,3,0.8,0.7958835701591358,0.010302162717479899,2,0.7855640616287718,0.012961143923431203,2,0.7186801016445473,0.023385756154846345,2,0.8726803803926755,0.005141884012147608,2,4.0,0.0,2,0.5339301479580565,0.0017706888800547904,2,0.5340366804315336,0.001120307316618356,2,0.5752119967223224,0.003318937757346906,2,0.8127208046375141,0.007744556129445722,2,0.8655911212993457,0.005810817489734888,2,0.576070426676389,0.016641522931880617,2,0.0,0.0,2,0.6401104802003192,0.00507224088618293,2,0.6636982164259032,0.011216003648781503,2,0.41707688740787996,0.02162420934708939,2,0.0,0.0,2,0.34499361380609694,0.012424540014869328,2,0.36685474854990374,0.014560512557531439,2,0.0,0.0,2,0.416879983013164,0.01722533986499325,2,0.41031356443036654,0.02069657295832382,2,0.5402141520722097,0.009055719003383915,2,0.2547467991892047,0.0002442337662563069,2,0.33027750909546433,0.007796700510841484,2,0.8355999999999999,0.0016970562748477233,2,0.84,0.0,2,0.76,0.0,2,0,17.3
swiss_roll,0.2,0.05,25,3,0.9,0.7958835701591358,0.010302162717479899,2,0.7855640616287718,0.012961143923431203,2,0.7186801016445473,0.023385756154846345,2,0.8726803803926755,0.005141884012147608,2,4.0,0.0,2,0.5339301479580565,0.0017706888800547904,2,0.5340366804315336,0.001120307316618356,2,0.5752119967223224,0.003318937757346906,2,0.8127208046375141,0.007744556129445722,2,0.8655911212993457,0.005810817489734888,2,0.576070426676389,0.016641522931880617,2,0.0,0.0,2,0.6401104802003192,0.00507224088618293,2,0.6636982164259032,0.011216003648781503,2,0.41707688740787996,0.02162420934708939,2,0.0,0.0,2,0.34499361380609694,0.012424540014869328,2,0.36685474854990374,0.014560512557531439,2,0.0,0.0,2,0.416879983013164,0.01722533986499325,2,0.41031356443036654,0.02069657295832382,2,0.5402141520722097,0.009055719003383915,2,0.2547467991892047,0.0002442337662563069,2,0.33027750909546433,0.007796700510841484,2,0.8355999999999999,0.0016970562748477233,2,0.84,0.0,2,0.76,0.0,2,0,17.3
swiss_roll,0.2,0.15,15,3,0.8,0.8090213248109475,0.00713504407924885,2,0.7992888771951261,0.0095035016601852,2,0.7338156171176471,0.018320828796092654,2,0.8836364861056738,0.00157531009107222,2,4.0,0.0,2,0.5418116028066878,0.004571620214077824,2,0.5415542434015239,0.006275933625350918,2,0.5856185349198135,0.008921607561000845,2,0.7609489893133845,0.01324267531015744,2,0.8196712433701763,0.0074923162366730125,2,0.5433027374769591,0.027416989752846975,2,0.0,0.0,2,0.648010500157947,0.018216219311174505,2,0.670981706650871,0.030941094157310837,2,0.4361214204021464,0.03834779429374182,2,0.0,0.0,2,0.2937027714442969,0.017704335979416737,2,0.30521253457425457,0.0016680319064100058,2,0.0,0.0,2,0.4038510865718233,0.019356099029519867,2,0.39931238089238086,0.027978195533661755,2,0.5220945181628971,0.014384854502387147,2,0.24675216483459106,0.0018689994110759067,2,0.3191299577378782,0.004090177750951916,2,0.8358000000000001,0.0008485281374238028,2,0.84,0.0,2,0.76,0.0,2,0,21.5
swiss_roll,0.2,0.15,15,3,0.9,0.8090213248109475,0.00713504407924885,2,0.7992888771951261,0.0095035016601852,2,0.7338156171176471,0.018320828796092654,2,0.8836364861056738,0.00157531009107222,2,4.0,0.0,2,0.5418116028066878,0.004571620214077824,2,0.5415542434015239,0.006275933625350918,2,0.5856185349198135,0.008921607561000845,2,0.7609489893133845,0.01324267531015744,2,0.8196712433701763,0.0074923162366730125,2,0.5433027374769591,0.027416989752846975,2,0.0,0.0,2,0.648010500157947,0.018216219311174505,2,0.670981706650871,0.030941094157310837,2,0.4361214204021464,0.03834779429374182,2,0.0,0.0,2,0.2937027714442969,0.017704335979416737,2,0.30521253457425457,0.0016680319064100058,2,0.0,0.0,2,0.4038510865718233,0.019356099029519867,2,0.39931238089238086,0.027978195533661755,2,0.5220945181628971,0.014384854502387147,2,0.24675216483459106,0.0018689994110759067,2,0.3191299577378782,0.004090177750951916,2,0.8358000000000001,0.0008485281374238028,2,0.84,0.0,2,0.76,0.0,2,0,21.5
swiss_roll,0.2,0.15,25,3,0.8,0.7882982815137002,0.014968635456269211,2,0.777975934128188,0.01723405529669061,2,0.7101913104177753,0.027452545467897244,2,0.8645707517658519,0.01860996294966963,2,4.0,0.0,2,0.5301800356648445,0.0010677755585769635,2,0.5291256886535014,0.001363433213196444,2,0.5767820388049739,0.005872988228324448,2,0.8045186800713555,0.0021464358615153676,2,0.8688916745688899,0.011241625611856312,2,0.5238606464559499,0.002196426198592345,2,0.0,0.0,2,0.6540212032240628,0.006424551353947179,2,0.6715439043428244,0.010808977478085836,2,0.4804897511976382,0.019945285051447815,2,0.0,0.0,2,0.3524346283802521,0.006587191948204846,2,0.3753471941480061,0.012296793512072924,2,0.0,0.0,2,0.42434903215031106,0.015370544968397175,2,0.416620100785226,0.020887763228262326,2,0.5482993617255293,0.010711155529445258,2,0.25933768350286635,0.001074511277987093,2,0.33520190598815885,0.006983834839231242,2,0.8335999999999999,0.0022627416997968207,2,0.84,0.0,2,0.76,0.0,2,0,18.7
swiss_roll,0.2,0.15,25,3,0.9,0.7882982815137002,0.014968635456269211,2,0.777975934128188,0.01723405529669061,2,0.7101913104177753,0.027452545467897244,2,0.8645707517658519,0.01860996294966963,2,4.0,0.0,2,0.5301800356648445,0.0010677755585769635,2,0.5291256886535014,0.001363433213196444,2,0.5767820388049739,0.005872988228324448,2,0.8045186800713555,0.0021464358615153676,2,0.8688916745688899,0.011241625611856312,2,0.5238606464559499,0.002196426198592345,2,0.0,0.0,2,0.6540212032240628,0.006424551353947179,2,0.6715439043428244,0.010808977478085836,2,0.4804897511976382,0.019945285051447815,2,0.0,0.0,2,0.3524346283802521,0.006587191948204846,2,0.3753471941480061,0.012296793512072924,2,0.0,0.0,2,0.42434903215031106,0.015370544968397175,2,0.416620100785226,0.020887763228262326,2,0.5482993617255293,0.010711155529445258,2,0.25933768350286635,0.001074511277987093,2,0.33520190598815885,0.006983834839231242,2,0.8335999999999999,0.0022627416997968207,2,0.84,0.0,2,0.76,0.0,2,0,18.7
swiss_roll,0.2,0.3,15,3,0.8,0.8063867732113275,0.004919895229932436,2,0.7966724433941881,0.007479901834870256,2,0.7305282713245952,0.017705991456398673,2,0.8717792823364539,0.004626576888558916,2,4.0,0.0,2,0.5419451164425472,0.0019683498323408003,2,0.5452547477546064,0.003314591298935065,2,0.5878684641128293,0.00048460528725405164,2,0.7622133797596505,0.03006854433476086,2,0.8136219884117031,0.022186508608576874,2,0.5261773738069253,0.062127625458327375,2,0.0,0.0,2,0.6588547382623975,0.0001302624939568494,2,0.6843505393413316,0.0002199570221797539,2,0.45196511912889503,0.009851856621138851,2,0.0,0.0,2,0.30484275984233644,0.0023806334694994216,2,0.3211961386047686,0.014564609875754506,2,0.0,0.0,2,0.40850178676890403,0.020356318281821332,2,0.40419630094533554,0.025784679576478044,2,0.5232605241889974,0.004632134252318058,2,0.24958413891973952,0.0023659213151530547,2,0.319963446741631,0.010083621241219132,2,0.8351999999999999,0.0011313708498985478,2,0.84,0.0,2,0.76,0.0,2,0,21.5
swiss_roll,0.2,0.3,15,3,0.9,0.8063867732113275,0.004919895229932436,2,0.7966724433941881,0.007479901834870256,2,0.7305282713245952,0.017705991456398673,2,0.8717792823364539,0.004626576888558916,2,4.0,0.0,2,0.5419451164425472,0.0019683498323408003,2,0.5452547477546064,0.003314591298935065,2,0.5878684641128293,0.00048460528725405164,2,0.7622133797596505,0.03006854433476086,2,0.8136219884117031,0.022186508608576874,2,0.5261773738069253,0.062127625458327375,2,0.0,0.0,2,0.6588547382623975,0.0001302624939568494,2,0.6843505393413316,0.0002199570221797539,2,0.45196511912889503,0.009851856621138851,2,0.0,0.0,2,0.30484275984233644,0.0023806334694994216,2,0.3211961386047686,0.014564609875754506,2,0.0,0.0,2,0.40850178676890403,0.020356318281821332,2,0.40419630094533554,0.025784679576478044,2,0.5232605241889974,0.004632134252318058,2,0.24958413891973952,0.0023659213151530547,2,0.319963446741631,0.010083621241219132,2,0.8351999999999999,0.0011313708498985478,2,0.84,0.0,2,0.76,0.0,2,0,21.5
swiss_roll,0.2,0.3,25,3,0.8,0.7797382392423764,0.013085057109411255,2,0.7695109019179243,0.015100940144483465,2,0.7014183812819617,0.02503987221551599,2,0.8483523835319847,0.025213606012542706,2,4.0,0.0,2,0.5278754709953156,0.0007596752843497081,2,0.5276774789917484,0.00033077126677581926,2,0.5708627467312378,0.01204572520685913,2,0.8021736549718467,0.00828795603342711,2,0.8588005720295839,0.01358702655417404,2,0.5730412105459339,0.024649601203061637,2,0.0,0.0,2,0.6661429083827136,0.005682125404842923,2,0.6879975507003943,0.0005998988568685598,2,0.49160862120173565,0.013803930961003852,2,0.0,0.0,2,0.36111947206021233,0.004251270493347502,2,0.38712552449630233,0.011574119526241383,2,0.0,0.0,2,0.4320011020646591,0.01692656458915152,2,0.42647521640302455,0.018784215432525682,2,0.5540645078410933,0.014984005629695662,2,0.2639984037426151,0.00031175596583713226,2,0.3386750713119081,0.0045129163047199616,2,0.8293999999999999,0.004242640687119132,2,0.84,0.0,2,0.76,0.0,2,0,19.1
swiss_roll,0.2,0.3,25,3,0.9,0.7797382392423764,0.013085057109411255,2,0.7695109019179243,0.015100940144483465,2,0.7014183812819617,0.02503987221551599,2,0.8483523835319847,0.025213606012542706,2,4.0,0.0,2,0.5278754709953156,0.0007596752843497081,2,0.5276774789917484,0.00033077126677581926,2,0.5708627467312378,0.01204572520685913,2,0.8021736549718467,0.00828795603342711,2,0.8588005720295839,0.01358702655417404,2,0.5730412105459339,0.024649601203061637,2,0.0,0.0,2,0.6661429083827136,0.005682125404842923,2,0.6879975507003943,0.0005998988568685598,2,0.49160862120173565,0.013803930961003852,2,0.0,0.0,2,0.36111947206021233,0.004251270493347502,2,0.38712552449630233,0.011574119526241383,2,0.0,0.0,2,0.4320011020646591,0.01692656458915152,2,0.42647521640302455,0.018784215432525682,2,0.5540645078410933,0.014984005629695662,2,0.2639984037426151,0.00031175596583713226,2,0.3386750713119081,0.0045129163047199616,2,0.8293999999999999,0.004242640687119132,2,0.84,0.0,2,0.76,0.0,2,0,19.1
swiss_roll,0.35,0.05,15,3,0.8,0.6997447004690809,0.0001798696176473224,2,0.6877067440591023,0.0016788250006142076,2,0.6111411638665825,0.009176626305085414,2,0.756385547316932,0.005966585842384249,2,3.88,0.07071067811865465,2,0.4781295026193738,0.00022733051902102324,2,0.4783861944764522,0.002108182503645509,2,0.5340707767234079,0.00246468516696537,2,0.7741681295370163,0.025730130974930925,2,0.8276398119601767,0.021128463185543064,2,0.505845269822037,0.08964712899218208,2,0.0,0.0,2,0.6605299798078446,0.01417266187971008,2,0.6844953819389454,0.02547772694636265,2,0.4164209032447641,0.010997027491741465,2,0.0,0.0,2,0.32968579239735407,0.022631273343511425,2,0.3422272013493808,0.025233181993444674,2,0.0,0.0,2,0.5892940050738349,0.028179558128831775,2,0.586530237327262,0.03464261076370003,2,0.7467489273097729,0.006922646210732142,2,0.3600581954561105,0.0026877110629570113,2,0.45661832681118447,0.014199536658137632,2,0.7554000000000001,0.004242640687119289,2,0.76,0.0,2,0.66,0.028284271247461926,2,0,20.9
swiss_roll,0.35,0.05,15,3,0.9,0.6997819663551051,0.00012716769621807814,2,0.6877467814786544,0.0017354464623471812,2,0.6111856330618747,0.009239515244175604,2,0.756385547316932,0.005966585842384249,2,4.0,0.0,2,0.47818604479094134,0.0003072932248978516,2,0.4783861944764522,0.002108182503645509,2,0.5340707767234079,0.00246468516696537,2,0.7696472130382166,0.019395204969895365,2,0.8267475770178422,0.02189980709883157,2,0.49976165052053967,0.079443730988049,2,0.0,0.0,2,0.6558715645620447,0.011552176831432242,2,0.6827708850867737,0.023038920109751743,2,0.40891894488367136,0.02032762308701125,2,0.0,0.0,2,0.32848454673911737,0.02083197958865439,2,0.33978494089176015,0.024144493210246087,2,0.0,0.0,2,0.5892469262002786,0.028112978547347383,2,0.586530237327262,0.03464261076370003,2,0.7467489273097729,0.006922646210732142,2,0.3600302242656269,0.0026481538260193986,2,0.45661832681118447,0.014199536658137632,2,0.7554000000000001,0.004242640687119289,2,0.76,0.0,2,0.66,0.028284271247461926,2,0,21.3
swiss_roll,0.35,0.05,25,3,0.8,0.6719733122122642,0.0032088712067775346,2,0.6590083769399604,0.006204110506130119,2,0.5794531316126625,0.016720775754335084,2,0.7189598181547253,0.014802511574084973,2,3.9699999999999998,0.042426406871192736,2,0.4497707741233671,0.0007449853771194498,2,0.44746730105014293,0.0009232823693310528,2,0.5060694461529226,0.011874448562509302,2,0.8292312239572028,0.013940596472803693,2,0.8760927850192316,0.019528354189647015,2,0.6002539056251603,0.002627950382362441,2,0.0,0.0,2,0.6780805750721159,0.0007046880797793667,2,0.7103818175283323,0.016187464964149426,2,0.4680539451018768,0.02056481813835015,2,0.0,0.0,2,0.3860893145025057,0.009104600416861114,2,0.42716089487493447,0.004221593202950824,2,0.0,0.0,2,0.6174035588011487,0.026510143714295446,2,0.6131167618852171,0.03993795572265644,2,0.7925471977464915,0.005898701183569684,2,0.3772703066665018,0.0009728358687231906,2,0.48464070397607417,0.015956292162048812,2,0.7484,0.01074802307403532,2,0.76,0.0,2,0.66,0.028284271247461926,2,0,16.2
swiss_roll,0.35,0.05,25,3,0.9,0.6719733122122642,0.0032088712067775346,2,0.6590083769399604,0.006204110506130119,2,0.5794531316126625,0.016720775754335084,2,0.7189598181547253,0.014802511574084973,2,4.0,0.0,2,0.4497707741233671,0.0007449853771194498,2,0.44746730105014293,0.0009232823693310528,2,0.5060694461529226,0.011874448562509302,2,0.8267167936468643,0.017496537919326493,2,0.8745259276590969,0.02174422511865366,2,0.6002539056251603,0.002627950382362441,2,0.0,0.0,2,0.6772278074338737,0.0019106836393343388,2,0.7103818175283323,0.016187464964149426,2,0.4680539451018768,0.02056481813835015,2,0.0,0.0,2,0.3836957273595888,0.012489643817096106,2,0.4167665142421492,0.018921467266303896,2,0.0,0.0,2,0.6174035588011487,0.026510143714295446,2,0.6131167618852171,0.03993795572265644,2,0.7925471977464915,0.005898701183569684,2,0.3772703066665018,0.0009728358687231906,2,0.48464070397607417,0.015956292162048812,2,0.7484,0.01074802307403532,2,0.76,0.0,2,0.66,0.028284271247461926,2,0,16.4
swiss_roll,0.35,0.15,15,3,0.8,0.689405867743039,0.004801770614793202,2,0.6779222821201247,0.0024571549249663704,2,0.6011638234599728,0.0049738709165236105,2,0.7402862451893486,0.0172506475021228,2,3.885,0.03535533905932741,2,0.4725541300837638,7.852827467421542e-05,2,0.474378628692434,0.0032402904372592824,2,0.5193742636709532,0.003077715719802504,2,0.7852023405264751,0.024539831510718608,2,0.8449693925169549,0.024859516429793938,2,0.5398861203831065,0.07393444269036512,2,0.0,0.0,2,0.6764157186373851,0.013773751257687141,2,0.6993145924890708,0.015546297820517224,2,0.46785339607969056,0.0814110034674169,2,0.0,0.0,2,0.3369775755510535,0.020740344333396044,2,0.36050739607575294,0.017644918219449687,2,0.0,0.0,2,0.5972454401979577,0.030083905339282464,2,0.5933974967257867,0.033239283938510285,2,0.7630310440877852,0.02310744795022688,2,0.3648977051012454,0.0036561100827885882,2,0.46637653836164183,0.004703003525734061,2,0.7544,0.0,2,0.76,0.0,2,0.658,0.02545584412271573,2,0,20.2
swiss_roll,0.35,0.15,15,3,0.9,0.6897329692116845,0.004339179281562528,2,0.6782700572138278,0.001965326670795761,2,0.6015993306344304,0.005589771069152358,2,0.7402862451893486,0.0172506475021228,2,4.0,0.0,2,0.47287378500824306,0.00037353205480377945,2,0.4747975150034122,0.0038326851393370794,2,0.5195815678073797,0.003370888041072982,2,0.781238915135761,0.016063114229540862,2,0.8391208464591547,0.013301907898650382,2,0.5326508705584362,0.06370225426115886,2,0.0,0.0,2,0.673254571725328,0.00912759498339421,2,0.6953605664334869,0.009954460546733842,2,0.46862254188928826,0.05251292131696944,2,0.0,0.0,2,0.33471988749037485,0.01656247463061649,2,0.3578223770538125,0.015179837559397313,2,0.0,0.0,2,0.5970210429235323,0.02976655967043068,2,0.5933974967257867,0.033239283938510285,2,0.7630310440877852,0.02310744795022688,2,0.3647643829031376,0.003467564022059205,2,0.46637653836164183,0.004703003525734061,2,0.7545999999999999,0.00028284271247470564,2,0.76,0.0,2,0.658,0.02545584412271573,2,0,20.6
swiss_roll,0.35,0.15,25,3,0.8,0.662758448213397,0.007229875882846932,2,0.6499324292758091,0.010095613234111041,2,0.5689253591934067,0.019925947353960208,2,0.7166709204368066,0.011470579965453306,2,3.935,0.049497474683058526,2,0.4442030972306533,0.0005477942892585132,2,0.44363865533788716,0.0014290627265527447,2,0.5009797566640096,0.01989190777063182,2,0.8229939438295828,0.007890281844603043,2,0.8810510183279157,0.0037185451244957164,2,0.5925895024754892,0.017867342503755965,2,0.0,0.0,2,0.6848832436594574,0.004807997795042239,2,0.7089732144267122,0.0028485057641641134,2,0.4915234103035855,0.035807900035080484,2,0.0,0.0,2,0.3935492543276444,0.007121013266360079,2,0.4368651305011234,0.023205967486888614,2,0.0,0.0,2,0.6277129074778216,0.025719990249524132,2,0.6252124167463219,0.03320269192254528,2,0.8011733063689068,0.004649595449303119,2,0.3835851479906266,0.00023510204724672704,2,0.4899317580084418,0.016933165893582756,2,0.7453999999999998,0.004242640687119132,2,0.74,0.028284271247461926,2,0.658,0.02545584412271573,2,0,17.0
swiss_roll,0.35,0.15,25,3,0.9,0.662758448213397,0.007229875882846932,2,0.6499324292758091,0.010095613234111041,2,0.5689253591934067,0.019925947353960208,2,0.7166709204368066,0.011470579965453306,2,4.0,0.0,2,0.4442030972306533,0.0005477942892585132,2,0.44363865533788716,0.0014290627265527447,2,0.5009797566640096,0.01989190777063182,2,0.8190209265442123,0.011788442016297274,2,0.8791979364466875,0.0063391986531164185,2,0.5925895024754892,0.017867342503755965,2,0.0,0.0,2,0.6841592094192952,0.00461123210815062,2,0.7079507285082072,0.0014024923108787361,2,0.4915234103035855,0.035807900035080484,2,0.0,0.0,2,0.3907824528582055,0.011029801499227079,2,0.4363461608820856,0.02393990136059153,2,0.0,0.0,2,0.6277129074778216,0.025719990249524132,2,0.6252124167463219,0.03320269192254528,2,0.8011733063689068,0.004649595449303119,2,0.3835851479906266,0.00023510204724672704,2,0.4899317580084418,0.016933165893582756,2,0.7453999999999998,0.004242640687119132,2,0.74,0.028284271247461926,2,0.658,0.02545584412271573,2,0,17.2
swiss_roll,0.35,0.3,15,3,0.8,0.6866240558602681,0.010287430596950479,2,0.6748004230585448,0.007174445611596362,2,0.5977072450900865,0.002953986231771912,2,0.7278939654781813,0.02366810514580305,2,3.875,0.0212132034355966,2,0.4754612633228472,0.00664740830785514,2,0.4772882637654097,0.004452692716927512,2,0.5257275603414264,0.008623370270511925,2,0.7851995915392829,0.022874225854437904,2,0.8241477037633211,0.02552010361342602,2,0.5610553165601531,0.02816068702177439,2,0.0,0.0,2,0.6924720911728589,0.000458964292959608,2,0.7289758526963986,0.010576304696877056,2,0.4705151551602075,0.0110572377883112,2,0.0,0.0,2,0.3458288007240252,0.006895117673299626,2,0.375633244597008,0.0010984772217461844,2,0.0,0.0,2,0.6039525486321532,0.033074605707208535,2,0.6082754813746059,0.035339188654222836,2,0.7651270185105409,0.02994275895023339,2,0.3689627894555023,0.005319627203045396,2,0.46757405004430064,0.0005743381283810071,2,0.7584,0.0011313708498985084,2,0.76,0.0,2,0.68,0.0,2,0,19.5
swiss_roll,0.35,0.3,15,3,0.9,0.686623164257075,0.010288691514278468,2,0.6747994196936173,0.007175864583884809,2,0.5977039895032001,0.0029493821366435515,2,0.7278939654781813,0.02366810514580305,2,4.0,0.0,2,0.4756288141165333,0.006410455703037913,2,0.4772882637654097,0.004452692716927512,2,0.5257275603414264,0.008623370270511925,2,0.7811404086972387,0.017162637428235386,2,0.8235443224445409,0.021002959719425552,2,0.5611229555921967,0.028256343058236315,2,0.0,0.0,2,0.688568771148437,0.001707202112431323,2,0.7239074737231969,0.017744074980025636,2,0.46192132167738137,0.005883787190514407,2,0.0,0.0,2,0.34227905186394536,0.0020503848801541745,2,0.3693333209488634,0.004369810100794249,2,0.0,0.0,2,0.6039406556235143,0.03305778645309397,2,0.6082754813746059,0.035339188654222836,2,0.7651270185105409,0.02994275895023339,2,0.3689557234068709,0.005309634301238437,2,0.46757405004430064,0.0005743381283810071,2,0.7584,0.0011313708498985084,2,0.76,0.0,2,0.68,0.0,2,0,19.3
swiss_roll,0.35,0.3,25,3,0.8,0.6510676823270021,0.004498361562936011,2,0.6381569056924585,0.006956357217377242,2,0.5562048527046889,0.01639910921506036,2,0.6976562982091741,0.0018500824136735042,2,3.935,0.06363961030678918,2,0.4403696749393796,0.002469163934641086,2,0.441568330325232,0.009110409814410574,2,0.4957171786093313,0.008804834533503026,2,0.8169446041456518,0.02210277279141624,2,0.8742065901467593,0.015859932847362725,2,0.5601542021325527,0.11845692443091416,2,0.0,0.0,2,0.7036401712169362,0.0012059121279347214,2,0.744013490787992,0.0016096042650807236,2,0.49105821057267895,0.01206042575858905,2,0.0,0.0,2,0.4032926930628884,0.0017904097108538345,2,0.4454358771940718,0.0015491930115888967,2,0.0,0.0,2,0.6390875927833914,0.026172396003263345,2,0.6367304217933283,0.02946440348756185,2,0.8085878062489955,0.018891728513755493,2,0.3905362017941817,0.00023100670968279405,2,0.4942906057817426,0.008405853013224373,2,0.7464000000000002,0.003959797974644819,2,0.76,0.0,2,0.64,0.0,2,0,15.4
swiss_roll,0.35,0.3,25,3,0.9,0.6510676823270021,0.004498361562936011,2,0.6381569056924585,0.006956357217377242,2,0.5562048527046889,0.01639910921506036,2,0.6976562982091741,0.0018500824136735042,2,4.0,0.0,2,0.4403696749393796,0.002469163934641086,2,0.441568330325232,0.009110409814410574,2,0.4957171786093313,0.008804834533503026,2,0.8140886943559751,0.01805396617487102,2,0.8742065901467593,0.015859932847362725,2,0.5601542021325527,0.11845692443091416,2,0.0,0.0,2,0.7014981769719029,0.0018480272437751402,2,0.744013490787992,0.0016096042650807236,2,0.4907198173862972,0.012538985992184747,2,0.0,0.0,2,0.40187633393601296,0.00022315520722808577,2,0.446462512926714,0.0030010751883083665,2,0.0,0.0,2,0.6390875927833914,0.026172396003263345,2,0.6367304217933283,0.02946440348756185,2,0.8085878062489955,0.018891728513755493,2,0.3905362017941817,0.00023100670968279405,2,0.4942906057817426,0.008405853013224373,2,0.7464000000000002,0.003959797974644819,2,0.76,0.0,2,0.64,0.0,2,0,15.6
swiss_roll,0.5,0.05,15,3,0.8,0.66188949687299,0.004639415328562233,2,0.6473112443932028,0.00319430054132944,2,0.5639036567661695,0.0035083804177262435,2,0.7126685528585299,0.0073782647223124085,2,3.555,0.12020815280171303,2,0.4371323640450001,0.004895698559997485,2,0.4393994456659108,0.0034759822267599193,2,0.497271792050079,0.0019494949308715365,2,0.8113750221726047,0.024777124337998755,2,0.8714845364901546,0.029427157367012333,2,0.578622236868291,0.025003654457681053,2,0.0,0.0,2,0.6779147770495946,0.023114363557252965,2,0.7236311742195042,0.024113928540407288,2,0.4088893361379833,0.05762573437585628,2,0.0,0.0,2,0.3456627198561123,0.02102737295202272,2,0.36857552463952514,0.01803554382016488,2,0.0,0.0,2,0.6718530442878408,0.033566952792129456,2,0.6811644666037098,0.04138928449050686,2,0.8255465025117286,0.009710273877970566,2,0.4104839397895559,0.003944630773166248,2,0.5047756867972402,0.014439756008352372,2,0.7304,0.0028284271247461927,2,0.72,0.0,2,0.62,0.028284271247461926,2,0,19.4
swiss_roll,0.5,0.05,15,3,0.9,0.6640991554167873,0.0026627754984604223,2,0.6496116507110379,0.0010453946395849495,2,0.5664422577050487,0.00604975853106946,2,0.7165389737356909,0.007633391230100358,2,3.995,0.007071067811865324,2,0.43833710763394673,0.0019990063046082126,2,0.43875100632754876,0.004403821719071868,2,0.4979235383617496,0.0031523957531112735,2,0.7907262417975967,0.0157084370442049,2,0.8417437787116192,0.01585698438019861,2,0.5625610210414967,0.03438953798693956,2,0.0,0.0,2,0.6726610731416727,0.011267140047708393,2,0.7075752801298161,0.010345269696787089,2,0.41634664171783053,0.03390590396082882,2,0.0,0.0,2,0.341146336172082,0.013827876084845227,2,0.3703533669056909,0.03009381866962401,2,0.0,0.0,2,0.670043529684424,0.03143145648204971,2,0.6811644666037098,0.04138928449050686,2,0.8255465025117286,0.009710273877970566,2,0.4094036168992701,0.0026832512713489795,2,0.5047756867972402,0.014439756008352372,2,0.7314,0.0025455844122715655,2,0.72,0.0,2,0.62,0.028284271247461926,2,0,21.2
swiss_roll,0.5,0.05,25,3,0.8,0.6334682378403755,0.0002120529871493651,2,0.6178894230798554,0.0027162099275304624,2,0.5308855264614499,0.013215819083394066,2,0.6687557768011206,0.0009616145292522302,2,3.6550000000000002,0.049497474683058366,2,0.39937447938949266,0.0027694210855383236,2,0.399394827930703,0.0019807909846346634,2,0.45108025445192623,0.00477648330009202,2,0.8489654716257617,0.016220945115636317,2,0.9001254461425371,0.0068168127538533975,2,0.6541768179153173,0.04694743366587705,2,0.0,0.0,2,0.6990981724050616,0.0007034166579135837,2,0.7366236143847625,0.01730920668075941,2,0.4303286054952159,0.003066295205517109,2,0.0,0.0,2,0.3978657695197912,0.0071920398734454044,2,0.45093778558150854,0.008155415742854015,2,0.0,0.0,2,0.7071973373160141,0.034021797576203626,2,0.7143994885785174,0.046600458759128556,2,0.8777000721982495,0.008863788020993137,2,0.4320945227950467,0.0033503419505492757,2,0.5366827076890601,0.016244858698526297,2,0.7248,0.01244507934888328,2,0.72,0.0,2,0.62,0.028284271247461926,2,0,15.4
swiss_roll,0.5,0.05,25,3,0.9,0.6339135605482993,0.0004177284260293437,2,0.6183277262038922,0.0033360641499736977,2,0.5312877392351187,0.013784633842876313,2,0.6687557768011206,0.0009616145292522302,2,4.0,0.0,2,0.4001342314046017,0.0016949694817307893,2,0.3996916075925664,0.0015610811617909302,2,0.45108025445192623,0.00477648330009202,2,0.8357765123767728,0.022968384792976734,2,0.8803102742209841,0.009899175898603275,2,0.6541768179153173,0.04694743366587705,2,0.0,0.0,2,0.6950484134557615,0.0010829187150908754,2,0.7392190794875693,0.004276628229821255,2,0.4310833321938723,0.02536705824127216,2,0.0,0.0,2,0.3896376759117064,0.009910061593069916,2,0.43794454728670296,0.007041537357031471,2,0.0,0.0,2,0.7068126537175864,0.0334777728140847,2,0.7143994885785174,0.046600458759128556,2,0.8777000721982495,0.008863788020993137,2,0.431865968936495,0.003027117984052768,2,0.5366827076890601,0.016244858698526297,2,0.7252,0.011879393923934103,2,0.72,0.0,2,0.62,0.028284271247461926,2,0,15.8
swiss_roll,0.5,0.15,15,3,0.8,0.6521942519163042,0.009063150134286128,2,0.6385067085718145,0.006754862994868081,2,0.555281556741464,0.00014698427474285996,2,0.7100811743451236,0.01908239028876366,2,3.535,0.0777817459305203,2,0.43338687441387924,0.00275945397736964,2,0.4342961784929048,0.0038468472069949056,2,0.4842734098489816,0.000240193146751285,2,0.8252500495064682,0.02518027356792151,2,0.8740503293657521,0.025202981186645167,2,0.6087263116959143,0.019081997696001964,2,0.0,0.0,2,0.6979097325513942,0.010421695953063003,2,0.7246791623850601,0.012912498980828328,2,0.43942738157445893,0.04307259198468962,2,0.0,0.0,2,0.3533577339916034,0.016795984537306602,2,0.3948670148001625,0.04473444524744764,2,0.0,0.0,2,0.6792227758445382,0.03496475430236524,2,0.6871003058342906,0.04232242666879215,2,0.8271055916778411,0.009360852893178659,2,0.41497393765909707,0.004617591025671353,2,0.5057335219844583,0.014691944014840084,2,0.7322,0.00028284271247458785,2,0.72,0.0,2,0.638,0.0028284271247461927,2,0,16.6
swiss_roll,0.5,0.15,15,3,0.9,0.6538368890877229,0.0075843359639369895,2,0.64023238622378,0.005075953270005117,2,0.5571677123151373,0.0017682095070566297,2,0.7100811743451236,0.01908239028876366,2,3.99,0.01414213562373112,2,0.43398934007208423,0.0018564375297292982,2,0.43530423536179697,0.0023230131138955883,2,0.4862530444824493,0.0031889058372530717,2,0.805740451047837,0.023229030856428582,2,0.8566454317380617,0.01941335409654673,2,0.5947014336722211,0.022055295670251697,2,0.0,0.0,2,0.6906501407935743,0.013580454524318549,2,0.7176869108778833,0.01909489006312044,2,0.46820608780249,0.047388626663749704,2,0.0,0.0,2,0.3486803983749176,0.013257784852835748,2,0.383511333774254,0.027603531758359837,2,0.0,0.0,2,0.6779830123032226,0.03355950969877205,2,0.6855889960258164,0.04018511184070038,2,0.8271055916778411,0.009360852893178659,2,0.41423305544826305,0.0037887615707686002,2,0.5057335219844583,0.014691944014840084,2,0.7327999999999999,0.0016970562748476843,2,0.72,0.0,2,0.64,0.0,2,0,18.8
swiss_roll,0.5,0.15,25,3,0.8,0.6242206062141384,0.004412435396147829,2,0.6087987504359151,0.007065339037644291,2,0.5201773921850725,0.016561830362879334,2,0.6776552327383951,0.009942779148249405,2,3.545,0.06363961030678918,2,0.39263550481594867,0.0034184272700023416,2,0.3913403566828723,0.00017429865399839993,2,0.44799053193992894,0.006717787888515968,2,0.8522643796970417,0.02442574632219821,2,0.9130913163806067,0.005527174161038305,2,0.623291930201137,0.09500422764498533,2,0.0,0.0,2,0.7193093869780022,0.0024977871720265315,2,0.7532473907751094,0.024782105350489612,2,0.5122411703505825,0.018048515315227366,2,0.0,0.0,2,0.4140918917203221,0.013475411635981522,2,0.45358501172192756,0.029837637187809907,2,0.0,0.0,2,0.7173566770511735,0.0333360143869561,2,0.7251269596284824,0.04948633382022677,2,0.8881838178148744,0.005671036681994802,2,0.43831633205238124,0.0026801428308753333,2,0.5431338621764162,0.018456300997682216,2,0.7229999999999999,0.0070710678118653635,2,0.72,0.0,2,0.62,0.028284271247461926,2,0,15.2
swiss_roll,0.5,0.15,25,3,0.9,0.6244398516149312,0.004722495215437003,2,0.6090261080702388,0.00738687128761403,2,0.5203733374656931,0.01683893883621589,2,0.6776552327383951,0.009942779148249405,2,4.0,0.0,2,0.3927779818851695,0.003216934266383139,2,0.39179285294879995,0.0008142250101963889,2,0.44799053193992894,0.006717787888515968,2,0.8362329159030013,0.02508718723718326,2,0.8867429303565548,0.007267263288154608,2,0.6282901137788484,0.08762799375800054,2,0.0,0.0,2,0.7125701362155563,0.001943234385934387,2,0.7392573374533132,0.0017705251861238325,2,0.5017179645315353,0.0031664549262873432,2,0.0,0.0,2,0.40276213967328756,0.014835926157674028,2,0.44881564778999744,0.026483855105364423,2,0.0,0.0,2,0.7172571410639049,0.033195249243816755,2,0.7238778319561827,0.047719800524925034,2,0.8881838178148744,0.005671036681994802,2,0.4382571942725332,0.00259650938056557,2,0.5431338621764162,0.018456300997682216,2,0.7232,0.006788225099390737,2,0.72,0.0,2,0.62,0.028284271247461926,2,0,15.6
swiss_roll,0.5,0.3,15,3,0.8,0.6491472693354281,0.0130223121436135,2,0.6347559204285995,0.009908541991513711,2,0.551627091551879,0.00034693911283635587,2,0.6918127948905517,0.0194863679282953,2,3.56,0.12727922061357835,2,0.43807755072466154,0.009723471559219305,2,0.44012126853261635,0.006910821302256794,2,0.49190678174469826,0.008644489670341747,2,0.8123889586381388,0.014866962133675733,2,0.8486507020523337,0.03599926448058036,2,0.6151556795589626,0.003257644254787296,2,0.0,0.0,2,0.7072600461405862,0.005363529996817594,2,0.7504627825485003,0.00404970599320014,2,0.41386310308827806,0.08205695980290756,2,0.0,0.0,2,0.3638248999761633,0.01152645960460465,2,0.4017082881618588,0.010661926331051971,2,0.0,0.0,2,0.6867397419822129,0.03680546089207387,2,0.6906936469582384,0.05072282182156684,2,0.8332498626342463,0.0021972386497822642,2,0.4195485161321853,0.005557792896613646,2,0.5095797095273553,0.019224805090700656,2,0.7284,1.5700924586837752e-16,2,0.72,0.0,2,0.62,0.028284271247461926,2,0,17.8
swiss_roll,0.5,0.3,15,3,0.9,0.6498264970192027,0.013145105205720478,2,0.6355220649977291,0.00985364474863994,2,0.5524935692797317,0.00025257914724689974,2,0.6918127948905517,0.0194863679282953,2,3.995,0.007071067811865324,2,0.4386807205167625,0.009173404794031066,2,0.4408140531212909,0.006149119703737185,2,0.4932823397285415,0.006536250573783034,2,0.8004849549281885,0.009515268836469276,2,0.8323743406299009,0.024903233054524482,2,0.5941217842131967,0.011788037875468728,2,0.0,0.0,2,0.6948943896635787,0.002233608647038722,2,0.7356893343999742,0.011936483481363114,2,0.43639143088210436,0.08481164504162322,2,0.0,0.0,2,0.3582635409732621,0.009899279181284954,2,0.39087994651425284,0.007915969922278858,2,0.0,0.0,2,0.6860952998876054,0.03622639054042144,2,0.6906936469582384,0.05072282182156684,2,0.8324960724178208,0.003263258997035347,2,0.41916152926354927,0.005219547505808366,2,0.5091055421263522,0.018554231121366845,2,0.7283999999999999,1.1102230246251565e-16,2,0.72,0.0,2,0.62,0.028284271247461926,2,0,19.6
swiss_roll,0.5,0.3,25,3,0.8,0.6126345515859428,0.0010790108225524357,2,0.596924095739934,0.003238230839377884,2,0.5071738382671269,0.012579735142935682,2,0.672052603750963,0.0007905893226961608,2,3.41,0.0989949493661169,2,0.38877966075337156,0.003336238676166258,2,0.38890087781996696,0.0017015316262769373,2,0.44451902905411905,0.0019289477268898366,2,0.8535054293153473,0.013959984275451521,2,0.9081979316831692,0.0208650736246829,2,0.6311832335162937,0.005402623848802824,2,0.0,0.0,2,0.7393884001711954,0.0005927735650421469,2,0.7758525293574288,0.004241301618669618,2,0.5158657515848826,0.0050180199594659,2,0.0,0.0,2,0.42628037745940506,0.0069296391860547086,2,0.4705005887558593,0.023870356278708607,2,0.0,0.0,2,0.7291496284622292,0.03314380678454247,2,0.7420648451341203,0.0380240465099978,2,0.8890518767646658,0.023419760677660825,2,0.44553114907366154,0.0022714839440172493,2,0.5434456959515754,0.007622796444420673,2,0.722,0.007353910524339952,2,0.72,0.0,2,0.62,0.028284271247461926,2,0,14.8
swiss_roll,0.5,0.3,25,3,0.9,0.6131086768320957,0.0017495251759251857,2,0.5974445131046867,0.0039742121347057695,2,0.5076780410051833,0.01329278549328058,2,0.672052603750963,0.0007905893226961608,2,4.0,0.0,2,0.3892328573632674,0.002695321884030045,2,0.38890087781996696,0.0017015316262769373,2,0.44451902905411905,0.0019289477268898366,2,0.8308987550436122,0.012215748006127385,2,0.8842643597956573,0.009152589959131489,2,0.6313441794896745,0.0031525474466324093,2,0.0,0.0,2,0.7268841899638565,0.008161722958338372,2,0.7684896916028567,0.004897609868288249,2,0.4960626669222836,0.009589010301729655,2,0.0,0.0,2,0.4108862197589403,0.0064919839707717,2,0.4557333390680676,0.01591097564828297,2,0.0,0.0,2,0.7292461690514926,0.03328033579519844,2,0.7420648451341203,0.0380240465099978,2,0.8890518767646658,0.023419760677660825,2,0.4455885071837375,0.002352600561198755,2,0.5434456959515754,0.007622796444420673,2,0.7222,0.007071067811865481,2,0.72,0.0,2,0.62,0.028284271247461926,2,0,16.2
