dataset,dataset_label,seed,eta_g,theta,k,T,adaptive_variance_threshold,status,error,rmse_to_clean,mean_l2_to_clean,mean_distance_to_clean_cloud_approx,q90_distance_to_clean_cloud_approx,mean_local_dim,normal_energy_ratio_mean,normal_energy_ratio_median,normal_energy_ratio_q90,velocity_tangent_alignment_mean,velocity_tangent_alignment_median,velocity_tangent_alignment_q10,velocity_tangent_alignment_zero_velocity_fraction,velocity_neighbor_direction_agreement_mean,velocity_neighbor_direction_agreement_median,velocity_neighbor_direction_agreement_q10,velocity_neighbor_direction_agreement_zero_velocity_fraction,velocity_smoothness_mean,velocity_smoothness_median,velocity_smoothness_zero_velocity_fraction,displacement_mean,displacement_median,displacement_q90,displacement_relative_to_local_scale_mean,displacement_relative_to_local_scale_q90,knn_overlap_mean,knn_overlap_median,knn_overlap_q10
s_curve,S-curve velocity flow,42,0.2,0.05,15,3,0.8,ok,,0.8563630311080022,0.8400268580223915,0.7672015980738374,0.9388093298061025,4.0,0.5721129753053831,0.5756853521678342,0.6162028890312629,0.7209955071876776,0.759817014757851,0.4646831908261252,0.0,0.6280304509508963,0.6397656351778085,0.43060871639868326,0.0,0.13025868555339132,0.17416594749943784,0.0,0.4062638480314459,0.4066632343467167,0.5282811689146152,0.23961981840596266,0.31158725635073403,0.8419999999999999,0.84,0.76
s_curve,S-curve velocity flow,42,0.2,0.05,15,3,0.9,ok,,0.8563630311080022,0.8400268580223915,0.7672015980738374,0.9388093298061025,4.0,0.5721129753053831,0.5756853521678342,0.6162028890312629,0.7209955071876776,0.759817014757851,0.4646831908261252,0.0,0.6280304509508963,0.6397656351778085,0.43060871639868326,0.0,0.13025868555339132,0.17416594749943784,0.0,0.4062638480314459,0.4066632343467167,0.5282811689146152,0.23961981840596266,0.31158725635073403,0.8419999999999999,0.84,0.76
s_curve,S-curve velocity flow,42,0.2,0.05,25,3,0.8,ok,,0.83230603918069,0.8158699191475327,0.7423110572807115,0.9224487115503657,4.0,0.5665979535133894,0.5710080953196082,0.6104361388521495,0.7450335036632997,0.789333568991491,0.4651680270094515,0.0,0.6363979215866771,0.6573590041092453,0.4543827964675388,0.0,0.16203350088030605,0.20837108359495826,0.0,0.4294027243297249,0.4319492881374659,0.5441388119317631,0.25326743525293965,0.3209403050124044,0.838,0.84,0.76
s_curve,S-curve velocity flow,42,0.2,0.05,25,3,0.9,ok,,0.83230603918069,0.8158699191475327,0.7423110572807115,0.9224487115503657,4.0,0.5665979535133894,0.5710080953196082,0.6104361388521495,0.7450335036632997,0.789333568991491,0.4651680270094515,0.0,0.6363979215866771,0.6573590041092453,0.4543827964675388,0.0,0.16203350088030605,0.20837108359495826,0.0,0.4294027243297249,0.4319492881374659,0.5441388119317631,0.25326743525293965,0.3209403050124044,0.838,0.84,0.76
s_curve,S-curve velocity flow,42,0.2,0.15,15,3,0.8,ok,,0.8490215803332117,0.832837870757438,0.7613380625385612,0.9308054562142338,4.0,0.5747028497760482,0.573819697661603,0.62026981235929,0.7184430519336189,0.7686805437650787,0.500261868565108,0.0,0.6508921018803722,0.6641269044542732,0.4479367329237045,0.0,0.13582908681337943,0.18359742681663954,0.0,0.4127634870575131,0.41153288363346097,0.5322228878116538,0.2434533919091851,0.31391213455708294,0.8428,0.84,0.76
s_curve,S-curve velocity flow,42,0.2,0.15,15,3,0.9,ok,,0.8490215803332117,0.832837870757438,0.7613380625385612,0.9308054562142338,4.0,0.5747028497760482,0.573819697661603,0.62026981235929,0.7184430519336189,0.7686805437650787,0.500261868565108,0.0,0.6508921018803722,0.6641269044542732,0.4479367329237045,0.0,0.13582908681337943,0.18359742681663954,0.0,0.4127634870575131,0.41153288363346097,0.5322228878116538,0.2434533919091851,0.31391213455708294,0.8428,0.84,0.76
s_curve,S-curve velocity flow,42,0.2,0.15,25,3,0.8,ok,,0.8222415240365946,0.8054438147102658,0.7312690435812482,0.9126675540410882,4.0,0.5624200814193037,0.5652136837023598,0.6071455190405867,0.730918101010048,0.8121826619156748,0.3534112214522441,0.0,0.6413962342070607,0.6655248678933687,0.4765843492432752,0.0,0.16715194564516608,0.20933850432334125,0.0,0.44007397175851937,0.43867701539634774,0.5473854177030669,0.25956147884909764,0.3228551962564202,0.8412000000000001,0.84,0.76
s_curve,S-curve velocity flow,42,0.2,0.15,25,3,0.9,ok,,0.8222415240365946,0.8054438147102658,0.7312690435812482,0.9126675540410882,4.0,0.5624200814193037,0.5652136837023598,0.6071455190405867,0.730918101010048,0.8121826619156748,0.3534112214522441,0.0,0.6413962342070607,0.6655248678933687,0.4765843492432752,0.0,0.16715194564516608,0.20933850432334125,0.0,0.44007397175851937,0.43867701539634774,0.5473854177030669,0.25956147884909764,0.3228551962564202,0.8412000000000001,0.84,0.76
s_curve,S-curve velocity flow,42,0.2,0.3,15,3,0.8,ok,,0.8430104517085856,0.8270832017775684,0.7542019544356913,0.9502003442743502,4.0,0.5706009000016289,0.5728739991424283,0.6197230473930716,0.7281620896670941,0.7648039618790423,0.45949095823178987,0.0,0.6720557576381982,0.6855111110265635,0.5128694796911057,0.0,0.14643893616328632,0.18214788116426645,0.0,0.41945138925280717,0.4103614166350666,0.545587334244498,0.24739800553237207,0.32179466272898777,0.8424,0.84,0.76
s_curve,S-curve velocity flow,42,0.2,0.3,15,3,0.9,ok,,0.8430104517085856,0.8270832017775684,0.7542019544356913,0.9502003442743502,4.0,0.5706009000016289,0.5728739991424283,0.6197230473930716,0.7281620896670941,0.7648039618790423,0.45949095823178987,0.0,0.6720557576381982,0.6855111110265635,0.5128694796911057,0.0,0.14643893616328632,0.18214788116426645,0.0,0.41945138925280717,0.4103614166350666,0.545587334244498,0.24739800553237207,0.32179466272898777,0.8424,0.84,0.76
s_curve,S-curve velocity flow,42,0.2,0.3,25,3,0.8,ok,,0.8104411528052755,0.7944813969187997,0.7193347902490698,0.8899839424262839,4.0,0.5623987481969046,0.5644823873676332,0.6074259985484008,0.7330714712119409,0.7782775964238511,0.4307826344493801,0.0,0.6438115167806747,0.6579556210282744,0.5145814027012761,0.0,0.17447750634173345,0.21973483637471564,0.0,0.4503294297517325,0.45083977111423007,0.5660759419397835,0.2656102843086804,0.33387911592147396,0.8383999999999999,0.84,0.76
s_curve,S-curve velocity flow,42,0.2,0.3,25,3,0.9,ok,,0.8104411528052755,0.7944813969187997,0.7193347902490698,0.8899839424262839,4.0,0.5623987481969046,0.5644823873676332,0.6074259985484008,0.7330714712119409,0.7782775964238511,0.4307826344493801,0.0,0.6438115167806747,0.6579556210282744,0.5145814027012761,0.0,0.17447750634173345,0.21973483637471564,0.0,0.4503294297517325,0.45083977111423007,0.5660759419397835,0.2656102843086804,0.33387911592147396,0.8383999999999999,0.84,0.76
s_curve,S-curve velocity flow,42,0.35,0.05,15,3,0.8,ok,,0.7442077462769158,0.7242165923241365,0.639531280673745,0.8207227388942938,3.95,0.5152389499780664,0.5145565044373164,0.5765227437443655,0.724106113619654,0.7880332342942056,0.443884422440915,0.0,0.6522252733479725,0.6842955111139416,0.3676601465415985,0.0,0.15325940889531814,0.18621578858194002,0.0,0.6062901837397977,0.608205169820398,0.791820038829845,0.3575980103398299,0.4670259852900417,0.7664,0.76,0.68
s_curve,S-curve velocity flow,42,0.35,0.05,15,3,0.9,ok,,0.7442077462769158,0.7242165923241365,0.639531280673745,0.8207227388942938,4.0,0.5152389499780664,0.5145565044373164,0.5765227437443655,0.7183265303323009,0.7845331877623942,0.4266247558366204,0.0,0.656297220788913,0.6925353118916291,0.3676601465415985,0.0,0.15035539507924306,0.18885763620123444,0.0,0.6062901837397977,0.608205169820398,0.791820038829845,0.3575980103398299,0.4670259852900417,0.7664,0.76,0.68
s_curve,S-curve velocity flow,42,0.35,0.05,25,3,0.8,ok,,0.7112787728178444,0.6904866271660497,0.6019735193595226,0.7666680566222936,4.0,0.493797653747445,0.48571356427781043,0.5587095828951247,0.7340106469465064,0.7857967968661375,0.44412906714175854,0.0,0.6486909245995487,0.6816513442859101,0.40190716427689566,0.0,0.19765805951187893,0.2513340242000979,0.0,0.6452105378825186,0.6595924286578413,0.8112422932308929,0.3805537526170819,0.4784814891335766,0.7504000000000001,0.76,0.64
s_curve,S-curve velocity flow,42,0.35,0.05,25,3,0.9,ok,,0.7112787728178444,0.6904866271660497,0.6019735193595226,0.7666680566222936,4.0,0.493797653747445,0.48571356427781043,0.5587095828951247,0.7340106469465064,0.7857967968661375,0.44412906714175854,0.0,0.6486909245995487,0.6816513442859101,0.40190716427689566,0.0,0.19765805951187893,0.2513340242000979,0.0,0.6452105378825186,0.6595924286578413,0.8112422932308929,0.3805537526170819,0.4784814891335766,0.7504000000000001,0.76,0.64
s_curve,S-curve velocity flow,42,0.35,0.15,15,3,0.8,ok,,0.7340683601193245,0.7143697481779206,0.6303947570991808,0.8276670086413371,3.96,0.5184418241718898,0.5163933292266037,0.5728034096608147,0.7251162792393986,0.7978355060601541,0.4523661637403307,0.0,0.6727308762198925,0.6958274802933556,0.4914583657515173,0.0,0.16608077538257884,0.21256882758896306,0.0,0.6158456513760144,0.6182423697385447,0.7850868803622336,0.36323395218124394,0.4630546789158089,0.7636000000000002,0.76,0.676
s_curve,S-curve velocity flow,42,0.35,0.15,15,3,0.9,ok,,0.7340683601193245,0.7143697481779206,0.6303947570991808,0.8276670086413371,4.0,0.5184418241718898,0.5163933292266037,0.5728034096608147,0.7239645240015712,0.7978355060601541,0.4523661637403307,0.0,0.674006040407157,0.6997166834207986,0.4914583657515173,0.0,0.16507476508945407,0.2144580935326346,0.0,0.6158456513760144,0.6182423697385447,0.7850868803622336,0.36323395218124394,0.4630546789158089,0.7636000000000002,0.76,0.676
s_curve,S-curve velocity flow,42,0.35,0.15,25,3,0.8,ok,,0.6999258647547548,0.6790157943609226,0.5893704380344535,0.7547375929602304,4.0,0.4884820933410947,0.48473182227733563,0.5406864368678445,0.7267291767661984,0.7799928147207762,0.3873500552057957,0.0,0.6608344113155193,0.6972572842548805,0.464318604621278,0.0,0.19934713269998688,0.2335758138240615,0.0,0.658372484706158,0.6676973012644822,0.8251328255815537,0.3883168438274652,0.48667430977355103,0.7512000000000001,0.76,0.64
s_curve,S-curve velocity flow,42,0.35,0.15,25,3,0.9,ok,,0.6999258647547548,0.6790157943609226,0.5893704380344535,0.7547375929602304,4.0,0.4884820933410947,0.48473182227733563,0.5406864368678445,0.7267291767661984,0.7799928147207762,0.3873500552057957,0.0,0.6608344113155193,0.6972572842548805,0.464318604621278,0.0,0.19934713269998688,0.2335758138240615,0.0,0.658372484706158,0.6676973012644822,0.8251328255815537,0.3883168438274652,0.48667430977355103,0.7512000000000001,0.76,0.64
s_curve,S-curve velocity flow,42,0.35,0.3,15,3,0.8,ok,,0.7253661241506024,0.7061138605027328,0.6198502633416364,0.8108467977157788,3.97,0.5092196867332821,0.5064755752423813,0.5660854889147809,0.7163290608893331,0.7493983527232531,0.45028922467081456,0.0,0.6979502490920404,0.7172470662826318,0.47775239208639814,0.0,0.169898613322629,0.2200708614966933,0.0,0.6254250944748109,0.6166897315362755,0.8120495661882268,0.3688840350692153,0.4789576294556301,0.7588000000000001,0.76,0.676
s_curve,S-curve velocity flow,42,0.35,0.3,15,3,0.9,ok,,0.7253661241506024,0.7061138605027328,0.6198502633416364,0.8108467977157788,4.0,0.5092196867332821,0.5064755752423813,0.5660854889147809,0.7158172858512202,0.7493983527232531,0.45028922467081456,0.0,0.6986127215693445,0.7172470662826318,0.47775239208639814,0.0,0.1697445986751597,0.21939170030100888,0.0,0.6254250944748109,0.6166897315362755,0.8120495661882268,0.3688840350692153,0.4789576294556301,0.7588000000000001,0.76,0.676
s_curve,S-curve velocity flow,42,0.35,0.3,25,3,0.8,ok,,0.6848210992569963,0.6646352921519195,0.5721307372558531,0.7239779266070671,4.0,0.4782585595162166,0.4774062867750052,0.5411804839467577,0.7325201924265191,0.7909953087811652,0.45430059433925746,0.0,0.675731398153497,0.7138352220441624,0.4808306960287381,0.0,0.2045815752200523,0.2562218254196796,0.0,0.672253594819231,0.6735709499273539,0.8371606276760553,0.39650410710645195,0.49376846734546537,0.7572000000000001,0.76,0.68
s_curve,S-curve velocity flow,42,0.35,0.3,25,3,0.9,ok,,0.6848210992569963,0.6646352921519195,0.5721307372558531,0.7239779266070671,4.0,0.4782585595162166,0.4774062867750052,0.5411804839467577,0.7325201924265191,0.7909953087811652,0.45430059433925746,0.0,0.675731398153497,0.7138352220441624,0.4808306960287381,0.0,0.2045815752200523,0.2562218254196796,0.0,0.672253594819231,0.6735709499273539,0.8371606276760553,0.39650410710645195,0.49376846734546537,0.7572000000000001,0.76,0.68
s_curve,S-curve velocity flow,42,0.5,0.05,15,3,0.8,ok,,0.7115796160501818,0.689583417050143,0.5987802221652452,0.7913414967900291,3.8,0.4888015475881837,0.48469849182232705,0.5651209197290021,0.7385603491305688,0.7727270883882061,0.43204755936069106,0.0,0.6799032700777116,0.7119960347824761,0.4322355286474728,0.0,0.16629116828413879,0.20335204935699727,0.0,0.6922582010775225,0.6932579154562383,0.8647737362807846,0.40830308981712515,0.5100550458868501,0.74,0.76,0.64
s_curve,S-curve velocity flow,42,0.5,0.05,15,3,0.9,ok,,0.7115517505627613,0.6895474556830365,0.5988303703319039,0.7913414967900291,4.0,0.48862787212137904,0.48443794124128386,0.5652057594005512,0.7271057540984691,0.7751196531014548,0.4433225001627523,0.0,0.6684377309079004,0.7142751598713553,0.37839977297291855,0.0,0.16396807877580083,0.19351371898562264,0.0,0.692063645352413,0.6932579154562383,0.8647737362807846,0.4081883382640484,0.5100550458868501,0.7396,0.76,0.64
s_curve,S-curve velocity flow,42,0.5,0.05,25,3,0.8,ok,,0.6760787671822416,0.6521654255931459,0.5544146781558803,0.7463664448102798,3.93,0.44858136465690807,0.44288285375364983,0.5178263681354738,0.7276259448184846,0.7843306730698894,0.40415951634789604,0.0,0.6776989476459295,0.716676851698753,0.4299361542164103,0.0,0.21536919247123038,0.2686639059977832,0.0,0.7436216719580319,0.7596954910076779,0.8988836019769331,0.4385979477640596,0.5301734981280898,0.7188000000000001,0.72,0.6
s_curve,S-curve velocity flow,42,0.5,0.05,25,3,0.9,ok,,0.6760787671822416,0.6521654255931459,0.5544146781558803,0.7463664448102798,4.0,0.44858136465690807,0.44288285375364983,0.5178263681354738,0.7248630108831887,0.7843306730698894,0.40415951634789604,0.0,0.6777006279550796,0.7131329715983861,0.4299361542164103,0.0,0.21469645148667948,0.26154589911045795,0.0,0.7436216719580319,0.7596954910076779,0.8988836019769331,0.4385979477640596,0.5301734981280898,0.7188000000000001,0.72,0.6
s_curve,S-curve velocity flow,42,0.5,0.15,15,3,0.8,ok,,0.7006847668879186,0.6790396919303479,0.5889262615509753,0.7839380355439125,3.83,0.4932839321287895,0.4880107820190642,0.5666975177047189,0.7136209979908219,0.7477395075269864,0.392309818478779,0.0,0.6889460932749256,0.7223983427065812,0.3934949748169635,0.0,0.1709942748604132,0.21524158592559234,0.0,0.701811443503599,0.7120720021070831,0.870232503583315,0.41393771920001676,0.5132746994102705,0.7336,0.72,0.64
s_curve,S-curve velocity flow,42,0.5,0.15,15,3,0.9,ok,,0.7006847668879186,0.6790396919303479,0.5889262615509753,0.7839380355439125,4.0,0.4932839321287895,0.4880107820190642,0.5666975177047189,0.7048459664025947,0.7435263095236495,0.392309818478779,0.0,0.6840824541100329,0.7163010808339334,0.42110418293704444,0.0,0.17020802520615497,0.21893016847181856,0.0,0.701811443503599,0.7120720021070831,0.870232503583315,0.41393771920001676,0.5132746994102705,0.7336,0.72,0.64
s_curve,S-curve velocity flow,42,0.5,0.15,25,3,0.8,ok,,0.6666839856748543,0.6432939999839938,0.5437676894332828,0.7243152630833006,3.96,0.4402664751372013,0.4360843820617427,0.504516484143376,0.7199106886713248,0.7757222118017855,0.39857804857768747,0.0,0.6891722617507732,0.726934599782532,0.43136200750679443,0.0,0.21298887429007707,0.2688251029635627,0.0,0.7521536291549853,0.7728465090162038,0.9094401599965646,0.4436302095419355,0.5363998963860522,0.7195999999999999,0.72,0.6
s_curve,S-curve velocity flow,42,0.5,0.15,25,3,0.9,ok,,0.6666839856748543,0.6432939999839938,0.5437676894332828,0.7243152630833006,4.0,0.4402664751372013,0.4360843820617427,0.504516484143376,0.7173065338204144,0.7757222118017855,0.39857804857768747,0.0,0.6872731299115852,0.7231974388951175,0.43136200750679443,0.0,0.2118465423090176,0.26881932619379134,0.0,0.7521536291549853,0.7728465090162038,0.9094401599965646,0.4436302095419355,0.5363998963860522,0.7195999999999999,0.72,0.6
s_curve,S-curve velocity flow,42,0.5,0.3,15,3,0.8,ok,,0.6922338161139571,0.6706383854188915,0.576896061082782,0.7768755638282356,3.82,0.47566986196664146,0.4769639394660387,0.5387907763278122,0.7257756764213689,0.7863949843175069,0.4734352271203933,0.0,0.7170623784172244,0.743475993287542,0.48578422136315885,0.0,0.18151995677704233,0.23024450068972852,0.0,0.7119530128535925,0.7159467506868237,0.8634414751394587,0.4199193516238026,0.50926926055473,0.7295999999999999,0.72,0.64
s_curve,S-curve velocity flow,42,0.5,0.3,15,3,0.9,ok,,0.6922338161139571,0.6706383854188915,0.576896061082782,0.7768755638282356,4.0,0.47566986196664146,0.4769639394660387,0.5387907763278122,0.7230076395203827,0.7863949843175069,0.4734352271203933,0.0,0.7093332291716276,0.7340610524876767,0.48324827766107376,0.0,0.17900749530367172,0.22563888012588418,0.0,0.7119530128535925,0.7159467506868237,0.8634414751394587,0.4199193516238026,0.50926926055473,0.7295999999999999,0.72,0.64
s_curve,S-curve velocity flow,42,0.5,0.3,25,3,0.8,ok,,0.6531504816469189,0.6302574851956548,0.5277750685937672,0.695426570349881,3.94,0.42711449146931096,0.4296285187085454,0.4916803418819775,0.7301364055242354,0.7834056814747303,0.420276611736348,0.0,0.6959952417803195,0.7539005240787934,0.41593646464803924,0.0,0.2092285546003655,0.265551338800991,0.0,0.7657169269857123,0.7758018099123712,0.9175007000005151,0.45163002291182514,0.5411541100365149,0.7252000000000001,0.72,0.6
s_curve,S-curve velocity flow,42,0.5,0.3,25,3,0.9,ok,,0.6531504816469189,0.6302574851956548,0.5277750685937672,0.695426570349881,4.0,0.42711449146931096,0.4296285187085454,0.4916803418819775,0.72759823984981,0.7834056814747303,0.420276611736348,0.0,0.6940156346278279,0.746792006250278,0.41980275585556515,0.0,0.20879977133580824,0.2658556533372809,0.0,0.7657169269857123,0.7758018099123712,0.9175007000005151,0.45163002291182514,0.5411541100365149,0.7252000000000001,0.72,0.6
swiss_roll,Swiss roll velocity flow,42,0.2,0.05,15,3,0.8,ok,,0.8101312000013882,0.7985625164286978,0.7269178240199062,0.8913908227926888,4.0,0.537416432919747,0.5418270509283145,0.5785767405175863,0.7374205281748017,0.7843009158233567,0.5093316950310314,0.0,0.6157995043005892,0.6291438723513139,0.3671263369090125,0.0,0.27378821773990003,0.28469181952783024,0.0,0.3856104342487414,0.37345731053164977,0.5090529538114615,0.24256602622737453,0.32021683330721873,0.8423999999999999,0.84,0.76
swiss_roll,Swiss roll velocity flow,42,0.2,0.05,15,3,0.9,ok,,0.8101312000013882,0.7985625164286978,0.7269178240199062,0.8913908227926888,4.0,0.537416432919747,0.5418270509283145,0.5785767405175863,0.7374205281748017,0.7843009158233567,0.5093316950310314,0.0,0.6157995043005892,0.6291438723513139,0.3671263369090125,0.0,0.27378821773990003,0.28469181952783024,0.0,0.3856104342487414,0.37345731053164977,0.5090529538114615,0.24256602622737453,0.32021683330721873,0.8423999999999999,0.84,0.76
swiss_roll,Swiss roll velocity flow,42,0.2,0.05,25,3,0.8,ok,,0.7885988410407185,0.7763991488685789,0.7021438748842804,0.8690445193396111,4.0,0.5326780818435982,0.5332445035309399,0.5728651533277662,0.818197032793925,0.8696999897505746,0.5643030929619847,0.0,0.6365238642738876,0.6716291286637697,0.4017862623407555,0.0,0.3537790903037346,0.37715058571688614,0.0,0.40469982838638424,0.39567887734421364,0.5338107917563971,0.2545740998368901,0.33579060889756096,0.8343999999999998,0.84,0.76
swiss_roll,Swiss roll velocity flow,42,0.2,0.05,25,3,0.9,ok,,0.7885988410407185,0.7763991488685789,0.7021438748842804,0.8690445193396111,4.0,0.5326780818435982,0.5332445035309399,0.5728651533277662,0.818197032793925,0.8696999897505746,0.5643030929619847,0.0,0.6365238642738876,0.6716291286637697,0.4017862623407555,0.0,0.3537790903037346,0.37715058571688614,0.0,0.40469982838638424,0.39567887734421364,0.5338107917563971,0.2545740998368901,0.33579060889756096,0.8343999999999998,0.84,0.76
swiss_roll,Swiss roll velocity flow,42,0.2,0.15,15,3,0.8,ok,,0.8039760867584457,0.7925688867261915,0.7208608348389721,0.8847503985535426,4.0,0.5385789791523039,0.5371164881767616,0.5793100057143447,0.7515850038005205,0.8143733757524306,0.5239159981029989,0.0,0.6351296879554341,0.649103049154905,0.40900543501349473,0.0,0.2811839154168464,0.30403305790199653,0.0,0.39016425769073143,0.37952880910516545,0.5119228899978774,0.24543058267698564,0.32202215016183466,0.8352,0.84,0.76
swiss_roll,Swiss roll velocity flow,42,0.2,0.15,15,3,0.9,ok,,0.8039760867584457,0.7925688867261915,0.7208608348389721,0.8847503985535426,4.0,0.5385789791523039,0.5371164881767616,0.5793100057143447,0.7515850038005205,0.8143733757524306,0.5239159981029989,0.0,0.6351296879554341,0.649103049154905,0.40900543501349473,0.0,0.2811839154168464,0.30403305790199653,0.0,0.39016425769073143,0.37952880910516545,0.5119228899978774,0.24543058267698564,0.32202215016183466,0.8352,0.84,0.76
swiss_roll,Swiss roll velocity flow,42,0.2,0.15,25,3,0.8,ok,,0.7777138578774628,0.7657896167605541,0.6907794293565932,0.85141152076651,4.0,0.5294250043265896,0.5300897815242476,0.5726292090028969,0.8030009207182961,0.860942644867186,0.5223075385965494,0.0,0.6494783593956055,0.6791870056152716,0.4663863048850608,0.0,0.3570924764758051,0.38404234022724365,0.0,0.4134804155726246,0.4018502217627027,0.5407254310163148,0.26009747771399244,0.3401402229616661,0.8320000000000001,0.84,0.76
swiss_roll,Swiss roll velocity flow,42,0.2,0.15,25,3,0.9,ok,,0.7777138578774628,0.7657896167605541,0.6907794293565932,0.85141152076651,4.0,0.5294250043265896,0.5300897815242476,0.5726292090028969,0.8030009207182961,0.860942644867186,0.5223075385965494,0.0,0.6494783593956055,0.6791870056152716,0.4663863048850608,0.0,0.3570924764758051,0.38404234022724365,0.0,0.4134804155726246,0.4018502217627027,0.5407254310163148,0.26009747771399244,0.3401402229616661,0.8320000000000001,0.84,0.76
swiss_roll,Swiss roll velocity flow,42,0.2,0.3,15,3,0.8,ok,,0.802907881931515,0.7913833540841416,0.7180082446981446,0.8750507662280349,4.0,0.5405532829283516,0.5429109777702675,0.5875257964280131,0.7409517081601328,0.7979337577237247,0.4822465085463241,0.0,0.6589468477552087,0.6841950062393788,0.4589314337529799,0.0,0.3065261219121392,0.3314948730132512,0.0,0.39410769607183643,0.3859637791660856,0.5199851106478167,0.24791117991404102,0.3270936437002138,0.8343999999999998,0.84,0.76
swiss_roll,Swiss roll velocity flow,42,0.2,0.3,15,3,0.9,ok,,0.802907881931515,0.7913833540841416,0.7180082446981446,0.8750507662280349,4.0,0.5405532829283516,0.5429109777702675,0.5875257964280131,0.7409517081601328,0.7979337577237247,0.4822465085463241,0.0,0.6589468477552087,0.6841950062393788,0.4589314337529799,0.0,0.3065261219121392,0.3314948730132512,0.0,0.39410769607183643,0.3859637791660856,0.5199851106478167,0.24791117991404102,0.3270936437002138,0.8343999999999998,0.84,0.76
swiss_roll,Swiss roll velocity flow,42,0.2,0.3,25,3,0.8,ok,,0.7704857066280985,0.7588329247394678,0.6837125178383258,0.8305236717423499,4.0,0.5273382994502521,0.5274435883859896,0.562345132753158,0.7963131850584344,0.8491930934169657,0.555611310381705,0.0,0.6621250389773968,0.6875733581506764,0.48184776801217893,0.0,0.3641255742547166,0.3953096628995712,0.0,0.42003221346147795,0.4131927702914166,0.5434692158509982,0.26421884850013383,0.3418661850339029,0.8264,0.84,0.76
swiss_roll,Swiss roll velocity flow,42,0.2,0.3,25,3,0.9,ok,,0.7704857066280985,0.7588329247394678,0.6837125178383258,0.8305236717423499,4.0,0.5273382994502521,0.5274435883859896,0.562345132753158,0.7963131850584344,0.8491930934169657,0.555611310381705,0.0,0.6621250389773968,0.6875733581506764,0.48184776801217893,0.0,0.3641255742547166,0.3953096628995712,0.0,0.42003221346147795,0.4131927702914166,0.5434692158509982,0.26421884850013383,0.3418661850339029,0.8264,0.84,0.76
swiss_roll,Swiss roll velocity flow,42,0.35,0.05,15,3,0.8,ok,,0.6998718874954488,0.6865196355167424,0.6046523091778416,0.7606045606266135,3.93,0.4779687556678034,0.4768954843321456,0.5323279811283567,0.7559741794438246,0.8126997323656288,0.44245517699775994,0.0,0.6505083944852376,0.6664799084459532,0.40864483053245887,0.0,0.31368306554927083,0.32438464725090177,0.0,0.5693680484300974,0.5620342123382436,0.741853877230409,0.35815769673762354,0.46665891547186056,0.7584000000000001,0.76,0.68
swiss_roll,Swiss roll velocity flow,42,0.35,0.05,15,3,0.9,ok,,0.6998718874954488,0.6865196355167424,0.6046523091778416,0.7606045606266135,4.0,0.4779687556678034,0.4768954843321456,0.5323279811283567,0.7559327320815005,0.8112620749115811,0.44358644961613036,0.0,0.6477029419870728,0.6664799084459532,0.3945451447534415,0.0,0.3137541127064401,0.3227122060144826,0.0,0.5693680484300974,0.5620342123382436,0.741853877230409,0.35815769673762354,0.46665891547186056,0.7584000000000001,0.76,0.68
swiss_roll,Swiss roll velocity flow,42,0.35,0.05,25,3,0.8,ok,,0.6697042976219975,0.6546214083298452,0.5676297576900725,0.7084928618420975,4.0,0.44924398991132114,0.44681444182583896,0.4976729430515214,0.8390887142569077,0.8899014166921437,0.6021121471611507,0.0,0.6785788647919492,0.7218280837747021,0.45351242274238135,0.0,0.3925272391972621,0.430146012056152,0.0,0.5986580564105405,0.5848763625669986,0.7883761861393962,0.3765824078267461,0.4959235063664526,0.7559999999999999,0.76,0.68
swiss_roll,Swiss roll velocity flow,42,0.35,0.05,25,3,0.9,ok,,0.6697042976219975,0.6546214083298452,0.5676297576900725,0.7084928618420975,4.0,0.44924398991132114,0.44681444182583896,0.4976729430515214,0.8390887142569077,0.8899014166921437,0.6021121471611507,0.0,0.6785788647919492,0.7218280837747021,0.45351242274238135,0.0,0.3925272391972621,0.430146012056152,0.0,0.5986580564105405,0.5848763625669986,0.7883761861393962,0.3765824078267461,0.4959235063664526,0.7559999999999999,0.76,0.68
swiss_roll,Swiss roll velocity flow,42,0.35,0.15,15,3,0.8,ok,,0.6928012323064615,0.6796597530299944,0.5976467656061524,0.7524842950179583,3.91,0.47260965795930077,0.47208739735123406,0.5171979900149164,0.7678500592560706,0.8273910598724292,0.48760657459350115,0.0,0.6666762057206977,0.6883216998778374,0.4102871234646785,0.0,0.3223119374287652,0.348030554749298,0.0,0.5759729067279769,0.569893773651081,0.7466916109462647,0.3623124448689411,0.4697020640466327,0.7544,0.76,0.676
swiss_roll,Swiss roll velocity flow,42,0.35,0.15,15,3,0.9,ok,,0.6928012323064615,0.6796597530299944,0.5976467656061524,0.7524842950179583,4.0,0.47260965795930077,0.47208739735123406,0.5171979900149164,0.7698805781370787,0.8297149771813002,0.48760657459350115,0.0,0.6668003874166457,0.6883216998778374,0.43149029912614356,0.0,0.3230084493658357,0.3470886109782524,0.0,0.5759729067279769,0.569893773651081,0.7466916109462647,0.3623124448689411,0.4697020640466327,0.7544,0.76,0.676
swiss_roll,Swiss roll velocity flow,42,0.35,0.15,25,3,0.8,ok,,0.6576461539494989,0.6427937526977324,0.5548355866978554,0.708559995559092,3.97,0.44381574817402336,0.4426281553932008,0.4869140537886585,0.8285732156273746,0.8784216098542366,0.6052236215216776,0.0,0.6814834758146531,0.7109874121688016,0.46620340136873006,0.0,0.39858457109720696,0.45327422747509694,0.0,0.6095261279603311,0.6017345681342423,0.7978855458969304,0.3834189057387476,0.501905314438751,0.7483999999999997,0.72,0.676
swiss_roll,Swiss roll velocity flow,42,0.35,0.15,25,3,0.9,ok,,0.6576461539494989,0.6427937526977324,0.5548355866978554,0.708559995559092,4.0,0.44381574817402336,0.4426281553932008,0.4869140537886585,0.8273566138335606,0.8747154460917802,0.6052236215216776,0.0,0.6808985759259967,0.7089424403317914,0.46620340136873006,0.0,0.3985817002934505,0.45327422747509694,0.0,0.6095261279603311,0.6017345681342423,0.7978855458969304,0.3834189057387476,0.501905314438751,0.7483999999999997,0.72,0.676
swiss_roll,Swiss roll velocity flow,42,0.35,0.3,15,3,0.8,ok,,0.6938983677963578,0.6798735222017587,0.5956184613940689,0.7446298431246148,3.89,0.4801616908146474,0.4804367929800891,0.5318252039363879,0.7690250713232172,0.8061022654416843,0.5411427038041844,0.0,0.6921475544089847,0.7364544294674555,0.46269650733890044,0.0,0.34095321626015584,0.37640998528948366,0.0,0.5805652706515148,0.5832869014355743,0.7439542906093967,0.36520124498684453,0.4679801684295728,0.7575999999999999,0.76,0.68
swiss_roll,Swiss roll velocity flow,42,0.35,0.3,15,3,0.9,ok,,0.6938983677963578,0.6798735222017587,0.5956184613940689,0.7446298431246148,4.0,0.4801616908146474,0.4804367929800891,0.5318252039363879,0.7690045913886874,0.8086929872019473,0.5411427038041844,0.0,0.6897759453389932,0.7364544294674555,0.4577608558559101,0.0,0.340829210811146,0.3724232433036325,0.0,0.5805652706515148,0.5832869014355743,0.7439542906093967,0.36520124498684453,0.4679801684295728,0.7575999999999999,0.76,0.68
swiss_roll,Swiss roll velocity flow,42,0.35,0.3,25,3,0.8,ok,,0.647886860361621,0.633238018331695,0.5446089313733009,0.6963480923887116,3.98,0.4386237123773336,0.43512629776607387,0.48949122040346577,0.801315583621816,0.8629919240812258,0.47639250758895096,0.0,0.7027874625737586,0.7451516528788573,0.4995862194105742,0.0,0.4020266822152414,0.4443404323102105,0.0,0.6205809140895842,0.6158959422836567,0.7952293369085837,0.39037285538326544,0.5002344414490509,0.7492000000000002,0.76,0.64
swiss_roll,Swiss roll velocity flow,42,0.35,0.3,25,3,0.9,ok,,0.647886860361621,0.633238018331695,0.5446089313733009,0.6963480923887116,4.0,0.4386237123773336,0.43512629776607387,0.48949122040346577,0.8013226124464112,0.8629919240812258,0.47639250758895096,0.0,0.7028049295677938,0.7451516528788573,0.4995862194105742,0.0,0.402034128496301,0.4443404323102105,0.0,0.6205809140895842,0.6158959422836567,0.7952293369085837,0.39037285538326544,0.5002344414490509,0.7492000000000002,0.76,0.64
swiss_roll,Swiss roll velocity flow,42,0.5,0.05,15,3,0.8,ok,,0.6651700589125572,0.6495699559671247,0.5614228571818132,0.7178857738770664,3.64,0.44059414569541955,0.4418573362697367,0.498650293135587,0.7938549495349035,0.8506763939648965,0.5609419832468194,0.0,0.6615704538354499,0.7065800518275344,0.3681417885899606,0.0,0.33079412185119844,0.3558224693018994,0.0,0.6481176243447574,0.6518978228720133,0.8186803020054371,0.40769466462057286,0.5149861361894252,0.7324,0.72,0.64
swiss_roll,Swiss roll velocity flow,42,0.5,0.05,15,3,0.9,ok,,0.6659820220285261,0.6503508563497045,0.5621644324231884,0.7219365964379448,4.0,0.43975061854756986,0.4418649785282411,0.4956944579477409,0.7796186994417974,0.8305311975272116,0.5382439455290594,0.0,0.6646940020093595,0.7002600697740142,0.39237154710486866,0.0,0.3313685512230806,0.34907382365260137,0.0,0.6478181336633969,0.6518978228720133,0.8186803020054371,0.40750627172967174,0.5149861361894252,0.7332,0.72,0.64
swiss_roll,Swiss roll velocity flow,42,0.5,0.05,25,3,0.8,ok,,0.6336181819455596,0.6159687726209724,0.5215405311686474,0.6694357409556424,3.69,0.4013327558190378,0.40079545866805133,0.44770277072020687,0.8604354119142831,0.8953052316182084,0.6873736666197646,0.0,0.6995955630938718,0.748863071805687,0.43249680362815685,0.0,0.4029513096848685,0.445171035806341,0.0,0.6831402935417245,0.6814479881835336,0.8714324275816051,0.4297254732825195,0.5481695574342053,0.7336,0.72,0.64
swiss_roll,Swiss roll velocity flow,42,0.5,0.05,25,3,0.9,ok,,0.6336181819455596,0.6159687726209724,0.5215405311686474,0.6694357409556424,4.0,0.4013327558190378,0.40079545866805133,0.44770277072020687,0.8520176130167886,0.8873100486270449,0.6873736666197646,0.0,0.6942826742888469,0.7361950466656488,0.44902055109503,0.0,0.39664514766614245,0.4429236661018383,0.0,0.6831402935417245,0.6814479881835336,0.8714324275816051,0.4297254732825195,0.5481695574342053,0.7336,0.72,0.64
swiss_roll,Swiss roll velocity flow,42,0.5,0.15,15,3,0.8,ok,,0.6586028668351698,0.6432831180014718,0.5553854903188624,0.7235744619195567,3.59,0.4353381030336495,0.43701631023915943,0.48444325205184396,0.8074449073144585,0.8562291304625583,0.5952333017264851,0.0,0.690540480671519,0.715548646793652,0.4089704596988035,0.0,0.3414811794285695,0.36323498521307396,0.0,0.6544989609748142,0.6571738309405173,0.8204864691193847,0.41170880773209867,0.5161222952261649,0.732,0.72,0.64
swiss_roll,Swiss roll velocity flow,42,0.5,0.15,15,3,0.9,ok,,0.6591998244786198,0.6438216272019865,0.555917399382139,0.7235744619195567,4.0,0.435302039638205,0.4369468536874178,0.48399814754036236,0.7893150458088647,0.8429181174108179,0.5791059845427118,0.0,0.6810473093078331,0.7041847846282392,0.43469726853743496,0.0,0.3393057288019652,0.36399268928321954,0.0,0.6542528554219251,0.6571738309405173,0.8204864691193847,0.41155399644927354,0.5161222952261649,0.7315999999999999,0.72,0.64
swiss_roll,Swiss roll velocity flow,42,0.5,0.15,25,3,0.8,ok,,0.6211005432239747,0.6038028012910148,0.5084664096266194,0.6706246261788277,3.59,0.3950526979195604,0.39121710892267836,0.44324033856938644,0.8695359905570104,0.9091830140505374,0.6904700638102966,0.0,0.7210755892253029,0.7707709855205199,0.499478942780836,0.0,0.4236204466674047,0.4746834073120118,0.0,0.6937845552204245,0.6901348374081389,0.8841737893206782,0.4364211848821208,0.5561844377674974,0.7279999999999999,0.72,0.64
swiss_roll,Swiss roll velocity flow,42,0.5,0.15,25,3,0.9,ok,,0.6211005432239747,0.6038028012910148,0.5084664096266194,0.6706246261788277,4.0,0.3950526979195604,0.39121710892267836,0.44324033856938644,0.8539722361193103,0.8816041992048326,0.6902524623869031,0.0,0.7111960620038272,0.740509287818683,0.499478942780836,0.0,0.4132527236645618,0.4675425613269626,0.0,0.6937845552204245,0.6901348374081389,0.8841737893206782,0.4364211848821208,0.5561844377674974,0.7279999999999999,0.72,0.64
swiss_roll,Swiss roll velocity flow,42,0.5,0.3,15,3,0.8,ok,,0.6583554345589052,0.6417623176624706,0.5518724145512244,0.7055917377933453,3.65,0.44495308340086004,0.44500795713901053,0.49801935901049393,0.8018764288977731,0.8231953780203873,0.617459181902216,0.0,0.703467457708739,0.7533263571181039,0.3558400703680902,0.0,0.37197533772565206,0.40924740857105707,0.0,0.6607143510007312,0.6548271956872915,0.8316961802851001,0.41561856308655937,0.5231736995739794,0.7283999999999999,0.72,0.64
swiss_roll,Swiss roll velocity flow,42,0.5,0.3,15,3,0.9,ok,,0.6591214900495783,0.6424896440188956,0.5526721697075363,0.7055917377933453,4.0,0.44516729725319104,0.4451621373621313,0.4979041668327979,0.793756643809108,0.8147650956635776,0.6024571857318246,0.0,0.6933149898427408,0.7441297028131673,0.37642054154958615,0.0,0.3652633884112075,0.3964773825259649,0.0,0.6604793734785612,0.6548271956872915,0.8301885998522491,0.41547075182746684,0.5222253647719732,0.7283999999999999,0.72,0.64
swiss_roll,Swiss roll velocity flow,42,0.5,0.3,25,3,0.8,ok,,0.6118715757163423,0.5946343207543624,0.49827862224202646,0.6714935726797508,3.48,0.3911387377449455,0.3901040423713108,0.44588300107235723,0.843634229768918,0.8934440966331993,0.6350034654759824,0.0,0.7398075543787448,0.7788515824930475,0.5123174756434148,0.0,0.43118037231904033,0.4873794795498731,0.0,0.7057134179305424,0.7151777839987481,0.8724916051757258,0.4439249673734906,0.54883582700903,0.7272,0.72,0.64
swiss_roll,Swiss roll velocity flow,42,0.5,0.3,25,3,0.9,ok,,0.6118715757163423,0.5946343207543624,0.49827862224202646,0.6714935726797508,4.0,0.3911387377449455,0.3901040423713108,0.44588300107235723,0.8222609167912135,0.8777925013701355,0.6335733671672006,0.0,0.7211129803138495,0.765026558453384,0.4892822127130629,0.0,0.41547674564802733,0.46698409784426254,0.0,0.7057134179305424,0.7151777839987481,0.8724916051757258,0.4439249673734906,0.54883582700903,0.7272,0.72,0.64
half_sphere_rotation,Half-sphere rotation field,42,0.2,0.05,15,3,0.8,ok,,0.8527818162168629,0.8386051165851781,0.7542721853139963,0.9160037919431174,4.0,0.528974285160032,0.5291428060378625,0.5788968477403766,0.7795722592900379,0.8180845408127073,0.6012902010436766,0.0,0.6334227300225266,0.6546662692918401,0.44687573155244914,0.0,0.3421493092795778,0.3742916853816569,0.0,0.423692730502214,0.41651464302573643,0.5650808687027463,0.24696111172345542,0.3293731270372998,0.8567999999999999,0.88,0.76
half_sphere_rotation,Half-sphere rotation field,42,0.2,0.05,15,3,0.9,ok,,0.8527818162168629,0.8386051165851781,0.7542721853139963,0.9160037919431174,4.0,0.528974285160032,0.5291428060378625,0.5788968477403766,0.7795722592900379,0.8180845408127073,0.6012902010436766,0.0,0.6334227300225266,0.6546662692918401,0.44687573155244914,0.0,0.3421493092795778,0.3742916853816569,0.0,0.423692730502214,0.41651464302573643,0.5650808687027463,0.24696111172345542,0.3293731270372998,0.8567999999999999,0.88,0.76
half_sphere_rotation,Half-sphere rotation field,42,0.2,0.05,25,3,0.8,ok,,0.830124738566497,0.8162088711337628,0.7312774164311675,0.8907161702212378,4.0,0.5203830147540137,0.5223300195672054,0.5649653346201452,0.8061967857530563,0.8480011095859922,0.577321295977542,0.0,0.6407252199397336,0.6693516395494936,0.4403973452855428,0.0,0.3951625842972134,0.436039587208076,0.0,0.44526876470532784,0.44247840200534416,0.5874898838839248,0.2595373043502875,0.3424348458333996,0.8492000000000001,0.84,0.8
half_sphere_rotation,Half-sphere rotation field,42,0.2,0.05,25,3,0.9,ok,,0.830124738566497,0.8162088711337628,0.7312774164311675,0.8907161702212378,4.0,0.5203830147540137,0.5223300195672054,0.5649653346201452,0.8061967857530563,0.8480011095859922,0.577321295977542,0.0,0.6407252199397336,0.6693516395494936,0.4403973452855428,0.0,0.3951625842972134,0.436039587208076,0.0,0.44526876470532784,0.44247840200534416,0.5874898838839248,0.2595373043502875,0.3424348458333996,0.8492000000000001,0.84,0.8
half_sphere_rotation,Half-sphere rotation field,42,0.2,0.15,15,3,0.8,ok,,0.8441238743916869,0.830415140018545,0.7460088116258424,0.9025291661461387,4.0,0.52985365128974,0.5288164249940046,0.580577505598909,0.7827628942634851,0.8354348256340705,0.5859255361932435,0.0,0.6404273559615814,0.6589704169473471,0.4431998117743963,0.0,0.33956703513389136,0.3624251901713112,0.0,0.43079589576305166,0.4273705973701011,0.5859941970913678,0.25110138948439925,0.341563043117686,0.8532,0.84,0.76
half_sphere_rotation,Half-sphere rotation field,42,0.2,0.15,15,3,0.9,ok,,0.8441238743916869,0.830415140018545,0.7460088116258424,0.9025291661461387,4.0,0.52985365128974,0.5288164249940046,0.580577505598909,0.7827628942634851,0.8354348256340705,0.5859255361932435,0.0,0.6404273559615814,0.6589704169473471,0.4431998117743963,0.0,0.33956703513389136,0.3624251901713112,0.0,0.43079589576305166,0.4273705973701011,0.5859941970913678,0.25110138948439925,0.341563043117686,0.8532,0.84,0.76
half_sphere_rotation,Half-sphere rotation field,42,0.2,0.15,25,3,0.8,ok,,0.8160936876782342,0.8029123161402615,0.7182325615297362,0.8843180817497384,4.0,0.5189569295844074,0.5176361794185889,0.5616943518571434,0.8172636170099078,0.8795586185026751,0.6137416944488323,0.0,0.6487216883950172,0.6826120350130234,0.44779947729117836,0.0,0.4036993168630297,0.4297728343061207,0.0,0.4546591795656982,0.45011488406146166,0.5936824245785802,0.2650107692613155,0.34604434069665135,0.8447999999999999,0.84,0.796
half_sphere_rotation,Half-sphere rotation field,42,0.2,0.15,25,3,0.9,ok,,0.8160936876782342,0.8029123161402615,0.7182325615297362,0.8843180817497384,4.0,0.5189569295844074,0.5176361794185889,0.5616943518571434,0.8172636170099078,0.8795586185026751,0.6137416944488323,0.0,0.6487216883950172,0.6826120350130234,0.44779947729117836,0.0,0.4036993168630297,0.4297728343061207,0.0,0.4546591795656982,0.45011488406146166,0.5936824245785802,0.2650107692613155,0.34604434069665135,0.8447999999999999,0.84,0.796
half_sphere_rotation,Half-sphere rotation field,42,0.2,0.3,15,3,0.8,ok,,0.8383697685213422,0.8250590026124638,0.7402666244377147,0.9056937574233287,4.0,0.5282537729100731,0.5279718006638361,0.5733830406277102,0.7787167545977526,0.8249427105534565,0.5234250918254119,0.0,0.6804935879388601,0.7082582466977314,0.5052458499825828,0.0,0.33479324089500595,0.3696051463680866,0.0,0.4364620357512574,0.43888089360661175,0.5696221521897391,0.25440405703078217,0.33202014063432267,0.8463999999999998,0.84,0.76
half_sphere_rotation,Half-sphere rotation field,42,0.2,0.3,15,3,0.9,ok,,0.8383697685213422,0.8250590026124638,0.7402666244377147,0.9056937574233287,4.0,0.5282537729100731,0.5279718006638361,0.5733830406277102,0.7787167545977526,0.8249427105534565,0.5234250918254119,0.0,0.6804935879388601,0.7082582466977314,0.5052458499825828,0.0,0.33479324089500595,0.3696051463680866,0.0,0.4364620357512574,0.43888089360661175,0.5696221521897391,0.25440405703078217,0.33202014063432267,0.8463999999999998,0.84,0.76
half_sphere_rotation,Half-sphere rotation field,42,0.2,0.3,25,3,0.8,ok,,0.8072050351399301,0.7942413166727588,0.707587107983184,0.8656351820687578,4.0,0.5124987744874473,0.5116504182659725,0.5538318345546556,0.826107780445324,0.87729719387783,0.6500782593366388,0.0,0.6783097926009328,0.6959283781312133,0.4871753916650692,0.0,0.4098367326888447,0.45032272098038806,0.0,0.4631116458643123,0.456235958423415,0.6203687924946275,0.2699375247226058,0.36159923369799296,0.8452,0.84,0.796
half_sphere_rotation,Half-sphere rotation field,42,0.2,0.3,25,3,0.9,ok,,0.8072050351399301,0.7942413166727588,0.707587107983184,0.8656351820687578,4.0,0.5124987744874473,0.5116504182659725,0.5538318345546556,0.826107780445324,0.87729719387783,0.6500782593366388,0.0,0.6783097926009328,0.6959283781312133,0.4871753916650692,0.0,0.4098367326888447,0.45032272098038806,0.0,0.4631116458643123,0.456235958423415,0.6203687924946275,0.2699375247226058,0.36159923369799296,0.8452,0.84,0.796
half_sphere_rotation,Half-sphere rotation field,42,0.35,0.05,15,3,0.8,ok,,0.7406211913585145,0.7243916315708313,0.6261975059535668,0.8051781550477357,3.89,0.46406464055117197,0.4627922284134821,0.509907260990178,0.7993272418652672,0.8425346928062725,0.5976045738091454,0.0,0.6718961350400605,0.7055518991879748,0.46415658101335006,0.0,0.3848842498453754,0.42183848234218724,0.0,0.6274932398022778,0.610757547622031,0.8274145024770015,0.36575191629282283,0.4822815938938142,0.7812,0.8,0.68
half_sphere_rotation,Half-sphere rotation field,42,0.35,0.05,15,3,0.9,ok,,0.7406211913585145,0.7243916315708313,0.6261975059535668,0.8051781550477357,4.0,0.46406464055117197,0.4627922284134821,0.509907260990178,0.7984475380561009,0.8438615688338488,0.5976045738091454,0.0,0.6706760564071621,0.7055518991879748,0.46415658101335006,0.0,0.38639275073698903,0.423758607012097,0.0,0.6274932398022778,0.610757547622031,0.8274145024770015,0.36575191629282283,0.4822815938938142,0.7812,0.8,0.68
half_sphere_rotation,Half-sphere rotation field,42,0.35,0.05,25,3,0.8,ok,,0.7090144933170314,0.6939767658146068,0.5943374677632689,0.776549296034402,4.0,0.4429787804477909,0.4433040999809356,0.5026108296548227,0.8189134647318325,0.867484139466667,0.587680903481134,0.0,0.6822447127716283,0.7097463297816553,0.43974138455302464,0.0,0.4259489733233175,0.4622782289214378,0.0,0.6623417799146212,0.6592011233665693,0.8779053222187105,0.3860643587505505,0.5117115748152733,0.7660000000000001,0.76,0.68
half_sphere_rotation,Half-sphere rotation field,42,0.35,0.05,25,3,0.9,ok,,0.7090144933170314,0.6939767658146068,0.5943374677632689,0.776549296034402,4.0,0.4429787804477909,0.4433040999809356,0.5026108296548227,0.8189134647318325,0.867484139466667,0.587680903481134,0.0,0.6822447127716283,0.7097463297816553,0.43974138455302464,0.0,0.4259489733233175,0.4622782289214378,0.0,0.6623417799146212,0.6592011233665693,0.8779053222187105,0.3860643587505505,0.5117115748152733,0.7660000000000001,0.76,0.68
half_sphere_rotation,Half-sphere rotation field,42,0.35,0.15,15,3,0.8,ok,,0.7276255027602104,0.7127789359820711,0.6136493036377626,0.7670210688053433,3.9,0.4606878312283693,0.4592670694788549,0.5055816730549172,0.8053756883869161,0.8466088023242155,0.5916095843110791,0.0,0.6794024595782427,0.7203925513604106,0.43830103022344397,0.0,0.38021828706284283,0.42434215429631233,0.0,0.6397862865211262,0.6315740104093097,0.8487703545627139,0.3729172610476329,0.49472944723941614,0.7776000000000001,0.8,0.68
half_sphere_rotation,Half-sphere rotation field,42,0.35,0.15,15,3,0.9,ok,,0.7276255027602104,0.7127789359820711,0.6136493036377626,0.7670210688053433,4.0,0.4606878312283693,0.4592670694788549,0.5055816730549172,0.8040328535028413,0.8433952254421261,0.5916095843110791,0.0,0.6763558583211047,0.7212847964297433,0.43063843586171036,0.0,0.37975582131780156,0.41780644847171333,0.0,0.6397862865211262,0.6315740104093097,0.8487703545627139,0.3729172610476329,0.49472944723941614,0.7776000000000001,0.8,0.68
half_sphere_rotation,Half-sphere rotation field,42,0.35,0.15,25,3,0.8,ok,,0.6891831306333139,0.6748495320547822,0.5754460975559309,0.7220971726248064,4.0,0.43638031939468536,0.43797892934921134,0.4867053455649762,0.8232765342767245,0.8724549991383713,0.6020451922959278,0.0,0.6796210720901709,0.7110223562638112,0.4504901636846804,0.0,0.42354455297854626,0.45317931035271397,0.0,0.6755501391133845,0.6689041368830915,0.8849696033362628,0.39376321888417337,0.5158291878700212,0.764,0.76,0.68
half_sphere_rotation,Half-sphere rotation field,42,0.35,0.15,25,3,0.9,ok,,0.6891831306333139,0.6748495320547822,0.5754460975559309,0.7220971726248064,4.0,0.43638031939468536,0.43797892934921134,0.4867053455649762,0.8232765342767245,0.8724549991383713,0.6020451922959278,0.0,0.6796210720901709,0.7110223562638112,0.4504901636846804,0.0,0.42354455297854626,0.45317931035271397,0.0,0.6755501391133845,0.6689041368830915,0.8849696033362628,0.39376321888417337,0.5158291878700212,0.764,0.76,0.68
half_sphere_rotation,Half-sphere rotation field,42,0.35,0.3,15,3,0.8,ok,,0.7180589956715275,0.7034414343608688,0.6040522470966223,0.7722346275453829,3.94,0.4560366995857171,0.450132616037869,0.5044611655655655,0.7967180812523561,0.8368511364991144,0.5998585799984312,0.0,0.7041295814969243,0.7374946795524683,0.48468886132091904,0.0,0.3785243654909886,0.4206643268697058,0.0,0.6484746896777703,0.6533690562900991,0.8393009215617496,0.3779815388796435,0.48920992440375893,0.7696000000000002,0.76,0.676
half_sphere_rotation,Half-sphere rotation field,42,0.35,0.3,15,3,0.9,ok,,0.7180589956715275,0.7034414343608688,0.6040522470966223,0.7722346275453829,4.0,0.4560366995857171,0.450132616037869,0.5044611655655655,0.7958773886801961,0.8368511364991144,0.5998585799984312,0.0,0.704609878700277,0.7381796077817998,0.48468886132091904,0.0,0.3780973216627597,0.4165199044077995,0.0,0.6484746896777703,0.6533690562900991,0.8393009215617496,0.3779815388796435,0.48920992440375893,0.7696000000000002,0.76,0.676
half_sphere_rotation,Half-sphere rotation field,42,0.35,0.3,25,3,0.8,ok,,0.6770509915988224,0.6622930517217849,0.5597502355964409,0.7027950649742752,3.99,0.4220990580288369,0.4270444308443622,0.47226465691859354,0.8358168883110026,0.8926865575575618,0.6382664576816391,0.0,0.7093636415747128,0.7562224116222614,0.49270579859435976,0.0,0.427226808063027,0.4669606962092739,0.0,0.6861828923885251,0.6825083988076808,0.8975303416347167,0.39996081535083317,0.5231505641196836,0.7692000000000001,0.76,0.68
half_sphere_rotation,Half-sphere rotation field,42,0.35,0.3,25,3,0.9,ok,,0.6770509915988224,0.6622930517217849,0.5597502355964409,0.7027950649742752,4.0,0.4220990580288369,0.4270444308443622,0.47226465691859354,0.8358243829810358,0.8926865575575618,0.6382664576816391,0.0,0.7091474832060055,0.7562224116222614,0.49270579859435976,0.0,0.42719086807656614,0.4669606962092739,0.0,0.6861828923885251,0.6825083988076808,0.8975303416347167,0.39996081535083317,0.5231505641196836,0.7692000000000001,0.76,0.68
half_sphere_rotation,Half-sphere rotation field,42,0.5,0.05,15,3,0.8,ok,,0.7063530953460865,0.687921523210408,0.581698006347885,0.771593236254823,3.65,0.4319581406961525,0.4323926508326195,0.47939040201956157,0.8252372548956275,0.8798584437351049,0.6401747506212552,0.0,0.6900156124006089,0.7298667637094624,0.4494646626295372,0.0,0.4018675097800169,0.4494314833847359,0.0,0.7125051724440611,0.7022570123792695,0.9016199723308805,0.41530348959947083,0.5255343193048762,0.7576,0.76,0.64
half_sphere_rotation,Half-sphere rotation field,42,0.5,0.05,15,3,0.9,ok,,0.7083142646364317,0.6897172744650281,0.5845101250178127,0.771593236254823,4.0,0.43233026547243336,0.4325126513965796,0.48345881535254853,0.812322687770763,0.8602048936249871,0.6067281714096792,0.0,0.6756439340482783,0.7247105415159665,0.40521786211080235,0.0,0.3960266174203319,0.43536159942534114,0.0,0.7111954641813216,0.7022570123792695,0.9016199723308805,0.41454008965107864,0.5255343193048762,0.7595999999999999,0.76,0.676
half_sphere_rotation,Half-sphere rotation field,42,0.5,0.05,25,3,0.8,ok,,0.6750491558075884,0.6580730298533092,0.5508376409139722,0.7273641463741823,3.87,0.40170657929144105,0.3966507516800509,0.4701262829004848,0.8282301416056519,0.8783813371107332,0.6245261071369207,0.0,0.7166921730648581,0.7618525772305693,0.43597947067825166,0.0,0.4374513685118444,0.47574110306483797,0.0,0.7563196961767146,0.7578119135265426,0.942461506920671,0.4408420053956329,0.549339945553953,0.7504,0.76,0.676
half_sphere_rotation,Half-sphere rotation field,42,0.5,0.05,25,3,0.9,ok,,0.6750491558075884,0.6580730298533092,0.5508376409139722,0.7273641463741823,4.0,0.40170657929144105,0.3966507516800509,0.4701262829004848,0.8259674904382456,0.8736889975362372,0.6164966666458828,0.0,0.7131916912227517,0.7685738865550387,0.43392656107828015,0.0,0.4367243993879785,0.477049538767659,0.0,0.7563196961767146,0.7578119135265426,0.942461506920671,0.4408420053956329,0.549339945553953,0.7504,0.76,0.676
half_sphere_rotation,Half-sphere rotation field,42,0.5,0.15,15,3,0.8,ok,,0.6950111501619581,0.6782994293666065,0.5718758864906128,0.7283748260915539,3.7,0.4274130838948556,0.427438899949714,0.4808235467833635,0.8210211450483661,0.8626074936176993,0.6418239766894538,0.0,0.693634454947088,0.7419407371862143,0.45616548229686327,0.0,0.3981490611957302,0.4417068359118216,0.0,0.7247638047298284,0.7270811320261995,0.8987576838933743,0.42244877494320016,0.5238659547479438,0.7584000000000002,0.76,0.676
half_sphere_rotation,Half-sphere rotation field,42,0.5,0.15,15,3,0.9,ok,,0.6970061488794993,0.6802443462515617,0.5742374487548435,0.7283748260915539,4.0,0.42684357653366833,0.428406283700441,0.4765619767746701,0.8082636942440092,0.8492925579968,0.6295765136288002,0.0,0.6837605417022908,0.7376070838806066,0.443051487431043,0.0,0.39218971646131634,0.4321865812047536,0.0,0.7236120721552578,0.7270811320261995,0.8987576838933743,0.42177745552573714,0.5238659547479438,0.76,0.76,0.676
half_sphere_rotation,Half-sphere rotation field,42,0.5,0.15,25,3,0.8,ok,,0.6536643711596234,0.6374134937151198,0.5304287924969884,0.6801837686298022,3.8,0.39379845851941186,0.3939776652686684,0.44956573952780604,0.8458273729651623,0.8908719697295817,0.6155343507795398,0.0,0.7113665412657135,0.7685908729506272,0.4364240129133849,0.0,0.4424724026490785,0.4821523499013112,0.0,0.7691008908857817,0.7786708776427762,0.9860693447520532,0.4482918808059656,0.5747579887144506,0.7436,0.74,0.64
half_sphere_rotation,Half-sphere rotation field,42,0.5,0.15,25,3,0.9,ok,,0.6536643711596234,0.6374134937151198,0.5304287924969884,0.6801837686298022,4.0,0.39379845851941186,0.3939776652686684,0.44956573952780604,0.8350584495176165,0.8751835765009972,0.5837109250717595,0.0,0.7027613203171714,0.7537975004869311,0.4947670635674971,0.0,0.43418704078819337,0.4748971990626293,0.0,0.7691008908857817,0.7786708776427762,0.9860693447520532,0.4482918808059656,0.5747579887144506,0.7436,0.74,0.64
half_sphere_rotation,Half-sphere rotation field,42,0.5,0.3,15,3,0.8,ok,,0.6858947550892094,0.6691531296494638,0.5625974938152436,0.7325854335348361,3.65,0.424293151254232,0.4226256145902986,0.4704307517865172,0.8107728241080303,0.8509773123490352,0.6421752604140707,0.0,0.7225130155935028,0.7585457985413828,0.4526251750571138,0.0,0.3920095906435885,0.435512792740245,0.0,0.7344003758050246,0.7430275316881099,0.9031500356632879,0.4280657188617603,0.5264261593445453,0.7472,0.76,0.64
half_sphere_rotation,Half-sphere rotation field,42,0.5,0.3,15,3,0.9,ok,,0.685961215266764,0.6692217559448931,0.5626392953781666,0.7325854335348361,4.0,0.4241087491436106,0.4226256145902986,0.4711327965869265,0.8005907746312418,0.8339480188404158,0.6338025094548908,0.0,0.7094812897063285,0.7588398162876511,0.4252131479903213,0.0,0.3893396405546243,0.4294337069914955,0.0,0.7342748262147569,0.7430275316881099,0.9031500356632879,0.42799253878535876,0.5264261593445453,0.7472,0.76,0.64
half_sphere_rotation,Half-sphere rotation field,42,0.5,0.3,25,3,0.8,ok,,0.6413927589927564,0.6245339522041785,0.5137351891825845,0.6470814897954621,3.43,0.37081299036795157,0.372740035336231,0.4150691048161609,0.870073911294274,0.9195840052114109,0.6734798414044006,0.0,0.7553080764204131,0.8025548389366317,0.5439268632734308,0.0,0.4535182547959314,0.5031509431341747,0.0,0.7814652034672805,0.7835497493411272,0.9780800534995675,0.45549876485423296,0.5701012077324931,0.7444,0.76,0.676
half_sphere_rotation,Half-sphere rotation field,42,0.5,0.3,25,3,0.9,ok,,0.6413927589927564,0.6245339522041785,0.5137351891825845,0.6470814897954621,4.0,0.37081299036795157,0.372740035336231,0.4150691048161609,0.8481285219388924,0.8902225287230143,0.668788960748925,0.0,0.7279517598363747,0.7755427040586,0.48596121768209993,0.0,0.4326750914823292,0.47954239211774086,0.0,0.7814652034672805,0.7835497493411272,0.9780800534995675,0.45549876485423296,0.5701012077324931,0.7444,0.76,0.676
s_curve,S-curve velocity flow,43,0.2,0.05,15,3,0.8,ok,,0.8634396294030565,0.8468369745554831,0.7519955424477089,0.9558531507998261,4.0,0.5620184816346222,0.5592387673691763,0.621269657975825,0.6759828920329354,0.7268682830553432,0.3678034638710698,0.0,0.632223898437522,0.6477405985002094,0.4263735808814235,0.0,0.09854497600321581,0.10471855832051255,0.0,0.4055352688344711,0.39858948345060013,0.5347664524071815,0.2477665799058205,0.32672190347858004,0.8452,0.84,0.8
s_curve,S-curve velocity flow,43,0.2,0.05,15,3,0.9,ok,,0.8634396294030565,0.8468369745554831,0.7519955424477089,0.9558531507998261,4.0,0.5620184816346222,0.5592387673691763,0.621269657975825,0.6759828920329354,0.7268682830553432,0.3678034638710698,0.0,0.632223898437522,0.6477405985002094,0.4263735808814235,0.0,0.09854497600321581,0.10471855832051255,0.0,0.4055352688344711,0.39858948345060013,0.5347664524071815,0.2477665799058205,0.32672190347858004,0.8452,0.84,0.8
s_curve,S-curve velocity flow,43,0.2,0.05,25,3,0.8,ok,,0.8416695207066268,0.8249311335509981,0.7279692709375611,0.9069898108000561,4.0,0.5533211589050797,0.5497394727192251,0.6059203240159388,0.7419024686252179,0.8425303063705606,0.4412859741894275,0.0,0.6298891842615131,0.6361068742596536,0.4457069214652054,0.0,0.11844100551893082,0.12091636313927964,0.0,0.4254708330460519,0.41641877480192413,0.563970634475538,0.25994644918671495,0.3445645447137547,0.8427999999999999,0.84,0.76
s_curve,S-curve velocity flow,43,0.2,0.05,25,3,0.9,ok,,0.8416695207066268,0.8249311335509981,0.7279692709375611,0.9069898108000561,4.0,0.5533211589050797,0.5497394727192251,0.6059203240159388,0.7419024686252179,0.8425303063705606,0.4412859741894275,0.0,0.6298891842615131,0.6361068742596536,0.4457069214652054,0.0,0.11844100551893082,0.12091636313927964,0.0,0.4254708330460519,0.41641877480192413,0.563970634475538,0.25994644918671495,0.3445645447137547,0.8427999999999999,0.84,0.76
s_curve,S-curve velocity flow,43,0.2,0.15,15,3,0.8,ok,,0.8563348037868234,0.8401590771756757,0.7439313010430897,0.9339580607138424,4.0,0.5585962513404074,0.5599249823987703,0.6200827830031136,0.7024172809939172,0.7680437939143863,0.3358203556401953,0.0,0.6472333522245713,0.6610220180444418,0.4158908676853745,0.0,0.10025506800518831,0.10246467105644452,0.0,0.41264204133992427,0.40680504990884625,0.5499759950445501,0.2521085468151488,0.3360143538541619,0.8467999999999999,0.84,0.8
s_curve,S-curve velocity flow,43,0.2,0.15,15,3,0.9,ok,,0.8563348037868234,0.8401590771756757,0.7439313010430897,0.9339580607138424,4.0,0.5585962513404074,0.5599249823987703,0.6200827830031136,0.7024172809939172,0.7680437939143863,0.3358203556401953,0.0,0.6472333522245713,0.6610220180444418,0.4158908676853745,0.0,0.10025506800518831,0.10246467105644452,0.0,0.41264204133992427,0.40680504990884625,0.5499759950445501,0.2521085468151488,0.3360143538541619,0.8467999999999999,0.84,0.8
s_curve,S-curve velocity flow,43,0.2,0.15,25,3,0.8,ok,,0.8288118340068886,0.8127059148815647,0.7148002359992262,0.8814514169052133,4.0,0.5522631394650009,0.5515373186433228,0.6081660069095657,0.7428436617985145,0.8339727909089794,0.4049125975036953,0.0,0.6333510399810087,0.6453161503794659,0.43272452180784216,0.0,0.1122528600500931,0.11312827810390837,0.0,0.436467627458117,0.4322582273941533,0.5832656043751568,0.2666650710940907,0.35635303530584095,0.846,0.84,0.76
s_curve,S-curve velocity flow,43,0.2,0.15,25,3,0.9,ok,,0.8288118340068886,0.8127059148815647,0.7148002359992262,0.8814514169052133,4.0,0.5522631394650009,0.5515373186433228,0.6081660069095657,0.7428436617985145,0.8339727909089794,0.4049125975036953,0.0,0.6333510399810087,0.6453161503794659,0.43272452180784216,0.0,0.1122528600500931,0.11312827810390837,0.0,0.436467627458117,0.4322582273941533,0.5832656043751568,0.2666650710940907,0.35635303530584095,0.846,0.84,0.76
s_curve,S-curve velocity flow,43,0.2,0.3,15,3,0.8,ok,,0.8528591786477103,0.8370306606383638,0.7406693044125804,0.9177315115014356,4.0,0.5592847172278813,0.5592459644342169,0.6202613685518591,0.7061211064319682,0.7646886765864072,0.3279738353786589,0.0,0.6639922252101481,0.6786467801549845,0.4876189112079556,0.0,0.10550257119913267,0.12211862103651788,0.0,0.41613492790594947,0.40577704933300585,0.5575401457031899,0.2542425672690302,0.34063576136816165,0.8372000000000002,0.84,0.76
s_curve,S-curve velocity flow,43,0.2,0.3,15,3,0.9,ok,,0.8528591786477103,0.8370306606383638,0.7406693044125804,0.9177315115014356,4.0,0.5592847172278813,0.5592459644342169,0.6202613685518591,0.7061211064319682,0.7646886765864072,0.3279738353786589,0.0,0.6639922252101481,0.6786467801549845,0.4876189112079556,0.0,0.10550257119913267,0.12211862103651788,0.0,0.41613492790594947,0.40577704933300585,0.5575401457031899,0.2542425672690302,0.34063576136816165,0.8372000000000002,0.84,0.76
s_curve,S-curve velocity flow,43,0.2,0.3,25,3,0.8,ok,,0.826884547947807,0.8109205349502904,0.7121017126008998,0.875255945237939,4.0,0.5550476630010717,0.5516824631089394,0.6103202525862318,0.7513028491504378,0.8161526004031976,0.44615037811891584,0.0,0.6631350193523567,0.6642489411073829,0.5138036770008254,0.0,0.11129725711076927,0.11713370218683249,0.0,0.4424312722158364,0.4331355775412395,0.5854987962408877,0.2703086305547514,0.35771743034954673,0.8428000000000001,0.84,0.76
s_curve,S-curve velocity flow,43,0.2,0.3,25,3,0.9,ok,,0.826884547947807,0.8109205349502904,0.7121017126008998,0.875255945237939,4.0,0.5550476630010717,0.5516824631089394,0.6103202525862318,0.7513028491504378,0.8161526004031976,0.44615037811891584,0.0,0.6631350193523567,0.6642489411073829,0.5138036770008254,0.0,0.11129725711076927,0.11713370218683249,0.0,0.4424312722158364,0.4331355775412395,0.5854987962408877,0.2703086305547514,0.35771743034954673,0.8428000000000001,0.84,0.76
s_curve,S-curve velocity flow,43,0.35,0.05,15,3,0.8,ok,,0.7624895660120977,0.742561778494555,0.6351984470954286,0.8789680484522869,3.93,0.514811302421559,0.5180736192797111,0.5714734329760184,0.7061020224603679,0.7670942541995052,0.36811047562371424,0.0,0.6625388036001112,0.6889350724990104,0.35996704414575637,0.0,0.12105944435712868,0.14111822670353336,0.0,0.5985272108869304,0.5890671868002246,0.7850555776229718,0.36567729472268085,0.4796390115776249,0.7671999999999999,0.76,0.68
s_curve,S-curve velocity flow,43,0.35,0.05,15,3,0.9,ok,,0.7624895660120977,0.742561778494555,0.6351984470954286,0.8789680484522869,4.0,0.514811302421559,0.5180736192797111,0.5714734329760184,0.7040440455912212,0.7670942541995052,0.36811047562371424,0.0,0.6606104040010758,0.6880939308991942,0.35996704414575637,0.0,0.12136920809462705,0.14111822670353336,0.0,0.5985272108869304,0.5890671868002246,0.7850555776229718,0.36567729472268085,0.4796390115776249,0.7671999999999999,0.76,0.68
s_curve,S-curve velocity flow,43,0.35,0.05,25,3,0.8,ok,,0.7332434692390152,0.7123366720124494,0.5981482804232165,0.7554995838068294,4.0,0.4861334207283581,0.4859090397678524,0.5355620209161804,0.7759524895028908,0.8469910468951987,0.5296321192913751,0.0,0.656452758764036,0.6873505592619504,0.42170686547587477,0.0,0.12551849274131893,0.1434128919614325,0.0,0.6328125728209877,0.618092457998202,0.8163513151221641,0.3866243430315714,0.4987595133975793,0.7547999999999999,0.76,0.676
s_curve,S-curve velocity flow,43,0.35,0.05,25,3,0.9,ok,,0.7332434692390152,0.7123366720124494,0.5981482804232165,0.7554995838068294,4.0,0.4861334207283581,0.4859090397678524,0.5355620209161804,0.7759524895028908,0.8469910468951987,0.5296321192913751,0.0,0.656452758764036,0.6873505592619504,0.42170686547587477,0.0,0.12551849274131893,0.1434128919614325,0.0,0.6328125728209877,0.618092457998202,0.8163513151221641,0.3866243430315714,0.4987595133975793,0.7547999999999999,0.76,0.676
s_curve,S-curve velocity flow,43,0.35,0.15,15,3,0.8,ok,,0.7546677693645829,0.7352876924999238,0.6231469888620511,0.794884648386019,3.96,0.5035699334820867,0.5045185718142158,0.558969762730761,0.7023884169074833,0.770090572547822,0.3855858342692142,0.0,0.6640289688658004,0.7064804878746203,0.3711125707156683,0.0,0.1265254176426752,0.13006125251060258,0.0,0.6087632669592296,0.5964052896387747,0.7978165414356496,0.3719311345232161,0.4874354736936231,0.7648,0.76,0.68
s_curve,S-curve velocity flow,43,0.35,0.15,15,3,0.9,ok,,0.7546677693645829,0.7352876924999238,0.6231469888620511,0.794884648386019,4.0,0.5035699334820867,0.5045185718142158,0.558969762730761,0.701518759202693,0.770090572547822,0.3855858342692142,0.0,0.6633110114586357,0.7030079386213133,0.3711125707156683,0.0,0.1254398204182976,0.12982635707954127,0.0,0.6087632669592296,0.5964052896387747,0.7978165414356496,0.3719311345232161,0.4874354736936231,0.7648,0.76,0.68
s_curve,S-curve velocity flow,43,0.35,0.15,25,3,0.8,ok,,0.7167334217367766,0.6969105081867061,0.5799081579204118,0.7583406120928298,4.0,0.4767520441051869,0.4770951358966695,0.5299520431092809,0.7569209323707393,0.809995179039646,0.4969779703254614,0.0,0.6543740800271073,0.6858953801516201,0.45187284655158155,0.0,0.11936587461273493,0.13022474445572224,0.0,0.6487838653646785,0.6478098150038516,0.8220188068544443,0.396382193542573,0.5022221346566066,0.7536000000000002,0.76,0.676
s_curve,S-curve velocity flow,43,0.35,0.15,25,3,0.9,ok,,0.7167334217367766,0.6969105081867061,0.5799081579204118,0.7583406120928298,4.0,0.4767520441051869,0.4770951358966695,0.5299520431092809,0.7569209323707393,0.809995179039646,0.4969779703254614,0.0,0.6543740800271073,0.6858953801516201,0.45187284655158155,0.0,0.11936587461273493,0.13022474445572224,0.0,0.6487838653646785,0.6478098150038516,0.8220188068544443,0.396382193542573,0.5022221346566066,0.7536000000000002,0.76,0.676
s_curve,S-curve velocity flow,43,0.35,0.3,15,3,0.8,ok,,0.7485808398498796,0.7296599771182518,0.6170371179896473,0.7804194695077563,3.96,0.5074457018095202,0.5077160679673096,0.5613127792745525,0.7165715181899039,0.7726794648537332,0.38728554755388517,0.0,0.680607416010088,0.7050335481175152,0.45791897554901273,0.0,0.1179201772033972,0.12987088943996827,0.0,0.6142723389021213,0.6063781861953645,0.7943117439309682,0.3752969673339316,0.48529417611057163,0.7564000000000002,0.76,0.676
s_curve,S-curve velocity flow,43,0.35,0.3,15,3,0.9,ok,,0.7485808398498796,0.7296599771182518,0.6170371179896473,0.7804194695077563,4.0,0.5074457018095202,0.5077160679673096,0.5613127792745525,0.7156951175254478,0.7726794648537332,0.38728554755388517,0.0,0.67781040376132,0.7050335481175152,0.45791897554901273,0.0,0.11760953319609621,0.12987088943996827,0.0,0.6142723389021213,0.6063781861953645,0.7943117439309682,0.3752969673339316,0.48529417611057163,0.7564000000000002,0.76,0.676
s_curve,S-curve velocity flow,43,0.35,0.3,25,3,0.8,ok,,0.7156206526221343,0.6960360115710214,0.5765812919117276,0.7493326131340218,4.0,0.47998315553753623,0.48313270419325544,0.5339401923344054,0.7515754779767874,0.8270984156481707,0.40219119298218375,0.0,0.6835885938088296,0.7181586532519801,0.5079223233175569,0.0,0.1132612186698447,0.11092124298828383,0.0,0.6582912312412184,0.6526758224168862,0.8465310246868236,0.4021908314297627,0.5171981647209954,0.7491999999999999,0.76,0.64
s_curve,S-curve velocity flow,43,0.35,0.3,25,3,0.9,ok,,0.7156206526221343,0.6960360115710214,0.5765812919117276,0.7493326131340218,4.0,0.47998315553753623,0.48313270419325544,0.5339401923344054,0.7515754779767874,0.8270984156481707,0.40219119298218375,0.0,0.6835885938088296,0.7181586532519801,0.5079223233175569,0.0,0.1132612186698447,0.11092124298828383,0.0,0.6582912312412184,0.6526758224168862,0.8465310246868236,0.4021908314297627,0.5171981647209954,0.7491999999999999,0.76,0.64
s_curve,S-curve velocity flow,43,0.5,0.05,15,3,0.8,ok,,0.7356313663809999,0.7135908957283279,0.600198115833091,0.837891355452387,3.84,0.48260584537542184,0.48317378333023175,0.5455710601979429,0.7332929567825822,0.8072312873705687,0.39458319751913296,0.0,0.6789802314234972,0.7125932957538829,0.38041218277669875,0.0,0.12356848382082078,0.13360324354257114,0.0,0.6752269705408389,0.6707860846835028,0.8312046271545996,0.41253792211931833,0.5078343204621473,0.7408,0.76,0.64
s_curve,S-curve velocity flow,43,0.5,0.05,15,3,0.9,ok,,0.7356426392299978,0.713600794413547,0.6001819251628171,0.837891355452387,4.0,0.4826070822548324,0.48315782754223524,0.5455710601979429,0.7239201948192143,0.8043861164770401,0.3935279361462869,0.0,0.6730301733504576,0.7103099951602088,0.3564967541029196,0.0,0.12542191612240688,0.14661944686311762,0.0,0.6752407162532564,0.6707860846835028,0.8312046271545996,0.4125463202252681,0.5078343204621473,0.7408,0.76,0.64
s_curve,S-curve velocity flow,43,0.5,0.05,25,3,0.8,ok,,0.7057904929465288,0.6819210927894989,0.5578388146036448,0.7437043476634059,3.96,0.4401850915926414,0.4373082787116295,0.49335976667307846,0.7845650714616561,0.853435468221083,0.5364927760260892,0.0,0.6666843114334076,0.7152237486268136,0.3970160816385334,0.0,0.11804201626249211,0.12626618253881478,0.0,0.7219989659691975,0.7223679931860643,0.8997819750692753,0.4411138271841506,0.5497324641196994,0.7276,0.72,0.64
s_curve,S-curve velocity flow,43,0.5,0.05,25,3,0.9,ok,,0.7057904929465288,0.6819210927894989,0.5578388146036448,0.7437043476634059,4.0,0.4401850915926414,0.4373082787116295,0.49335976667307846,0.7822014567291738,0.8497108527158348,0.5364927760260892,0.0,0.6638100046710887,0.7152237486268136,0.3696889189939205,0.0,0.12063403484488415,0.12914513945975,0.0,0.7219989659691975,0.7223679931860643,0.8997819750692753,0.4411138271841506,0.5497324641196994,0.7276,0.72,0.64
s_curve,S-curve velocity flow,43,0.5,0.15,15,3,0.8,ok,,0.7302282897931323,0.7088624073522937,0.5884374078210727,0.7672047146095327,3.85,0.47429774629617955,0.47115269922357506,0.530466480438148,0.7210054322089212,0.7778312463130088,0.4072876583016892,0.0,0.6730763025314508,0.7067746898970595,0.41075478639583685,0.0,0.12251652023633891,0.1279441006471648,0.0,0.6855029450547767,0.6891320869401854,0.8420379161053324,0.4188161505649852,0.5144530467696492,0.7387999999999999,0.76,0.64
s_curve,S-curve velocity flow,43,0.5,0.15,15,3,0.9,ok,,0.7302282897931323,0.7088624073522937,0.5884374078210727,0.7672047146095327,4.0,0.47429774629617955,0.47115269922357506,0.530466480438148,0.7156125136440187,0.7745120914157271,0.3924374153034936,0.0,0.6688096867310506,0.7067746898970595,0.41075478639583685,0.0,0.12124888217069549,0.12559300724823846,0.0,0.6855029450547767,0.6891320869401854,0.8420379161053324,0.4188161505649852,0.5144530467696492,0.7387999999999999,0.76,0.64
s_curve,S-curve velocity flow,43,0.5,0.15,25,3,0.8,ok,,0.6905644697157333,0.6680338492906536,0.5412646032570264,0.7233395207160228,3.94,0.42469769979631855,0.4260686944801557,0.4746129669742974,0.7827214854575374,0.8219604996351406,0.5423385632560945,0.0,0.6770928999642625,0.724985058924895,0.40170622981066906,0.0,0.11929807137680935,0.12397567912328927,0.0,0.7359431078736864,0.7369999962118555,0.9039526409696678,0.44963316598130676,0.552280581892637,0.7212000000000001,0.72,0.64
s_curve,S-curve velocity flow,43,0.5,0.15,25,3,0.9,ok,,0.6905644697157333,0.6680338492906536,0.5412646032570264,0.7233395207160228,4.0,0.42469769979631855,0.4260686944801557,0.4746129669742974,0.7805909856589097,0.8187052779349455,0.5568278603063469,0.0,0.6758483235313604,0.7211010083469733,0.40170622981066906,0.0,0.11896848319705697,0.12286895824495402,0.0,0.7359431078736864,0.7369999962118555,0.9039526409696678,0.44963316598130676,0.552280581892637,0.7212000000000001,0.72,0.64
s_curve,S-curve velocity flow,43,0.5,0.3,15,3,0.8,ok,,0.7243525446661933,0.7028204994712778,0.582074084697378,0.7711557601194053,3.85,0.4780971955487555,0.48000102855464233,0.5427992333454678,0.7153421795579036,0.7812531637585359,0.34042586575434763,0.0,0.6882154665214181,0.7043081774675082,0.42554992334181296,0.0,0.11537830586556763,0.13048289180394002,0.0,0.6902266310657211,0.6928388385409481,0.8461412421420758,0.42170214253023247,0.5169600224546108,0.7272000000000002,0.72,0.636
s_curve,S-curve velocity flow,43,0.5,0.3,15,3,0.9,ok,,0.7243525446661933,0.7028204994712778,0.582074084697378,0.7711557601194053,4.0,0.4780971955487555,0.48000102855464233,0.5427992333454678,0.7073335977518107,0.7877776459052372,0.32230631598439263,0.0,0.6812143766061357,0.7018887021975259,0.45000030532449065,0.0,0.11577878471829972,0.12444231986117887,0.0,0.6902266310657211,0.6928388385409481,0.8461412421420758,0.42170214253023247,0.5169600224546108,0.7272000000000002,0.72,0.636
s_curve,S-curve velocity flow,43,0.5,0.3,25,3,0.8,ok,,0.6915332400626225,0.6694179882453932,0.5395972041786977,0.7253211186213527,3.95,0.4301081969586552,0.4332251842947282,0.4801553639051995,0.7531257484241998,0.7938692926791977,0.4378412587954301,0.0,0.7009551991640603,0.73795286271372,0.4904618244901736,0.0,0.1118831028778151,0.12448010965308177,0.0,0.7464101854367025,0.7480310635049663,0.9218635026352532,0.45602815110023603,0.5632234351512513,0.7212,0.72,0.636
s_curve,S-curve velocity flow,43,0.5,0.3,25,3,0.9,ok,,0.6915332400626225,0.6694179882453932,0.5395972041786977,0.7253211186213527,4.0,0.4301081969586552,0.4332251842947282,0.4801553639051995,0.7516119660310722,0.7938692926791977,0.4378412587954301,0.0,0.6996679397658607,0.7333902504008145,0.4904618244901736,0.0,0.11205067433945849,0.12384773928445636,0.0,0.7464101854367025,0.7480310635049663,0.9218635026352532,0.45602815110023603,0.5632234351512513,0.7212,0.72,0.636
swiss_roll,Swiss roll velocity flow,43,0.2,0.05,15,3,0.8,ok,,0.824589633225009,0.8159100016118594,0.7570831085937941,0.9119762508129021,4.0,0.5466086507762,0.550538296235944,0.5906445386764927,0.758013614384646,0.8129272900284175,0.4731458411187124,0.0,0.6308402018648839,0.6601931817738618,0.42545454398646154,0.0,0.2882470210657392,0.27978839542876066,0.0,0.4111237727848577,0.40989846198481406,0.5202927477740524,0.24426288252571676,0.3091239542477671,0.8311999999999999,0.84,0.76
swiss_roll,Swiss roll velocity flow,43,0.2,0.05,15,3,0.9,ok,,0.824589633225009,0.8159100016118594,0.7570831085937941,0.9119762508129021,4.0,0.5466086507762,0.550538296235944,0.5906445386764927,0.758013614384646,0.8129272900284175,0.4731458411187124,0.0,0.6308402018648839,0.6601931817738618,0.42545454398646154,0.0,0.2882470210657392,0.27978839542876066,0.0,0.4111237727848577,0.40989846198481406,0.5202927477740524,0.24426288252571676,0.3091239542477671,0.8311999999999999,0.84,0.76
swiss_roll,Swiss roll velocity flow,43,0.2,0.05,25,3,0.8,ok,,0.8031682992775531,0.7947289743889648,0.7352163284048142,0.8763162414457397,4.0,0.5351822140725149,0.5348288573321274,0.5775588401168784,0.8072445764811031,0.8614822528481167,0.5878377603907932,0.0,0.6436970961267509,0.6557673041880367,0.4323675124750044,0.0,0.3362081373084592,0.3565589113829214,0.0,0.42906013763994366,0.42494825151651944,0.5466175123880224,0.25491949854151924,0.3247644092933677,0.8367999999999999,0.84,0.76
swiss_roll,Swiss roll velocity flow,43,0.2,0.05,25,3,0.9,ok,,0.8031682992775531,0.7947289743889648,0.7352163284048142,0.8763162414457397,4.0,0.5351822140725149,0.5348288573321274,0.5775588401168784,0.8072445764811031,0.8614822528481167,0.5878377603907932,0.0,0.6436970961267509,0.6557673041880367,0.4323675124750044,0.0,0.3362081373084592,0.3565589113829214,0.0,0.42906013763994366,0.42494825151651944,0.5466175123880224,0.25491949854151924,0.3247644092933677,0.8367999999999999,0.84,0.76
swiss_roll,Swiss roll velocity flow,43,0.2,0.15,15,3,0.8,ok,,0.8140665628634493,0.8060088676640607,0.746770399396322,0.8825225736578051,4.0,0.5450442264610718,0.5459919986262862,0.5919270641252824,0.7703129748262485,0.8249691109879218,0.5626894768509193,0.0,0.6608913123604598,0.6928603641468369,0.46323740579079803,0.0,0.30622162747174747,0.3063920112465126,0.0,0.41753791545291513,0.41909595267959626,0.5322661463279169,0.2480737469921965,0.3162377653139218,0.8364,0.84,0.76
swiss_roll,Swiss roll velocity flow,43,0.2,0.15,15,3,0.9,ok,,0.8140665628634493,0.8060088676640607,0.746770399396322,0.8825225736578051,4.0,0.5450442264610718,0.5459919986262862,0.5919270641252824,0.7703129748262485,0.8249691109879218,0.5626894768509193,0.0,0.6608913123604598,0.6928603641468369,0.46323740579079803,0.0,0.30622162747174747,0.3063920112465126,0.0,0.41753791545291513,0.41909595267959626,0.5322661463279169,0.2480737469921965,0.3162377653139218,0.8364,0.84,0.76
swiss_roll,Swiss roll velocity flow,43,0.2,0.15,25,3,0.8,ok,,0.7988827051499375,0.7901622514958219,0.7296031914789575,0.8777299827651937,4.0,0.5309350670030996,0.5281615957827552,0.5809348686070509,0.806036439424415,0.8768407042705939,0.5254137543153503,0.0,0.65856404705252,0.6639008030703772,0.49459319751021563,0.0,0.347776780284699,0.3666520480687686,0.0,0.43521764872799745,0.4313899798077493,0.5558732924347438,0.25857788929174025,0.3302635890146516,0.8351999999999998,0.84,0.76
swiss_roll,Swiss roll velocity flow,43,0.2,0.15,25,3,0.9,ok,,0.7988827051499375,0.7901622514958219,0.7296031914789575,0.8777299827651937,4.0,0.5309350670030996,0.5281615957827552,0.5809348686070509,0.806036439424415,0.8768407042705939,0.5254137543153503,0.0,0.65856404705252,0.6639008030703772,0.49459319751021563,0.0,0.347776780284699,0.3666520480687686,0.0,0.43521764872799745,0.4313899798077493,0.5558732924347438,0.25857788929174025,0.3302635890146516,0.8351999999999998,0.84,0.76
swiss_roll,Swiss roll velocity flow,43,0.2,0.3,15,3,0.8,ok,,0.8098656644911401,0.8019615327042345,0.7430482979510458,0.8685077984448729,4.0,0.5433369499567428,0.5475985177389453,0.5882111317976455,0.7834750513591683,0.8293102190996815,0.5701082390675266,0.0,0.6587626287695864,0.6845060724432845,0.44499880450481016,0.0,0.30315939777253376,0.31089740419628603,0.0,0.42289587746597157,0.42242882272458543,0.5265359377301779,0.25125709792543804,0.3128332497830483,0.836,0.84,0.76
swiss_roll,Swiss roll velocity flow,43,0.2,0.3,15,3,0.9,ok,,0.8098656644911401,0.8019615327042345,0.7430482979510458,0.8685077984448729,4.0,0.5433369499567428,0.5475985177389453,0.5882111317976455,0.7834750513591683,0.8293102190996815,0.5701082390675266,0.0,0.6587626287695864,0.6845060724432845,0.44499880450481016,0.0,0.30315939777253376,0.31089740419628603,0.0,0.42289587746597157,0.42242882272458543,0.5265359377301779,0.25125709792543804,0.3128332497830483,0.836,0.84,0.76
swiss_roll,Swiss roll velocity flow,43,0.2,0.3,25,3,0.8,ok,,0.7889907718566543,0.7801888790963807,0.7191242447255977,0.8661810953216196,4.0,0.5284126425403791,0.5279113695975073,0.5793803607093176,0.8080341248852589,0.8684080506422021,0.5904711107101629,0.0,0.6701607777880304,0.6884217432501121,0.5013694743912924,0.0,0.358113369865708,0.3789413860930334,0.0,0.4439699906678402,0.43975766251463244,0.5646597998311885,0.26377795898509626,0.3354839575899133,0.8323999999999998,0.84,0.76
swiss_roll,Swiss roll velocity flow,43,0.2,0.3,25,3,0.9,ok,,0.7889907718566543,0.7801888790963807,0.7191242447255977,0.8661810953216196,4.0,0.5284126425403791,0.5279113695975073,0.5793803607093176,0.8080341248852589,0.8684080506422021,0.5904711107101629,0.0,0.6701607777880304,0.6884217432501121,0.5013694743912924,0.0,0.358113369865708,0.3789413860930334,0.0,0.4439699906678402,0.43975766251463244,0.5646597998311885,0.26377795898509626,0.3354839575899133,0.8323999999999998,0.84,0.76
swiss_roll,Swiss roll velocity flow,43,0.35,0.05,15,3,0.8,ok,,0.6996175134427131,0.6888938526014621,0.6176300185553232,0.7521665340072504,3.83,0.47829024957094424,0.47987690462075877,0.5358135723184589,0.792362079630208,0.8425798915547245,0.5692353626463141,0.0,0.6705515651304517,0.7025108554319377,0.4241969759570694,0.0,0.34568851924543736,0.3600697554478598,0.0,0.6092199617175723,0.6110262623162803,0.751643977389137,0.36195869417459753,0.4465777381505084,0.7524000000000001,0.76,0.64
swiss_roll,Swiss roll velocity flow,43,0.35,0.05,15,3,0.9,ok,,0.6996920452147615,0.6889739274405663,0.6177189569459077,0.7521665340072504,4.0,0.4784033339140793,0.47987690462075877,0.5358135723184589,0.7833616939949326,0.8422330791241033,0.555936851424949,0.0,0.6640401871370165,0.6990618617275943,0.42329274501390124,0.0,0.34321498077179463,0.3568576757690377,0.0,0.6091258039704599,0.6110262623162803,0.751643977389137,0.36190275179363035,0.4465777381505084,0.7524000000000001,0.76,0.64
swiss_roll,Swiss roll velocity flow,43,0.35,0.05,25,3,0.8,ok,,0.6742423268025308,0.6633953455500757,0.5912765055352525,0.7294267744673532,3.94,0.4502975583354131,0.4481201602744469,0.5144659492543238,0.8193737336574981,0.8622841533463195,0.5983956640891701,0.0,0.6775822853522826,0.6989355512819626,0.48259546746137233,0.0,0.3796513898077494,0.4241757776937169,0.0,0.636149061191757,0.6413571612034356,0.7967182093535867,0.37795820550625747,0.4733579015856957,0.7408000000000001,0.76,0.64
swiss_roll,Swiss roll velocity flow,43,0.35,0.05,25,3,0.9,ok,,0.6742423268025308,0.6633953455500757,0.5912765055352525,0.7294267744673532,4.0,0.4502975583354131,0.4481201602744469,0.5144659492543238,0.814344873036821,0.85915043862605,0.5983956640891701,0.0,0.6758767500757982,0.6989355512819626,0.48259546746137233,0.0,0.3748642155219155,0.40338701642814645,0.0,0.636149061191757,0.6413571612034356,0.7967182093535867,0.37795820550625747,0.4733579015856957,0.7408000000000001,0.76,0.64
swiss_roll,Swiss roll velocity flow,43,0.35,0.15,15,3,0.8,ok,,0.6860105031796164,0.6761848112102551,0.6046808813137932,0.7280881953607388,3.86,0.47249860220822676,0.476669860033634,0.52155053732699,0.8025546217968795,0.8625477251614806,0.5921656661727118,0.0,0.6861552315540724,0.7103074851003042,0.5254196686947026,0.0,0.35164321367334184,0.3729842374022079,0.0,0.6185179736679385,0.6169012198004924,0.7793704772293059,0.36748296533354974,0.46305101267665105,0.7544,0.76,0.64
swiss_roll,Swiss roll velocity flow,43,0.35,0.15,15,3,0.9,ok,,0.6866647061169074,0.6768803613976614,0.6055518956627084,0.7280881953607388,4.0,0.47313791205718536,0.4775076326555904,0.5219651455998431,0.7925972521344435,0.8485267157370093,0.5776951665233713,0.0,0.6797087560340104,0.7023994329891363,0.505754784652433,0.0,0.3464313256149139,0.36855614312937257,0.0,0.6180691791190879,0.6169012198004924,0.7793704772293059,0.3672163209373342,0.46305101267665105,0.7548,0.76,0.64
swiss_roll,Swiss roll velocity flow,43,0.35,0.15,25,3,0.8,ok,,0.6678707424772952,0.6570711058538856,0.5830151316889581,0.7247818453145212,3.9,0.4445904462872833,0.44464915528257354,0.5150454595393608,0.8174146720317909,0.8836804268015948,0.5799553834293008,0.0,0.6882830115042617,0.7069590166846228,0.5168434192384409,0.0,0.38851393755808183,0.42045603352714994,0.0,0.645899686995312,0.6486902653584015,0.8044610668408831,0.3837513902425056,0.4779582015781327,0.7424,0.76,0.64
swiss_roll,Swiss roll velocity flow,43,0.35,0.15,25,3,0.9,ok,,0.6678707424772952,0.6570711058538856,0.5830151316889581,0.7247818453145212,4.0,0.4445904462872833,0.44464915528257354,0.5150454595393608,0.8106852392548641,0.8836804268015948,0.5799553834293008,0.0,0.6874198429125936,0.7069590166846228,0.5168434192384409,0.0,0.3829832054229605,0.4194180942890743,0.0,0.645899686995312,0.6486902653584015,0.8044610668408831,0.3837513902425056,0.4779582015781327,0.7424,0.76,0.64
swiss_roll,Swiss roll velocity flow,43,0.35,0.3,15,3,0.8,ok,,0.6793497439241785,0.669727323915331,0.5997960287861042,0.7111580878317477,3.86,0.47076083583104705,0.47413973455073033,0.519629916746465,0.8013741117553486,0.842193142084958,0.5809679293161217,0.0,0.6927966279367331,0.7214972759253417,0.47833380298151446,0.0,0.3507043851878946,0.3748565039045323,0.0,0.6273398266127916,0.6332640613136375,0.7862997464116851,0.37272433392416016,0.4671679316590284,0.7592,0.76,0.68
swiss_roll,Swiss roll velocity flow,43,0.35,0.3,15,3,0.9,ok,,0.6793479607177922,0.669725317185476,0.5997895176123312,0.7111580878317477,4.0,0.4710959374184192,0.47413973455073033,0.519629916746465,0.79327622600579,0.8383956576871346,0.581103207380209,0.0,0.6873615969578808,0.7113605179789382,0.46608178749885265,0.0,0.34372889291674474,0.3662433985940943,0.0,0.6273160405955138,0.6332640613136375,0.7862997464116851,0.3727102018268973,0.4671679316590284,0.7592,0.76,0.68
swiss_roll,Swiss roll velocity flow,43,0.35,0.3,25,3,0.8,ok,,0.654248504292383,0.6430757930532219,0.5678007740360769,0.6989645040296366,3.89,0.4421156375014256,0.4480103628843902,0.5019431368151968,0.8325736246694878,0.8854212562122927,0.6439158966761546,0.0,0.704492879860114,0.7428753286971266,0.4825302017347837,0.0,0.4045587039105354,0.4465313220779331,0.0,0.6575942714771986,0.6575649013029998,0.8219462755894072,0.390699548205098,0.4883467701144343,0.7436,0.76,0.64
swiss_roll,Swiss roll velocity flow,43,0.35,0.3,25,3,0.9,ok,,0.654248504292383,0.6430757930532219,0.5678007740360769,0.6989645040296366,4.0,0.4421156375014256,0.4480103628843902,0.5019431368151968,0.8268547762655389,0.8854212562122927,0.6439158966761546,0.0,0.700191424376012,0.7428753286971266,0.48185341536202025,0.0,0.4017185393757249,0.44858459354321756,0.0,0.6575942714771986,0.6575649013029998,0.8219462755894072,0.390699548205098,0.4883467701144343,0.7436,0.76,0.64
swiss_roll,Swiss roll velocity flow,43,0.5,0.05,15,3,0.8,ok,,0.6586089348334229,0.6450525328192809,0.5663844563505258,0.7074513318399933,3.47,0.4336705823945807,0.436941555062085,0.4958932909645709,0.8288950948103059,0.8922926790154126,0.5963024904897625,0.0,0.6942591002637394,0.740682296611474,0.449636883686006,0.0,0.36053131786102616,0.38132857997715086,0.0,0.6955884642309242,0.7104311103354064,0.8324127030180202,0.41327321495853886,0.494565237405055,0.7284,0.72,0.6
swiss_roll,Swiss roll velocity flow,43,0.5,0.05,15,3,0.9,ok,,0.6622162888050486,0.6488724450723713,0.5707200829869091,0.711141351033437,3.99,0.4369235967203236,0.43563703412685645,0.5001526187757582,0.8018337841533959,0.8529563598960268,0.5868780965539341,0.0,0.6806281442739858,0.7148904904856179,0.4403217363307924,0.0,0.35092412112108334,0.3916329101587803,0.0,0.6922689257054513,0.7104311103354064,0.8324127030180202,0.41130096206886835,0.494565237405055,0.7296,0.72,0.6
swiss_roll,Swiss roll velocity flow,43,0.5,0.05,25,3,0.8,ok,,0.6333182937351913,0.6198100735387384,0.5402305217542525,0.6680758126465989,3.62,0.3974162029599475,0.39799419719335466,0.4544577381836456,0.8374955313372405,0.9049456606668658,0.6209799692108701,0.0,0.6986007817162513,0.7243841569638381,0.42816040736227495,0.0,0.3927802293547139,0.45670453535667616,0.0,0.7312543810903037,0.7473509889735013,0.8839677168148938,0.4344635723075738,0.5251958579439149,0.716,0.72,0.6
swiss_roll,Swiss roll velocity flow,43,0.5,0.05,25,3,0.9,ok,,0.634208939151039,0.6206866797868119,0.5410349473015902,0.6680758126465989,4.0,0.3989357069901656,0.39858775651708145,0.4544577381836456,0.8195354117367569,0.8733104998149233,0.6209799692108701,0.0,0.6958141526226761,0.7422431123094897,0.41314611329271467,0.0,0.3826302041572703,0.4329654284715676,0.0,0.7304850138934483,0.7473509889735013,0.8839677168148938,0.43400646459047043,0.5251958579439149,0.7167999999999999,0.72,0.6
swiss_roll,Swiss roll velocity flow,43,0.5,0.15,15,3,0.8,ok,,0.6457856369974387,0.6337302991421572,0.5551776231640655,0.6965878867706905,3.48,0.431435645794109,0.4315760467466502,0.4841035676461192,0.8430551916984779,0.8918715282689459,0.6222193216653433,0.0,0.7052789844312695,0.7338096779764682,0.4698843034501143,0.0,0.3652342885546373,0.42649904438725106,0.0,0.7039465907142621,0.7170267807280639,0.8337247142362975,0.4182390675860954,0.4953447487427518,0.7323999999999999,0.72,0.636
swiss_roll,Swiss roll velocity flow,43,0.5,0.15,15,3,0.9,ok,,0.648473953696826,0.6366431452455733,0.5584180252481356,0.6965878867706905,3.98,0.43267664050596344,0.4336616170361761,0.48850794142453635,0.8221658562868092,0.8703727460653056,0.6102968828017303,0.0,0.7002529722793155,0.7311890371275274,0.5017149070675451,0.0,0.35805506794787006,0.40302997826528847,0.0,0.70171316918452,0.7140041611111154,0.8337247142362975,0.4169121144472525,0.4953447487427518,0.7339999999999999,0.72,0.64
swiss_roll,Swiss roll velocity flow,43,0.5,0.15,25,3,0.8,ok,,0.6273406692043021,0.6137946995808155,0.5318883747435258,0.6846858392979625,3.5,0.390218311712337,0.39146360444306627,0.45274072531047144,0.834992768837073,0.9169996187106759,0.5561137965919775,0.0,0.7175431847307014,0.7357237960296987,0.525003397920329,0.0,0.40456333677323947,0.43248661613184325,0.0,0.7409287988819224,0.7601190818488259,0.8921938463090706,0.4402114792226417,0.5300832865853351,0.718,0.72,0.6
swiss_roll,Swiss roll velocity flow,43,0.5,0.15,25,3,0.9,ok,,0.6277791600058877,0.6142494148494629,0.5322802653047669,0.6846858392979625,4.0,0.3905032658507786,0.3923685969749215,0.45274072531047144,0.8184935956866924,0.891881661508277,0.5663277651707938,0.0,0.7139442104272854,0.7380053870879435,0.5039569862822346,0.0,0.3922715556820134,0.4300887342530323,0.0,0.7407297269073854,0.7576208265042266,0.8921938463090706,0.4400932036629456,0.5300832865853351,0.7184,0.72,0.6
swiss_roll,Swiss roll velocity flow,43,0.5,0.3,15,3,0.8,ok,,0.6399391041119511,0.6277495231947285,0.5513817685525335,0.678033851987758,3.47,0.43120201804846303,0.4352345799262221,0.48579420447890254,0.8229014883785045,0.8741060260842801,0.6128521772157091,0.0,0.7110526345724334,0.7475992079788967,0.47188613580846595,0.0,0.35567446222667454,0.39416916775266053,0.0,0.7127651329636946,0.7265600982291853,0.8348035449833925,0.42347846917781123,0.4959857194807312,0.7284000000000002,0.72,0.6
swiss_roll,Swiss roll velocity flow,43,0.5,0.3,15,3,0.9,ok,,0.6405315039888272,0.6285544859765626,0.5523149688519271,0.678033851987758,3.99,0.43219414378033394,0.43646596888045053,0.48866051262428506,0.807213266047269,0.8499835855962241,0.585786382694569,0.0,0.6964737894844167,0.7272489659867811,0.49636232021462257,0.0,0.35126369353531667,0.3852825105025407,0.0,0.7117112262966496,0.7265600982291853,0.8348035449833925,0.4228523066996317,0.4959857194807312,0.7284,0.72,0.6
swiss_roll,Swiss roll velocity flow,43,0.5,0.3,25,3,0.8,ok,,0.6133975274555433,0.5992138707255055,0.5160690542922275,0.6726116348221751,3.34,0.38642058376179755,0.3876977132686232,0.4431550570358809,0.8633766288617767,0.9229517667331391,0.6273630015566051,0.0,0.738969245963646,0.77285347622181,0.5194140275263504,0.0,0.42138038259976973,0.4536216979618456,0.0,0.7525858389939158,0.7689519062694924,0.9056121483536058,0.4471373307738325,0.5380555648941209,0.7168000000000001,0.72,0.6
swiss_roll,Swiss roll velocity flow,43,0.5,0.3,25,3,0.9,ok,,0.614345777947849,0.600254705455011,0.5170774597683402,0.6726116348221751,4.0,0.38732697698158924,0.3876977132686232,0.4431550570358809,0.8395365932960109,0.8907362182211791,0.6291149918121484,0.0,0.7326553996138635,0.7719528247523295,0.5028431211315043,0.0,0.40629569386985326,0.4444825802918727,0.0,0.7527789201724429,0.7689519062694924,0.9056121483536058,0.4472520469939844,0.5380555648941209,0.7172,0.72,0.6
half_sphere_rotation,Half-sphere rotation field,43,0.2,0.05,15,3,0.8,ok,,0.8681899941226744,0.8513573154810973,0.7775785163247637,0.9781298101229623,4.0,0.5592996373187207,0.5557641027801694,0.6219298508102121,0.7718987223525011,0.8221450400146244,0.5309671502511957,0.0,0.6618672973107091,0.6909194727118138,0.44665077447489576,0.0,0.2562337564966341,0.25897444745943476,0.0,0.4096774086084456,0.410902872727058,0.5212951720773925,0.24125642522137852,0.30698741755798736,0.8404,0.84,0.8
half_sphere_rotation,Half-sphere rotation field,43,0.2,0.05,15,3,0.9,ok,,0.8681899941226744,0.8513573154810973,0.7775785163247637,0.9781298101229623,4.0,0.5592996373187207,0.5557641027801694,0.6219298508102121,0.7718987223525011,0.8221450400146244,0.5309671502511957,0.0,0.6618672973107091,0.6909194727118138,0.44665077447489576,0.0,0.2562337564966341,0.25897444745943476,0.0,0.4096774086084456,0.410902872727058,0.5212951720773925,0.24125642522137852,0.30698741755798736,0.8404,0.84,0.8
half_sphere_rotation,Half-sphere rotation field,43,0.2,0.05,25,3,0.8,ok,,0.8446831146189557,0.8272538700681835,0.7539522691990328,0.9376674798553644,4.0,0.5484494396712,0.5514375180314348,0.6033947192413737,0.8210677209670239,0.8603866828498479,0.6380460301099367,0.0,0.6642129717910986,0.6803584273199711,0.4895108069674469,0.0,0.3102647442039988,0.3354206362904207,0.0,0.4275957178135292,0.4295803356617045,0.5436669225436372,0.2518084037635037,0.3201619993875397,0.8388,0.84,0.8
half_sphere_rotation,Half-sphere rotation field,43,0.2,0.05,25,3,0.9,ok,,0.8446831146189557,0.8272538700681835,0.7539522691990328,0.9376674798553644,4.0,0.5484494396712,0.5514375180314348,0.6033947192413737,0.8210677209670239,0.8603866828498479,0.6380460301099367,0.0,0.6642129717910986,0.6803584273199711,0.4895108069674469,0.0,0.3102647442039988,0.3354206362904207,0.0,0.4275957178135292,0.4295803356617045,0.5436669225436372,0.2518084037635037,0.3201619993875397,0.8388,0.84,0.8
half_sphere_rotation,Half-sphere rotation field,43,0.2,0.15,15,3,0.8,ok,,0.8627923593430196,0.8462911961459824,0.7727111924175603,0.9626457170592427,4.0,0.5606593290107874,0.55697462507452,0.618196088785791,0.7618407479298323,0.8079104293492834,0.5571447974196165,0.0,0.6623790953013001,0.6799091650311075,0.42909885836318484,0.0,0.2700088212151474,0.2898818891670966,0.0,0.413924539118274,0.4138288554469105,0.5255815461727009,0.24375753341704465,0.30951163605201715,0.8367999999999999,0.84,0.76
half_sphere_rotation,Half-sphere rotation field,43,0.2,0.15,15,3,0.9,ok,,0.8627923593430196,0.8462911961459824,0.7727111924175603,0.9626457170592427,4.0,0.5606593290107874,0.55697462507452,0.618196088785791,0.7618407479298323,0.8079104293492834,0.5571447974196165,0.0,0.6623790953013001,0.6799091650311075,0.42909885836318484,0.0,0.2700088212151474,0.2898818891670966,0.0,0.413924539118274,0.4138288554469105,0.5255815461727009,0.24375753341704465,0.30951163605201715,0.8367999999999999,0.84,0.76
half_sphere_rotation,Half-sphere rotation field,43,0.2,0.15,25,3,0.8,ok,,0.8322874303653893,0.8149036745054776,0.7413899531630034,0.9149452491747967,4.0,0.5444821337853968,0.5454593200502533,0.592514558417539,0.8065826149186376,0.8291228533835964,0.619585283406944,0.0,0.6732708423937573,0.6791061641519665,0.5378569977061447,0.0,0.32310266840970925,0.35152281974469746,0.0,0.43819672957564165,0.4412567094622775,0.5608683818913578,0.25805127229302394,0.3302918295993596,0.838,0.84,0.76
half_sphere_rotation,Half-sphere rotation field,43,0.2,0.15,25,3,0.9,ok,,0.8322874303653893,0.8149036745054776,0.7413899531630034,0.9149452491747967,4.0,0.5444821337853968,0.5454593200502533,0.592514558417539,0.8065826149186376,0.8291228533835964,0.619585283406944,0.0,0.6732708423937573,0.6791061641519665,0.5378569977061447,0.0,0.32310266840970925,0.35152281974469746,0.0,0.43819672957564165,0.4412567094622775,0.5608683818913578,0.25805127229302394,0.3302918295993596,0.838,0.84,0.76
half_sphere_rotation,Half-sphere rotation field,43,0.2,0.3,15,3,0.8,ok,,0.8561144291102535,0.8395388029216442,0.7654474679083303,0.9511660194476715,4.0,0.5552216302878972,0.5501793219404523,0.6125524571670952,0.7616631850644887,0.7867643683923731,0.5765952014915102,0.0,0.6928680297921928,0.7217131694966297,0.5101994611729885,0.0,0.267654344885392,0.27830443354053985,0.0,0.419655679177178,0.42219043732535977,0.5281548586502812,0.2471325654153937,0.3110270434341995,0.838,0.84,0.76
half_sphere_rotation,Half-sphere rotation field,43,0.2,0.3,15,3,0.9,ok,,0.8561144291102535,0.8395388029216442,0.7654474679083303,0.9511660194476715,4.0,0.5552216302878972,0.5501793219404523,0.6125524571670952,0.7616631850644887,0.7867643683923731,0.5765952014915102,0.0,0.6928680297921928,0.7217131694966297,0.5101994611729885,0.0,0.267654344885392,0.27830443354053985,0.0,0.419655679177178,0.42219043732535977,0.5281548586502812,0.2471325654153937,0.3110270434341995,0.838,0.84,0.76
half_sphere_rotation,Half-sphere rotation field,43,0.2,0.3,25,3,0.8,ok,,0.8251508633998907,0.8072891956765228,0.7343868826124559,0.9041881988300516,4.0,0.5432376443942397,0.5418670001324042,0.5929025793333149,0.7951033874086276,0.81045772104439,0.6104616724030726,0.0,0.6832605213863193,0.683645862445982,0.5461210688148346,0.0,0.3337661418391016,0.3611318271716315,0.0,0.44585020718362683,0.4525813316941323,0.5660084195045129,0.26255835667067173,0.333318765119835,0.834,0.84,0.76
half_sphere_rotation,Half-sphere rotation field,43,0.2,0.3,25,3,0.9,ok,,0.8251508633998907,0.8072891956765228,0.7343868826124559,0.9041881988300516,4.0,0.5432376443942397,0.5418670001324042,0.5929025793333149,0.7951033874086276,0.81045772104439,0.6104616724030726,0.0,0.6832605213863193,0.683645862445982,0.5461210688148346,0.0,0.3337661418391016,0.3611318271716315,0.0,0.44585020718362683,0.4525813316941323,0.5660084195045129,0.26255835667067173,0.333318765119835,0.834,0.84,0.76
half_sphere_rotation,Half-sphere rotation field,43,0.35,0.05,15,3,0.8,ok,,0.7693106578527075,0.7496040058539414,0.6625344018021317,0.8701599680386358,3.91,0.49709346983753216,0.4994584089332287,0.5533665358419271,0.7957703811598849,0.8412246757202672,0.5646393048474975,0.0,0.6994496857180795,0.7321254434863669,0.48619768547123265,0.0,0.28545848896061526,0.31752375151527484,0.0,0.6035433948040351,0.6139449364103114,0.7530604641445376,0.35542287379474224,0.4434725267672909,0.7595999999999999,0.76,0.68
half_sphere_rotation,Half-sphere rotation field,43,0.35,0.05,15,3,0.9,ok,,0.7699684648014977,0.7501605491882838,0.6632280222445439,0.8701599680386358,4.0,0.49790062061313733,0.49966846150348654,0.5533665358419271,0.7950679892590731,0.8395250610644369,0.5689199014955018,0.0,0.6955978644241574,0.7233523395472853,0.48619768547123265,0.0,0.2906555404896341,0.3299164324077276,0.0,0.6031271300109828,0.6139449364103114,0.7530604641445376,0.35517773810063985,0.4434725267672909,0.7579999999999998,0.76,0.68
half_sphere_rotation,Half-sphere rotation field,43,0.35,0.05,25,3,0.8,ok,,0.7353911592589901,0.7144204388204293,0.6262727417502717,0.8091812119627386,3.99,0.4717166442529635,0.4745469879833888,0.5205265310392818,0.8290049971139899,0.8598307596311676,0.6320006581067439,0.0,0.7002518984709631,0.7416024237703931,0.47592153300061846,0.0,0.3430447679929931,0.3741589645607492,0.0,0.6334987592491353,0.6372956771114124,0.7747531567840602,0.37306339775425523,0.45624721575347144,0.7548,0.76,0.68
half_sphere_rotation,Half-sphere rotation field,43,0.35,0.05,25,3,0.9,ok,,0.7353911592589901,0.7144204388204293,0.6262727417502717,0.8091812119627386,4.0,0.4717166442529635,0.4745469879833888,0.5205265310392818,0.8287057492598882,0.8598307596311676,0.6320006581067439,0.0,0.7011739181114579,0.7416024237703931,0.49680920612785395,0.0,0.343783322042177,0.3741589645607492,0.0,0.6334987592491353,0.6372956771114124,0.7747531567840602,0.37306339775425523,0.45624721575347144,0.7548,0.76,0.68
half_sphere_rotation,Half-sphere rotation field,43,0.35,0.15,15,3,0.8,ok,,0.7601196379935686,0.7402596296563992,0.6537468851530592,0.8342382187511056,3.94,0.4934277795298217,0.4926073758646484,0.5533510046215161,0.8022853431583585,0.8587462365190974,0.5658379219234269,0.0,0.7042257095259817,0.7307064983142855,0.5013185229051901,0.0,0.2938200767847196,0.32810687532442373,0.0,0.6114839116276344,0.6209921824928935,0.7646276337049726,0.3600989937442871,0.4502843594908943,0.7508,0.76,0.68
half_sphere_rotation,Half-sphere rotation field,43,0.35,0.15,15,3,0.9,ok,,0.7601196379935686,0.7402596296563992,0.6537468851530592,0.8342382187511056,4.0,0.4934277795298217,0.4926073758646484,0.5533510046215161,0.8006433077239089,0.8546869979161417,0.5658379219234269,0.0,0.7031356077988998,0.722641935379604,0.5013185229051901,0.0,0.2957792962452171,0.33135531529582685,0.0,0.6114839116276344,0.6209921824928935,0.7646276337049726,0.3600989937442871,0.4502843594908943,0.7508,0.76,0.68
half_sphere_rotation,Half-sphere rotation field,43,0.35,0.15,25,3,0.8,ok,,0.7168780861345289,0.6955252660010152,0.607794017170134,0.7920019613572166,4.0,0.4641257424841054,0.4649704201249978,0.5232876254354951,0.8320484539963198,0.8625609330680941,0.6548115843208235,0.0,0.7147266960333388,0.754588040873448,0.5161617553335364,0.0,0.360426142073365,0.4006328414680452,0.0,0.6495986852524558,0.6479612933955914,0.8038415633468591,0.3825445419722958,0.4733771937197065,0.7520000000000002,0.76,0.68
half_sphere_rotation,Half-sphere rotation field,43,0.35,0.15,25,3,0.9,ok,,0.7168780861345289,0.6955252660010152,0.607794017170134,0.7920019613572166,4.0,0.4641257424841054,0.4649704201249978,0.5232876254354951,0.8320484539963198,0.8625609330680941,0.6548115843208235,0.0,0.7147266960333388,0.754588040873448,0.5161617553335364,0.0,0.360426142073365,0.4006328414680452,0.0,0.6495986852524558,0.6479612933955914,0.8038415633468591,0.3825445419722958,0.4733771937197065,0.7520000000000002,0.76,0.68
half_sphere_rotation,Half-sphere rotation field,43,0.35,0.3,15,3,0.8,ok,,0.7494264961889993,0.7298018896106342,0.6435979183963285,0.8324093811989253,3.95,0.49161745408401664,0.4929104253083169,0.541212793846118,0.7903119061004296,0.8293865987047326,0.572203058147407,0.0,0.7226519013022674,0.745430117631448,0.5404713582212475,0.0,0.3001048268001615,0.3224141084532004,0.0,0.6203036538823412,0.6366501437352061,0.7614708889456985,0.3652928839687251,0.44842537254175874,0.7559999999999999,0.76,0.68
half_sphere_rotation,Half-sphere rotation field,43,0.35,0.3,15,3,0.9,ok,,0.7494264961889993,0.7298018896106342,0.6435979183963285,0.8324093811989253,4.0,0.49161745408401664,0.4929104253083169,0.541212793846118,0.7885798212182382,0.8293865987047326,0.572203058147407,0.0,0.7228023293233615,0.7454476613525827,0.5404713582212475,0.0,0.3011372314882373,0.333857413994322,0.0,0.6203036538823412,0.6366501437352061,0.7614708889456985,0.3652928839687251,0.44842537254175874,0.7559999999999999,0.76,0.68
half_sphere_rotation,Half-sphere rotation field,43,0.35,0.3,25,3,0.8,ok,,0.7077595773819575,0.6857967139464464,0.5995728996973034,0.7829611881408818,3.98,0.4586316383754371,0.46357709776047357,0.5126780920508416,0.8193095225467957,0.8650465179725599,0.6626809828711753,0.0,0.7237918475447729,0.740997353127684,0.53693139438367,0.0,0.36580544309265767,0.4153661948275606,0.0,0.6588818939335097,0.6662922200403358,0.8143204281150098,0.38801136463303887,0.4795481306598944,0.7432000000000001,0.72,0.64
half_sphere_rotation,Half-sphere rotation field,43,0.35,0.3,25,3,0.9,ok,,0.7077595773819575,0.6857967139464464,0.5995728996973034,0.7829611881408818,4.0,0.4586316383754371,0.46357709776047357,0.5126780920508416,0.819189472075535,0.8650465179725599,0.6626809828711753,0.0,0.7246796271577587,0.7444543150239695,0.53693139438367,0.0,0.3660987125721167,0.4153661948275606,0.0,0.6588818939335097,0.6662922200403358,0.8143204281150098,0.38801136463303887,0.4795481306598944,0.7432000000000001,0.72,0.64
half_sphere_rotation,Half-sphere rotation field,43,0.5,0.05,15,3,0.8,ok,,0.739510720934093,0.7181835589728349,0.6225942219935415,0.8432967789758954,3.73,0.4667091058173818,0.46571135639428785,0.5287605934155033,0.79919058460218,0.8489134438615853,0.6159607639275197,0.0,0.7095533445723738,0.7554434586318697,0.4592378414880416,0.0,0.2954942554827474,0.3325394172136792,0.0,0.6889715803186783,0.6991425697843288,0.8159881666733285,0.4057309899303575,0.4805302513097747,0.7251999999999998,0.72,0.64
half_sphere_rotation,Half-sphere rotation field,43,0.5,0.05,15,3,0.9,ok,,0.7416786772791177,0.7204156883842958,0.6257933901847896,0.8432967789758954,4.0,0.46922797038588165,0.4698672984319948,0.5287605934155033,0.7866719926916851,0.8334939122121494,0.5901083451343802,0.0,0.7003285945016411,0.7327972554286006,0.4428472860797799,0.0,0.295864496407087,0.3401659690214436,0.0,0.6871116111985343,0.6986062892189207,0.8159881666733285,0.40463566592293343,0.4805302513097747,0.7267999999999999,0.72,0.64
half_sphere_rotation,Half-sphere rotation field,43,0.5,0.05,25,3,0.8,ok,,0.7058834383235931,0.6832171072014455,0.5876553313563009,0.7724923439819472,3.83,0.4302010512319539,0.4291378449545967,0.4800022730897293,0.8330594666062331,0.8876790228868553,0.6908322652052475,0.0,0.7215093239756368,0.7587849935170605,0.466639354801545,0.0,0.3594977371456355,0.39995387552487416,0.0,0.724959189990867,0.7501829263436426,0.8594933438938731,0.4269238648102919,0.5061501739960236,0.7239999999999999,0.72,0.64
half_sphere_rotation,Half-sphere rotation field,43,0.5,0.05,25,3,0.9,ok,,0.7058834383235931,0.6832171072014455,0.5876553313563009,0.7724923439819472,4.0,0.4302010512319539,0.4291378449545967,0.4800022730897293,0.8248231914087576,0.875530450573839,0.6807811435802742,0.0,0.713103014162523,0.7557142304617253,0.44838909548701494,0.0,0.3562248633806643,0.3937939792686785,0.0,0.724959189990867,0.7501829263436426,0.8594933438938731,0.4269238648102919,0.5061501739960236,0.7239999999999999,0.72,0.64
half_sphere_rotation,Half-sphere rotation field,43,0.5,0.15,15,3,0.8,ok,,0.7309640735306749,0.7092878974510174,0.6146524470962363,0.7953982914344199,3.78,0.4607765757491324,0.4645159885161616,0.5276594773269931,0.7998194930634617,0.8522984988167781,0.5937923298639444,0.0,0.7214598333252795,0.7447497288618967,0.5093468779293656,0.0,0.3007286273005998,0.34395841240766545,0.0,0.6972533158206017,0.7061226286736079,0.8457265911321267,0.41060805139344797,0.4980430206885296,0.7199999999999999,0.72,0.64
half_sphere_rotation,Half-sphere rotation field,43,0.5,0.15,15,3,0.9,ok,,0.7325293249626195,0.7107312310200865,0.6165138648426182,0.7953982914344199,4.0,0.46010932066800514,0.45720423057943216,0.532675393247125,0.7909786233030883,0.8320131550229855,0.528612801702822,0.0,0.7095753515804737,0.734027979295854,0.4518900435050089,0.0,0.30026610986104363,0.34129456929092006,0.0,0.6965226359969617,0.7061226286736079,0.8457265911321267,0.41017775868379736,0.4980430206885296,0.7184,0.72,0.64
half_sphere_rotation,Half-sphere rotation field,43,0.5,0.15,25,3,0.8,ok,,0.6860846944831903,0.6630498919755915,0.5671788951180655,0.7329911610394698,3.8,0.4224260388253345,0.4189171754423986,0.49008594859940796,0.842415883742062,0.8770696395585855,0.6861761280050456,0.0,0.7303404135216731,0.7753936254714671,0.5057333113383424,0.0,0.3811332853768689,0.4157420067179358,0.0,0.7409201339062659,0.7524241148175645,0.8927327125992633,0.43632316335903953,0.5257246272169535,0.7219999999999999,0.72,0.64
half_sphere_rotation,Half-sphere rotation field,43,0.5,0.15,25,3,0.9,ok,,0.6860846944831903,0.6630498919755915,0.5671788951180655,0.7329911610394698,4.0,0.4224260388253345,0.4189171754423986,0.49008594859940796,0.8310835038441813,0.8649085601311648,0.6817234495805824,0.0,0.7270442100819653,0.7660386195570148,0.5057333113383424,0.0,0.37311924174364847,0.40868713443653254,0.0,0.7409201339062659,0.7524241148175645,0.8927327125992633,0.43632316335903953,0.5257246272169535,0.7219999999999999,0.72,0.64
half_sphere_rotation,Half-sphere rotation field,43,0.5,0.3,15,3,0.8,ok,,0.7177575881384675,0.6965910592384129,0.6030444260722807,0.8026534940378057,3.75,0.45654242506395903,0.45559883923964906,0.5051387708463715,0.8218048938418504,0.8471221621482414,0.6306096843436056,0.0,0.7539906350875383,0.7688351063333321,0.5595645972100488,0.0,0.3188768432782454,0.3625983877142267,0.0,0.7081367645819496,0.7211215424393549,0.8506259932756977,0.4170172452788555,0.5009282475085656,0.7268000000000001,0.72,0.64
half_sphere_rotation,Half-sphere rotation field,43,0.5,0.3,15,3,0.9,ok,,0.7185298795310469,0.697245015742141,0.6038028124548623,0.8026534940378057,4.0,0.45706301172043706,0.456533375185014,0.5093492728672642,0.813978156896151,0.8414495080854999,0.6409510586997988,0.0,0.7378801877204745,0.76549920969679,0.5444010190983466,0.0,0.31594947275728424,0.3438632261407797,0.0,0.7077405722605455,0.7197132632455987,0.8506259932756977,0.4167839301358829,0.5009282475085656,0.7280000000000001,0.72,0.64
half_sphere_rotation,Half-sphere rotation field,43,0.5,0.3,25,3,0.8,ok,,0.6766387013939834,0.6528989625272296,0.5602614230617291,0.7330309763294053,3.79,0.4113777986264636,0.41422642786748576,0.46863887471429777,0.8282910437032315,0.8629141811618488,0.669006615569829,0.0,0.7454826802954466,0.7832112090711163,0.5641719789237278,0.0,0.37954537429194607,0.4224140669091442,0.0,0.74933562203685,0.7630805638815716,0.8867200532868738,0.4412789908960618,0.5221838103173632,0.7179999999999999,0.72,0.64
half_sphere_rotation,Half-sphere rotation field,43,0.5,0.3,25,3,0.9,ok,,0.6766387013939834,0.6528989625272296,0.5602614230617291,0.7330309763294053,4.0,0.4113777986264636,0.41422642786748576,0.46863887471429777,0.8238276624055587,0.8555630814183399,0.669006615569829,0.0,0.7422803035119112,0.7832112090711163,0.5641719789237278,0.0,0.3785992089114745,0.4190901257928437,0.0,0.74933562203685,0.7630805638815716,0.8867200532868738,0.4412789908960618,0.5221838103173632,0.7179999999999999,0.72,0.64
