dataset,method,status,error,rmse_to_clean,mean_l2_to_clean,mean_distance_to_clean_cloud_approx,median_distance_to_clean_cloud_approx,q90_distance_to_clean_cloud_approx,normal_energy_ratio_mean,normal_energy_ratio_median,normal_energy_ratio_q90,tangent_energy_ratio_mean,tangent_energy_ratio_median,tangent_energy_ratio_q10,local_spectral_gap_mean,local_spectral_gap_median,local_spectral_gap_q10,local_effective_dimension_mean,local_effective_dimension_median,local_effective_dimension_q10,local_effective_dimension_q90,velocity_tangent_alignment_mean,velocity_tangent_alignment_median,velocity_tangent_alignment_q10,velocity_tangent_alignment_zero_velocity_fraction,velocity_neighbor_direction_agreement_mean,velocity_neighbor_direction_agreement_median,velocity_neighbor_direction_agreement_q10,velocity_neighbor_direction_agreement_zero_velocity_fraction,velocity_smoothness_mean,velocity_smoothness_median,velocity_smoothness_zero_velocity_fraction,displacement_mean,displacement_median,displacement_q90,displacement_relative_to_local_scale_mean,displacement_relative_to_local_scale_q90,seed
flat_rotation,raw_noisy,ok,,1.1260913119251543,1.1060733203002242,1.0524643206790645,1.061122780125955,1.3140744076111806,0.614791099415181,0.6152833620462086,0.6497309325956657,0.38520890058397833,0.38471663795299893,0.3502690674034729,1.2925994707525752,1.2355416839537474,1.1022906211806012,8.032467876752953,8.035313629669758,7.419622938945249,8.765777938258545,0.5011937620607742,0.5233333883237903,0.2628332164236839,0.0,0.4628970449481678,0.5005742149492529,0.24449623182635288,0.0,0.15116168549718895,0.16081111617657934,0.0,0.0,0.0,0.0,0.0,0.0,42
flat_rotation,pca_rank_d,ok,,0.4493858193929193,0.41910743876034595,0.2570077932829048,0.2384158171174563,0.3758717380029954,1.0026496137890111e-16,8.083055008054056e-17,2.0073375407084193e-16,0.9999999999941103,0.9999999999943028,0.9999999999925269,62943453164.31867,62648642182.28381,46053146907.91756,1.83821836879138,1.8881016489102929,1.5934798620405237,1.9839687749818817,1.0,1.0,0.9999999999999996,0.0,0.9673350596518016,0.9939623873123404,0.9027802266691183,0.0,0.4734238778209538,0.5514459685561238,0.0,1.02009869461818,1.0276658104507066,1.302861101290009,0.6556680903816064,0.8374135314770089,42
flat_rotation,pca_rank_2d,ok,,0.6808368908250543,0.6468963911010487,0.5426895547985694,0.5374686254277599,0.8612119097356764,0.30225850344063754,0.30055297881034665,0.35607868205819637,0.6977414965569239,0.6994470211871174,0.6439213179392849,1.5251158242535259,1.4421380780490192,1.1962922737045332,3.284988268153076,3.2683991278013966,2.944858206657102,3.5898194742745817,0.7744602512387322,0.8301644900605868,0.5198721026500626,0.0,0.7778771701025756,0.8343220686936597,0.5369408473506753,0.0,0.32989122461300263,0.3494971639296812,0.0,0.8798534809114166,0.881444413873798,1.1234285335931442,0.5655255267831969,0.7220833093771688,42
flat_rotation,pca_rank_5d,ok,,1.0199672941912492,0.9964855680219085,0.9351002704045752,0.9264627958517664,1.196769035896735,0.5555866882205446,0.5576841985576981,0.5975632391393015,0.4444133117784302,0.4423158014413351,0.4024367608595697,1.3218590784762774,1.2847316243787505,1.1015326025940644,6.48836727502272,6.537711716675204,5.849561187498847,7.002177918447695,0.5643909882171326,0.5741274269698314,0.3047425330251033,0.0,0.5509480680954055,0.556334723729167,0.3024439530170952,0.0,0.186585405167818,0.19413138559328802,0.0,0.4529587891181594,0.44846762428736775,0.6573873952319456,0.2911391082544529,0.4225355255787291,42
flat_rotation,pca_90pct,ok,,1.0525017979410747,1.0295639503511904,0.9703179797313249,0.9656865411028903,1.2549283692786262,0.5725986804081861,0.5768077524871851,0.6192530731348176,0.4274013195908509,0.42319224751184664,0.3807469268642187,1.3319234262271402,1.264374299819793,1.1065030871090673,6.912849538914724,7.011910292187604,6.156381750154094,7.513872092694143,0.5391466604347939,0.5439204620911038,0.29158897000334205,0.0,0.5219249834818295,0.5439518855739353,0.2687707514918219,0.0,0.17654501605025535,0.185011741216575,0.0,0.3742473802314458,0.3713054438514374,0.559134086815474,0.2405473768579979,0.35938324487983486,42
flat_rotation,pca_95pct,ok,,1.104533155638824,1.0841391382839154,1.0295149367280192,1.032469678563325,1.3031343972999676,0.6028061076062008,0.6068890001423052,0.6416384577190825,0.3971938923929302,0.3931109998569152,0.35836154228006206,1.3210471971809354,1.2835514593272286,1.0951443827318248,7.703011851631533,7.733756013748134,7.031055855935945,8.492332469173483,0.5157007491650691,0.5315094391522885,0.23146509103036475,0.0,0.47895567640514874,0.5017727365640742,0.26031489769579336,0.0,0.1597969305872401,0.1736337609255494,0.0,0.17701350659409504,0.1614030823638544,0.3561615450958877,0.11377537139555297,0.22892271245165194,42
flat_rotation,position_only_manfit,ok,,0.5915902912930872,0.5663806733858775,0.4626480710296821,0.4413008189869293,0.6881051851468649,0.3660584349846775,0.36284027048805806,0.43189085689777706,0.6339415650105729,0.6371597295072728,0.5681091430976981,1.7752453394188896,1.5977531700275707,1.1861333247731771,4.016981281515237,4.009435376422768,3.3363023426413845,4.749635097279921,0.5411215205566319,0.5659454925598792,0.2954464488258007,0.0,0.4885412409750008,0.5313258749530647,0.26850900262982286,0.0,0.18019920176739326,0.19492567110681572,0.0,0.7663948898545155,0.7819386322007228,0.8778343195605183,0.4926000558183406,0.564227711508949,42
flat_rotation,velocity_manifold_fitter,ok,,0.5097689670966224,0.48659450757571604,0.3666800531513402,0.3503879558622579,0.5164941329400531,0.30719631706254436,0.3011062331728781,0.3932483538229945,0.6928036829314994,0.6988937668216905,0.6067516461698008,2.4723387649531348,2.3021551520673698,1.3499194177074523,3.5411236380959763,3.479150441230283,2.913160493583637,4.249559869848065,0.9462919058185129,0.9691623854737694,0.8877808124593423,0.0,0.8257523441437763,0.8422652494765901,0.6942282095879667,0.0,0.4163584874187886,0.5115435072837382,0.0,0.8344550851298945,0.8375378628848493,1.073953167378272,0.5363457232744782,0.6902830345035912,42
flat_spiral,raw_noisy,ok,,1.091901746105796,1.0759638164377834,1.0050181209531546,0.9986624940759765,1.2510700868858953,0.6278723168352653,0.6275772011572082,0.667014744061817,0.3721276831638063,0.37242279884189367,0.33298525593704503,1.2767408160773528,1.2340788787901356,1.0951095627506364,8.283702791442513,8.291226655627487,7.571803813710232,9.038793421901783,0.4890998065621239,0.46262818252340887,0.2859148653060855,0.0,0.37518048714307234,0.3732156842463954,0.1369151753776311,0.0,0.18033301379883018,0.1934605292108576,0.0,0.0,0.0,0.0,0.0,0.0,42
flat_spiral,pca_rank_d,ok,,0.47662358438470387,0.4379247143094608,0.2430149551133879,0.22196666625555364,0.40382175558926764,1.199730423859948e-16,1.0127060599705213e-16,2.1687732507473537e-16,0.9999999999926755,0.9999999999925053,0.9999999999894373,54930044896.31728,49511141335.12272,33779941952.16529,1.8386555377154339,1.8691716215295717,1.676009132913846,1.9782902424747464,1.0,1.0,0.9999999999999994,0.0,0.9097674192977231,0.9872029710217811,0.6533852828979021,0.0,0.49562945561416544,0.5503919904117489,0.0,0.970308036337618,0.9561305731519041,1.205279981968277,0.6514913895646439,0.8092579890719792,42
flat_spiral,pca_rank_2d,ok,,0.6823397396020101,0.6467958347766208,0.5202900702247482,0.4932522713940334,0.8251357961475996,0.30321190494676387,0.3029368294361787,0.35694916699682644,0.6967880950502742,0.6970631705616841,0.643050833000407,1.522818565173514,1.4404470311376376,1.164422263511516,3.2929857091240042,3.298908008572,2.9980683628102067,3.5555341703589316,0.774675691339958,0.8308998152287743,0.5270054448944052,0.0,0.7015957609738693,0.7346913261839616,0.39828306987005735,0.0,0.3484923855987796,0.39350130696034863,0.0,0.8362526671155405,0.8501940528367811,1.0271474350478231,0.561482943275012,0.6896549185275698,42
flat_spiral,pca_rank_5d,ok,,0.9877445329109551,0.9674138977498496,0.889064592038994,0.8881616560499079,1.1199990621379547,0.5690296757413448,0.571109658820323,0.6073310482625033,0.4309703242574955,0.42889034117858693,0.3926689517361668,1.2967078878515763,1.2736485692389903,1.1176763945654948,6.702341918704037,6.723181117890347,6.144884878273646,7.271616066910593,0.562811907700732,0.585130539665462,0.3241226316663239,0.0,0.4578154170526068,0.4435913025613034,0.205926140071726,0.0,0.20874987400023456,0.21840513611391307,0.0,0.4408150075096336,0.43362053002879786,0.6336439212633235,0.29597526870680635,0.4254458824345903,42
flat_spiral,pca_90pct,ok,,1.018604134895527,0.9991737146833196,0.923373836246395,0.9305370726642013,1.1778139254949922,0.5883110212284024,0.5908562218164042,0.6249741725961364,0.41168897877050414,0.4091437781822962,0.37502582740286927,1.2857226525690388,1.2674019150306273,1.1006937211142926,7.172589818213725,7.158183815729977,6.4357988622991416,7.846080936465408,0.5496384403541821,0.5662241131105348,0.2799628497081009,0.0,0.429421500403328,0.42248645879937397,0.2038722876150574,0.0,0.19805262563079065,0.2084059743835096,0.0,0.3669931988821465,0.3649135629592689,0.5631950997019419,0.24640928462568265,0.3781446142461381,42
flat_spiral,pca_95pct,ok,,1.0700524556919044,1.0534746272598032,0.981073901332217,0.9720741378190787,1.226426739961025,0.6186323187804893,0.615573346525488,0.6583693364620251,0.3813676812185458,0.3844266534736043,0.3416306635368584,1.279196737441307,1.2597736105829012,1.0916360675302588,7.981537573461081,7.973415079039457,7.258507827441853,8.750900347165702,0.5047817310692315,0.49820963312781863,0.26905124773176853,0.0,0.39166887576743376,0.4026459405080879,0.16515910595042818,0.0,0.18576877714440312,0.19209818273124268,0.0,0.17209696565302798,0.13682876013996376,0.35597868109195385,0.11555061598411623,0.23901383572514376,42
flat_spiral,position_only_manfit,ok,,0.5451118885357438,0.5261934189673778,0.3799636639014208,0.34722424711287714,0.5600866243885444,0.37251764944570465,0.3764846012723513,0.43241650539198073,0.6274823505458388,0.6235153987184414,0.5675834946005147,1.9213965591330904,1.7856014860629086,1.2500625632179525,4.106851592236906,4.074749965667978,3.4786251214352872,4.71948423943558,0.5399797079696929,0.5558241341189678,0.2876354805842038,0.0,0.41427466931801044,0.4154969654777959,0.1409217316130354,0.0,0.21588783631406602,0.2342392665350303,0.0,0.776752821309478,0.7730095209880359,0.8757942197168016,0.5215331172698753,0.5880322246217611,42
flat_spiral,velocity_manifold_fitter,ok,,0.496483431639372,0.4784057973251832,0.3315863314584698,0.31328752825281636,0.4117506462616011,0.2911724074432646,0.2930041542176143,0.36180162622921563,0.7088275925501251,0.7069958457752334,0.6381983737629039,2.8373105506334353,2.7351718398398956,1.8285563908985625,3.4847111098477117,3.3746541151526817,2.7505092709717287,4.229175553365417,0.9610323448050025,0.9750097202383747,0.9293689047864067,0.0,0.7316478425283416,0.7688265418009725,0.5464443105479423,0.0,0.4496360326814404,0.5042751537756343,0.0,0.7943506543290743,0.7895274768857488,0.9900963158908626,0.5333487843136492,0.6647777824011877,42
flat_saddle,raw_noisy,ok,,1.1331366739571236,1.1104210681361564,1.0459011851476203,1.019483671895781,1.3372210242475635,0.6013199748460105,0.6044184537048469,0.6437638601155768,0.3986800251531915,0.3955815462943834,0.3562361398836548,1.3553153343186182,1.3124605851901177,1.1166443862333626,7.805435085869969,7.803509106355914,6.981998645326414,8.664241308627016,0.4875564447491778,0.4817077900405212,0.2535242550253153,0.0,0.44931542285255366,0.46124603465632213,0.19844290660209546,0.0,0.17573023978765925,0.19535475119293555,0.0,0.0,0.0,0.0,0.0,0.0,42
flat_saddle,pca_rank_d,ok,,0.47111091516269704,0.4287322969390223,0.2474421866156811,0.20325223094718303,0.4428239837216043,8.966602097351859e-17,6.863256564128014e-17,1.5308751741321543e-16,0.999999999994808,0.9999999999947615,0.9999999999927625,74796353359.4611,70463326261.16559,52910888365.673836,1.8369650102366166,1.8751356579020304,1.6449314836044062,1.9750207850632338,1.0,1.0,0.9999999999999996,0.0,0.935230347388116,0.996502217602665,0.8919473334625967,0.0,0.5076777632215881,0.5747865966352972,0.0,1.011951195779847,0.9977419174086692,1.314930304790782,0.634296944261808,0.8242060266585152,42
flat_saddle,pca_rank_2d,ok,,0.7092514393846078,0.6683415019203508,0.5539003653385677,0.5072662220456823,0.8532871331980788,0.29276567157877376,0.3000469286298872,0.3510673225397141,0.7072343284190925,0.6999530713684136,0.648932677458079,1.6038033793533155,1.5163385301169736,1.1643263090545053,3.232342589581266,3.269041532978356,2.830907687216897,3.547453547265446,0.7416039403448109,0.8051906491294093,0.39126630188596806,0.0,0.7657723423440047,0.8374848599317941,0.4424955209797902,0.0,0.37783722191862407,0.4400603656751435,0.0,0.8622622364894739,0.8637731941828597,1.1801264770185067,0.5404710267041495,0.7397101968325961,42
flat_saddle,pca_rank_5d,ok,,1.0362871628927368,1.0086578021419583,0.9332401189218795,0.9236657209682951,1.2315781739835663,0.5431970211822693,0.5456674063030618,0.5989863729550878,0.45680297881674226,0.4543325936959646,0.4010136270439069,1.3454507719850115,1.2742872143982176,1.0824188731859348,6.30135115045201,6.284138017531377,5.616502327247134,7.166036323266625,0.5335150896901407,0.5409812021535554,0.26668799085937156,0.0,0.5249532227509005,0.5766733258429442,0.22775124947653327,0.0,0.20715186669006525,0.23062994606630738,0.0,0.4352045749178345,0.4082704532257532,0.6358669322413586,0.27278877988419986,0.39856512227054985,42
flat_saddle,pca_90pct,ok,,1.064780389098291,1.0401135372212862,0.9679283976942685,0.95148990760562,1.2467484252145526,0.5657407999003667,0.569271971168446,0.6152865576021032,0.4342592000987128,0.4307280288305867,0.3847134423970329,1.3128521215427906,1.2586478210074028,1.0800273209276665,6.765931435631922,6.8625703868659365,5.919998180418592,7.539611465263851,0.5191292945775006,0.528138639368188,0.2516464330133948,0.0,0.5042154228937463,0.5540443372571398,0.17327383744546523,0.0,0.20111180356025404,0.22125682037175637,0.0,0.360771926367512,0.3414580804608526,0.5955449937860214,0.22613395925087965,0.37329109477239253,42
flat_saddle,pca_95pct,ok,,1.0893988604625646,1.06569865157125,0.9968625198396024,0.9832383354493986,1.2837167704728611,0.5797339941601803,0.5833899871227827,0.6251640483532515,0.42026600583894547,0.416610012876451,0.37483595164590056,1.3322493811570877,1.2903754275391173,1.0770399136171307,7.148797260366592,7.192178791302622,6.34015090370451,7.972249196428435,0.5010556439012669,0.5104265788462865,0.22567079210069044,0.0,0.4742472818572502,0.47935021037186104,0.14950857981987697,0.0,0.19151611058682186,0.214844086099572,0.0,0.2777699668372076,0.253284416044287,0.4368129957161815,0.17410784423923434,0.2737969474734406,42
flat_saddle,position_only_manfit,ok,,0.5947822935477394,0.5671796505587423,0.4397876790078559,0.42098967170632146,0.6442372174473632,0.3775444040993244,0.3760076053171315,0.47017051604000015,0.6224555958967933,0.6239923946790589,0.529829483955565,1.8633683439580415,1.6503848855335426,1.2233568565057202,4.175486280701492,4.132893622928696,3.3023964202225016,5.1335087766237235,0.5125478721624334,0.5292440191557297,0.22715581639109986,0.0,0.4794578004912966,0.5061956398185595,0.18769170382314487,0.0,0.1981022232087684,0.21920785432694037,0.0,0.757334778389989,0.7540583810489283,0.8773901480519717,0.4747018806038059,0.5499532903915406,42
flat_saddle,velocity_manifold_fitter,ok,,0.4884450441827254,0.46392521964414485,0.31849421434394254,0.30494667291706135,0.42073210500963637,0.2470921932500727,0.24315350743097564,0.3554531425714585,0.7529078067445866,0.7568464925633479,0.6445468574216444,3.4283939235719503,3.3170763415780575,1.3206174630103873,3.067226943445014,2.918773217544835,2.277417211369016,3.9313092423013423,0.9453889565256565,0.9820786204560653,0.85627513213967,0.0,0.7925720452930293,0.8603753618340293,0.5978264609324823,0.0,0.4750414659720209,0.5456398680675754,0.0,0.8453050551846601,0.8160508677952266,1.0664521813270165,0.5298421660142346,0.6684584816323783,42
s_curve,raw_noisy,ok,,1.1555830099176498,1.1397051532183164,1.0716564916336158,1.061887541476612,1.31586830605826,0.6366758522754873,0.6407345991285422,0.674795712036353,0.36332414772373484,0.35926540087067027,0.32520428796292067,1.2568713124632027,1.2204143540817967,1.081806008461496,8.565839010088343,8.714533295158084,7.606488073298225,9.288936875786987,0.45233054521443655,0.47355278066063233,0.1817109033670125,0.0,0.4399389505545769,0.44097534476257716,0.2277886287481088,0.0,0.09744076660527497,0.09711061031318466,0.0,0.0,0.0,0.0,0.0,0.0,42
s_curve,pca_rank_d,ok,,0.566316659064206,0.5351591703225879,0.33269163492239834,0.29977339520218393,0.4812871724246597,6.349110458132796e-17,3.5143818097288283e-17,1.3900300614202823e-16,0.9999999999929905,0.999999999993252,0.9999999999904989,54977538343.502914,51624757778.76567,34696591904.732124,1.8319285769048541,1.8731184507859466,1.6475658782835967,1.9745516270284602,1.0,1.0,0.9999999999999994,0.0,0.956530713704165,0.9952948521667417,0.9098531311305671,0.0,0.22699354996677118,0.24576242959650552,0.0,1.065416900013775,1.0478720216097508,1.3343045177493082,0.6561301818276509,0.821722900991143,42
s_curve,pca_rank_2d,ok,,0.7006817570081316,0.669186358186631,0.5409745841152265,0.48163596620805027,0.8336971121081334,0.30875484648367113,0.30948468229935266,0.37183001905948715,0.6912451535138672,0.6905153176978169,0.6281699809375197,1.476624538644027,1.3890654261987267,1.137056635817607,3.3006956965182375,3.3271301085145355,2.9771115041631626,3.6419709640085673,0.7102454506449136,0.7612140776965943,0.3904787399157961,0.0,0.7894109982719366,0.839102043495708,0.5827200046202604,0.0,0.22260556999538952,0.18606730003456115,0.0,0.9143147814812617,0.9042903813738314,1.1431808793178904,0.5630749088110512,0.7040206309840246,42
s_curve,pca_rank_5d,ok,,1.0230211206767161,1.0010530429586137,0.919735813658422,0.9242237231714787,1.1909483262436122,0.5683860065059546,0.5691166219368269,0.6188450441281178,0.43161399349300994,0.4308833780621447,0.38115495587073567,1.2653377430133637,1.2272627632162265,1.0691707423141767,6.6626429567744445,6.618691892708009,6.017631853353041,7.33742959569354,0.5449074598367664,0.5771363066214871,0.2872957351197682,0.0,0.5255784400911327,0.5445506617015337,0.2957686801618745,0.0,0.11711746733399574,0.11714455030399419,0.0,0.5246280470718354,0.5229689413045852,0.7343479866259393,0.323088826460964,0.4522435095439327,42
s_curve,pca_90pct,ok,,1.0851499117062056,1.0651970257613843,0.9891413766829257,0.9810908406384296,1.2614735861598707,0.5966043964543306,0.6007174728362092,0.6417190656583492,0.40339560354476084,0.399282527162939,0.3582809343407058,1.2722825016410881,1.243695101724405,1.0985368754581233,7.403511821594648,7.474899929128791,6.483868851637687,8.192107223523552,0.4965548299668022,0.5131234692749673,0.2280198664473915,0.0,0.48639959592671705,0.4987832185352837,0.290693971171416,0.0,0.11101746800889017,0.10206850797626726,0.0,0.37318353623666395,0.3672603583987892,0.5692304789301348,0.2298226933352402,0.35055694877511445,42
s_curve,pca_95pct,ok,,1.134910874364349,1.1183220958612883,1.048302917486342,1.039925682619782,1.2834962267911152,0.6283161859560485,0.6338953373816314,0.6656512616097741,0.3716838140431435,0.3661046626175559,0.3343487383894243,1.2442555038788221,1.2115213654705106,1.0641503538605461,8.252165869540422,8.398797384239012,7.298079769851574,8.992704992563164,0.46247578284880053,0.4503280020703872,0.1949861957261844,0.0,0.45807378734615345,0.4718143288898047,0.21231139256036774,0.0,0.10180838142539442,0.10672253898003072,0.0,0.17757212716615156,0.15342229221115658,0.3628803734554877,0.1093566584907217,0.22347755645133524,42
s_curve,position_only_manfit,ok,,0.651221230458983,0.6360755148159162,0.5402642256193464,0.5305882242441089,0.7073086001494404,0.4314120147246631,0.43925686968639865,0.5028055311386153,0.5685879852711371,0.5607431303093401,0.4971944688570816,1.6644328286327412,1.5308927776899244,1.164470285158489,4.8067551032561555,4.8537762343179836,3.8698432069261495,5.76676634635043,0.47083732416006346,0.5061500324833909,0.20321567000960214,0.0,0.4421561433236668,0.4584079159994783,0.24773238158722635,0.0,0.11490152608181732,0.1311031461093151,0.0,0.7639278973040151,0.7637452761359774,0.8772160546364061,0.47046010829640295,0.5402278952241869,42
s_curve,velocity_manifold_fitter,ok,,0.5662394444818323,0.5499434726426305,0.42632442531446146,0.41607643450026915,0.5336213676620668,0.3370817195618983,0.3375243003186531,0.4109314987860891,0.662918280431862,0.6624756996739747,0.5890685012085564,2.1864941589320326,1.989221460320716,1.3455264872397132,3.8135169762036325,3.8594237888512537,2.963205853905899,4.609421860751531,0.9390850245628722,0.9634498915465939,0.8873908785834368,0.0,0.7901778688985251,0.8353337429846872,0.629898180143006,0.0,0.12093583508512686,0.10960304854737021,0.0,0.8669793625558088,0.859921073858743,1.0547581281016105,0.5339236938959847,0.64956604533545,42
swiss_roll,raw_noisy,ok,,1.1630334346548996,1.1438074118042276,1.0834370266554016,1.0752521656606198,1.3231015519490856,0.615395753518307,0.6180636601200946,0.6623952642379963,0.38460424648090974,0.381936339879108,0.33760473576127387,1.2976595609374404,1.2562282815475334,1.0931690712901023,8.128566032037776,8.204498394366844,7.033845850634833,9.01757518815972,0.5565924949344078,0.5768006230302232,0.29193551131934165,0.0,0.4662924376076785,0.4825128383440977,0.25530142913998866,0.0,0.2585540085453477,0.2620845121657826,0.0,0.0,0.0,0.0,0.0,0.0,42
swiss_roll,pca_rank_d,ok,,0.4705433255054273,0.4385592411174986,0.2899152652715928,0.25372452945253576,0.4656138981066834,6.546285473892233e-17,4.508797167354486e-17,1.53058344710924e-16,0.9999999999943178,0.9999999999938389,0.9999999999927311,64560261633.02271,61114119720.43462,43606838632.93832,1.8062352881365618,1.8568235095790682,1.5685544975906436,1.978536057989685,1.0,1.0,0.9999999999999997,0.0,0.9566996255226428,0.996660943123826,0.9417708833733855,0.0,0.6701791345938584,0.7071287389215597,0.0,1.049010249369638,1.036040141819315,1.29734233138044,0.6512139553687157,0.8053757640530259,42
swiss_roll,pca_rank_2d,ok,,0.7185142250107943,0.6835268905972792,0.5753593221932713,0.5581702159347091,0.8814586135349118,0.2910898141120621,0.2975799606079973,0.35221273475228015,0.7089101858857343,0.7024200393900459,0.6477872652453328,1.5538026422629447,1.4621043634610382,1.1909218715559349,3.2044005717284945,3.2282515811134065,2.809102915382437,3.55893880975618,0.7988748419786219,0.8664467749192255,0.5167960246911502,0.0,0.7827771945083176,0.839711653532059,0.5336020869821352,0.0,0.51492751021141,0.5231772467541351,0.0,0.8960176225977995,0.8923419805342958,1.1978417505973924,0.5562378255528174,0.7436069044902622,42
swiss_roll,pca_rank_5d,ok,,1.040293010734919,1.0169856815511868,0.948747656216504,0.9396529710137209,1.239129981102136,0.5546998835685614,0.5582119199640821,0.5987813118719871,0.445300116430454,0.4417880800349167,0.40121868812706196,1.3290789954001923,1.2861057573715677,1.0971417484158505,6.484550606687322,6.536169420426254,5.800412941420572,7.086670822139572,0.6200913191594101,0.6423258898012253,0.3569166282604442,0.0,0.5411801847205395,0.5595400443752963,0.30919455480832586,0.0,0.33150338609855523,0.32714265850187707,0.0,0.49334586233938355,0.4793549761940042,0.7061374846437772,0.3062636524017538,0.43836233696030796,42
swiss_roll,pca_90pct,ok,,1.0980677972636674,1.0770756327291073,1.0123000916347202,0.9899828964129482,1.2671726548318034,0.5827619763399219,0.5829192125203526,0.6254957975931008,0.41723802365919394,0.4170807874788136,0.37450420240609655,1.3289308007803906,1.2892893407042585,1.1026150302607987,7.210290700103676,7.25668011695547,6.44850340027552,7.885486843801904,0.6060671927070403,0.6187989845482089,0.3608623314474092,0.0,0.5099336072328579,0.5106959573335865,0.27326430779493155,0.0,0.29833625673249825,0.2990303761281167,0.0,0.35464603716343657,0.33946409483883655,0.5639333388277616,0.2201603356648067,0.350083576745787,42
swiss_roll,pca_95pct,ok,,1.1231069134550096,1.1024822730143338,1.0399697767083331,1.0167318410903547,1.2949508883058063,0.5968357166639703,0.6024667763135935,0.6368528506061685,0.4031642833351846,0.397533223685512,0.3631471493929875,1.3022125107854488,1.280420089715125,1.0890154726528902,7.554216733611596,7.627187729444975,6.704826585379901,8.392331569743279,0.6014609659999305,0.6090770952396356,0.36368372785376324,0.0,0.5002502125697895,0.5159902926538913,0.29089331158462756,0.0,0.2822350397338509,0.290018548148124,0.0,0.2728068730318203,0.2678214599798219,0.4399148222952777,0.16935548813329324,0.2730942539640406,42
swiss_roll,position_only_manfit,ok,,0.6095112104054723,0.5861613761001817,0.48193010155799715,0.4615531273662232,0.6623888036256382,0.3967864189046162,0.39551152198477113,0.4980049832943017,0.6032135810913277,0.6044884780122208,0.5019950167021694,1.6432869913901442,1.579423673329091,1.134749796638113,4.3166565134862935,4.325609911646408,3.023137298809938,5.559312575887582,0.5686095827563965,0.5824741175233287,0.31629606744519434,0.0,0.48597564512725805,0.5036104160059878,0.23952864320843326,0.0,0.29601764036460926,0.29995384310871354,0.0,0.7738285605640367,0.7660938072779053,0.9143229177511191,0.48038420788071623,0.5676015502334373,42
swiss_roll,velocity_manifold_fitter,ok,,0.49861122378936656,0.4809914843110446,0.3624354765845967,0.35384251621676566,0.4600601885143525,0.3007282074847501,0.32037215857642376,0.38325111335350703,0.6992717925091975,0.6796278414179715,0.6167488866387799,2.426717741662922,2.1080824095724617,1.5075778435235614,3.5213884610815422,3.6653238858124553,2.522466704813349,4.346998131873206,0.9550119760500054,0.9763472434319557,0.8774779691067415,0.0,0.8123661290347145,0.8476868410753884,0.6395280663940967,0.0,0.584158748190447,0.6166686677747883,0.0,0.8775376215642123,0.8556414241535395,1.1265171187608711,0.5447656453948715,0.6993293622628252,42
half_sphere_rotation,raw_noisy,ok,,1.123882383029935,1.1048179185004317,1.030272842897254,1.0121846096368219,1.2967140523562546,0.6106834898357428,0.6130099976590622,0.6522799267424463,0.3893165101634254,0.38699000234006553,0.3477200732567823,1.3223818173400412,1.2703376969471392,1.1126068451697047,8.038026753032153,8.110214113175465,7.191921271045257,8.81036747727831,0.5601639377668756,0.5831952344023543,0.3239154281331407,0.0,0.4819485135054735,0.5043402189632303,0.2962794860282193,0.0,0.22844373004414684,0.24262271318041523,0.0,0.0,0.0,0.0,0.0,0.0,42
half_sphere_rotation,pca_rank_d,ok,,0.5742721681239619,0.5474067340318794,0.3294444322153126,0.31059922570075715,0.45920799465236095,6.373262413755506e-17,3.5521886003266355e-17,1.5160826270759203e-16,0.9999999999937278,0.999999999994325,0.9999999999895054,60581345746.51237,61185273427.29643,34730163144.317665,1.8090675565310457,1.82907176973927,1.6344556500715075,1.967732988504059,1.0,1.0,0.9999999999999996,0.0,0.9704536222862871,0.9956937926248863,0.9222619239154151,0.0,0.5858767001277214,0.6476185668586165,0.0,1.0411610273267256,1.0285086852861816,1.3402695223618637,0.6497116278424951,0.8363631275723392,42
half_sphere_rotation,pca_rank_2d,ok,,0.6709436416105947,0.6404237869155414,0.49835937291541604,0.45133837617827277,0.7578782136482312,0.2933894345503024,0.2941383776910809,0.3498638670922454,0.7066105654473709,0.7058616223066958,0.6501361329051171,1.5226398201751037,1.443989949985354,1.207186188009027,3.2082762679801706,3.217141355847616,2.8567952095464317,3.55025881732668,0.8354211555610012,0.892564253921136,0.6521871510525682,0.0,0.8138870172220363,0.85844140829194,0.5934544537805779,0.0,0.4580149850637825,0.49866325394666855,0.0,0.8902555568379799,0.8807973279258309,1.162615181693333,0.5555426796123448,0.7255021869113177,42
half_sphere_rotation,pca_rank_5d,ok,,0.9921806839092882,0.966816457643194,0.8775030667878773,0.8998801141913751,1.1937265208347418,0.5394990664977525,0.5411420494476915,0.5832312111963968,0.4605009335011626,0.4588579505510795,0.41676878880252116,1.358778856525393,1.2804644709716262,1.118401749381644,6.243316029598732,6.244931885389635,5.605094989686499,6.814042818443014,0.6332641121234417,0.6573126627300551,0.3842981780909115,0.0,0.5585764990496583,0.5703884528809025,0.3509216250433253,0.0,0.2929634057500873,0.329337884224824,0.0,0.5117457558749271,0.510999872236253,0.7311752396988478,0.3193426947075398,0.45627241392487233,42
half_sphere_rotation,pca_90pct,ok,,1.0536993492825981,1.0298118356616388,0.9496992063673934,0.9352111418062479,1.2478677849989857,0.5704261045269088,0.5742635428864435,0.6122437069739168,0.42957389547212715,0.4257364571125704,0.38775629302504294,1.3370721708653515,1.2703044718646748,1.1282777148447765,6.955242001270139,6.930950761681576,6.274090392185496,7.655044579564239,0.6131017909837565,0.6327602442506084,0.37667570217606317,0.0,0.5201690369842558,0.5570051329072754,0.3036113257933871,0.0,0.2598897421821926,0.2914516677000659,0.0,0.3655483476875259,0.36474211793940203,0.5499100683979736,0.22811170010944615,0.34315822080200353,42
half_sphere_rotation,pca_95pct,ok,,1.0828400206319486,1.0618272758604996,0.9849852052668081,0.9738642687619463,1.2633852043412457,0.5909392193173345,0.5936741628267895,0.6337106686429027,0.4090607806817609,0.40632583717231285,0.3662893313562273,1.3329292281590406,1.2923398179572887,1.1153963583001185,7.448896419916766,7.494716524147453,6.749060237129837,8.196008254959667,0.5962255529010714,0.6018022950397905,0.36010408029267404,0.0,0.4984392436348865,0.5106026195069463,0.2998489261480283,0.0,0.25198871526354805,0.2714329845387559,0.0,0.2672617594739387,0.25320752793402534,0.4405082696893861,0.16677830638139263,0.27488864591179013,42
half_sphere_rotation,position_only_manfit,ok,,0.6318303072353996,0.6106156873337969,0.4663144027257153,0.4404662482432827,0.658873305667861,0.35530635892773077,0.3620440749497035,0.4280511926155123,0.6446936410676097,0.6379559250474984,0.5719488073781246,2.101672668623692,1.9396571894362902,1.395854426891115,4.023472693524413,3.990619840015203,3.3046830729645107,4.8355952582326545,0.6146212956018933,0.6175926582510077,0.4288435517415454,0.0,0.5306771429898093,0.5519324962858578,0.2970510186733072,0.0,0.25973768213233767,0.2810906548343073,0.0,0.7789176365650265,0.7809126754024582,0.9020863169200497,0.48606491438435545,0.5629253823737722,42
half_sphere_rotation,velocity_manifold_fitter,ok,,0.5488152404094546,0.527518958196216,0.37784649830938444,0.3724642076140024,0.47027464125392787,0.24245601167062436,0.22948249510273228,0.3161718713215685,0.757543988323831,0.7705175048916637,0.683828128671634,3.7208003628777986,3.5848277423463717,1.4454841841826886,3.057283472093375,3.028438449821436,2.3696063083523597,3.6695745231757515,0.9408589264304328,0.9831589075767957,0.8636205337227061,0.0,0.8460746168926578,0.8665545056907833,0.734571457502557,0.0,0.5274260946790664,0.6128054660256842,0.0,0.8541855117961507,0.8309299237663765,1.108532968158831,0.533034031031202,0.6917534755491126,42
potential_saddle_surface_saddle,raw_noisy,ok,,1.174433116762544,1.1554428427079393,1.0769386492746504,1.0573227340043396,1.3634688850043992,0.5995263981358299,0.5967756570731648,0.6382477105646119,0.4004736018634664,0.40322434292605625,0.36175228943460486,1.3782194567029842,1.301239491544943,1.0923397333401443,7.8401205173464925,7.809115675133926,7.073096021204371,8.607420451564757,0.7336040889825042,0.7710887252386338,0.5364118960978083,0.0,0.5361573780418843,0.5854667842229488,0.3090839506010948,0.0,0.7157270869226428,0.7849273144130231,0.0,0.0,0.0,0.0,0.0,0.0,42
potential_saddle_surface_saddle,pca_rank_d,ok,,0.5807871432524716,0.5450604736638727,0.31224191581592253,0.2888508317110938,0.5469049080288128,4.5123597571047907e-17,1.8502090455716817e-17,1.0739035796474259e-16,0.9999999999959487,0.999999999996029,0.9999999999941204,96098972414.68167,94097363227.67233,63778026438.460106,1.8442217540908556,1.8699384953062226,1.6897219627474647,1.976047464857489,1.0,1.0,0.9999999999999997,0.0,0.9254179964319678,0.9948734755586737,0.7968212780985617,0.0,0.6765469810043505,0.7465050609237602,0.0,1.095869921604266,1.1215217361213616,1.374880788714137,0.6221710874168723,0.7805772003766545,42
potential_saddle_surface_saddle,pca_rank_2d,ok,,0.6966550594855461,0.6566982560356077,0.5112180223588694,0.4671369850270407,0.8563638804633535,0.2772228627280438,0.2751510671881885,0.3324277750151784,0.7227771372700297,0.7248489328103604,0.6675722249824608,1.6723561310760098,1.6187379487674831,1.2490247529879888,3.134956902519708,3.1518032177988013,2.7912625819368344,3.46123063786171,0.8658624661265668,0.8978874876302049,0.6637403667321432,0.0,0.8003513081949255,0.8710239395737134,0.5434316396636281,0.0,0.7360901894952381,0.8013649790863745,0.0,0.9288057906263921,0.9304181564959417,1.1834214837317953,0.5273218083284427,0.671877762944738,42
potential_saddle_surface_saddle,pca_rank_5d,ok,,1.0333923031976266,1.010052703636187,0.9188723571910861,0.9257561859607927,1.200751373010835,0.527559092341976,0.5308997211445493,0.5713195803611715,0.47244090765711255,0.4691002788545498,0.4286804196379684,1.4217492299627272,1.3765497538189284,1.114622031207862,6.0937356563877945,6.107304312866459,5.5002746467456065,6.688480262849844,0.7660432462195531,0.7821331372947548,0.6094703308825569,0.0,0.5890875784178661,0.639387198919124,0.3389247542793113,0.0,0.7161837166656514,0.7694317886028887,0.0,0.530124930234556,0.5263092235920048,0.7709052582470747,0.3009740461057503,0.43767508658036713,42
potential_saddle_surface_saddle,pca_90pct,ok,,1.0702937908283587,1.046942899924338,0.959841117927192,0.9576720245428243,1.2752952968080518,0.5421863473509738,0.5382971793234061,0.5904222115946486,0.4578136526481697,0.46170282067558777,0.4095777884045688,1.4109547249534287,1.3676690108297755,1.1068105066802751,6.419233713325928,6.412234518224996,5.764650145455144,7.101114928145021,0.7546451269203275,0.798162557976765,0.5480124191468702,0.0,0.5757618285165077,0.6272252595653126,0.34240727038346885,0.0,0.7151710513713655,0.7755356435932607,0.0,0.45644139603076267,0.46390089426437175,0.659410176379755,0.2591408287717251,0.37437467568354027,42
potential_saddle_surface_saddle,pca_95pct,ok,,1.128522945969747,1.1071114496833678,1.0243506341240907,1.0198410850030855,1.3176792878594816,0.5753215799435158,0.5717394609274022,0.6183602811109821,0.42467842005571976,0.4282605390717297,0.38163971888835363,1.3892149473707602,1.3202915057100786,1.1128875052796734,7.18592257033845,7.125951666680658,6.37683520736914,7.9932897155515485,0.7386589404980619,0.7897413476401459,0.49414870870517036,0.0,0.5478937119634324,0.5853994212605751,0.3158776903458345,0.0,0.7126560928100251,0.780270648737492,0.0,0.2908929905097118,0.2748456017868266,0.4758828150055478,0.16515209027949726,0.27017853365440103,42
potential_saddle_surface_saddle,position_only_manfit,ok,,0.6702752397935078,0.6428948985436023,0.4953170517676306,0.48622627359992554,0.6930357206270952,0.36334821205453,0.36868833611204865,0.43485856616175766,0.6366517879423885,0.631311663885533,0.5651414338327247,1.9192036594745152,1.7741707935205708,1.1939983704668278,3.990393548656729,3.9644992246398654,3.1069005272640893,4.76474604444869,0.7716706486673888,0.7971112242087431,0.61437563431488,0.0,0.6213611602745879,0.6894445129181643,0.30826251234174645,0.0,0.7370698167746756,0.816896100171961,0.0,0.7996328225991524,0.7985273723099173,0.9643671674592953,0.45398492372381666,0.5475114860064092,42
potential_saddle_surface_saddle,velocity_manifold_fitter,ok,,0.528649801792629,0.5034874646535688,0.32572043554139707,0.31657297790386174,0.4269340708839818,0.17162569962590807,0.16263305689865878,0.2599307447840974,0.8283743003700278,0.8373669430978021,0.7400692552098981,5.568145098706132,5.104009918193348,3.30522023340342,2.6671973118860572,2.6397340604957864,2.139312131448973,3.237653757858154,0.9827022969938031,0.9883463331704405,0.9588738148646224,0.0,0.828951696657109,0.8857081192460349,0.6407330562589565,0.0,0.6974282168820101,0.7710030849935019,0.0,0.8988566560286134,0.8910716467877505,1.1296432197071997,0.5103184347778517,0.6413455981796055,42
flat_rotation,raw_noisy,ok,,1.1241536048967151,1.104407613243374,1.0336638341974684,1.007132033835076,1.3319332831882253,0.6057613264212143,0.6027588911173135,0.6493135503004823,0.3942386735779341,0.39724110888182373,0.35068644969866514,1.337107893334782,1.3134477476826856,1.0937556335521914,7.847100200211711,7.797746190196832,7.132566583878589,8.637905640228519,0.5061077076250039,0.5312364680161943,0.2379189102461648,0.0,0.4591233398330401,0.477428790749325,0.22663566169574195,0.0,0.14834023017437156,0.1523588133613118,0.0,0.0,0.0,0.0,0.0,0.0,43
flat_rotation,pca_rank_d,ok,,0.5133812446845695,0.4743935029604324,0.28116198344066523,0.24454095839494977,0.44816226737028114,9.302523826061519e-17,7.538232681074615e-17,1.9803847878232482e-16,0.9999999999944287,0.9999999999944537,0.9999999999930027,65545606102.381424,62530410278.18917,45132868599.88769,1.8220674218519113,1.8460201158741807,1.6121485506398303,1.9657970316938684,1.0,1.0,0.9999999999999994,0.0,0.9760624906847885,0.9937016804699332,0.950340946535347,0.0,0.46410323789922053,0.5477107072230469,0.0,0.9870801835978148,0.9770693875025711,1.2846543291942591,0.6370856223960958,0.8291472328979854,43
flat_rotation,pca_rank_2d,ok,,0.7276976678083196,0.6887666361079048,0.5647715334296668,0.5453297178003065,0.8849761511244568,0.3101905224795219,0.31486688902145454,0.36317356391476713,0.6898094775182274,0.6851331109760402,0.63682643608335,1.4793009748899548,1.4131050095144602,1.126202446767547,3.3140456598763137,3.3541639348240295,2.9877595981705576,3.619851877409953,0.8129725039776666,0.8728824322287659,0.5903661459269511,0.0,0.7998628207419567,0.8447540730090265,0.5869606924812553,0.0,0.3261822628009428,0.3954962309917021,0.0,0.8404930271800983,0.8174403563888598,1.0859111361026412,0.5424746968264403,0.7008735293309096,43
flat_rotation,pca_rank_5d,ok,,1.0249228608958012,1.0013660484807545,0.9219782316967354,0.8744842104610048,1.2058162965782688,0.551864328927439,0.5572776618666611,0.5996943408803228,0.448135671071514,0.44272233813231976,0.4003056591186243,1.3219726191083203,1.2874885688472788,1.1022670097174692,6.418204772288663,6.46292297450973,5.712548438126274,7.090948397551112,0.5726215566222871,0.5903254640878519,0.31677785251437574,0.0,0.5369637940886294,0.5788565439402542,0.2603080379201042,0.0,0.17457610675501214,0.18830662060444275,0.0,0.4450587578575321,0.44107143879288335,0.599867321282558,0.28725177595909224,0.38716899810653166,43
flat_rotation,pca_90pct,ok,,1.0549015463339761,1.032086481218584,0.9552135579933636,0.9435010936420161,1.2352105831505364,0.5673801814249634,0.5632032250265039,0.6128551076383382,0.43261981857405674,0.4367967749725326,0.3871448923606535,1.3269529419578414,1.2949089088516372,1.0823293103893985,6.807434763224475,6.745902847044945,6.17047563206968,7.598138810631624,0.5566186579292144,0.5604166392795937,0.28686408572093075,0.0,0.5129309381476417,0.5586444601964564,0.21464519624434625,0.0,0.16679060968358161,0.1745806321696754,0.0,0.3668457277993062,0.3503529807172923,0.5316511071740553,0.23677117898012184,0.34314058993363655,43
flat_rotation,pca_95pct,ok,,1.1047697924623754,1.0834519192642595,1.0105851480163708,0.9947374329033027,1.3223669957313764,0.5943240463530571,0.5897230303516754,0.6391016820852937,0.40567595364604914,0.4102769696474876,0.3608983179138033,1.328345985963167,1.2912074346283466,1.1098119701943157,7.510739489518458,7.4442867588139485,6.749403678249143,8.344071635217345,0.5079541739770186,0.5379398950117475,0.1885963506655249,0.0,0.4667278245389936,0.4851173950062933,0.2145415898684168,0.0,0.1510354205454201,0.16281330297763008,0.0,0.17755207070968795,0.158402343669623,0.33980974051765656,0.11459643639435695,0.21932149346253607,43
flat_rotation,position_only_manfit,ok,,0.5811872929229316,0.5580597898973699,0.42432949723009084,0.3989287136379019,0.6221829179025484,0.3466886192012531,0.34083450980998925,0.43072674630798385,0.6533113807937831,0.6591654901837807,0.5692732536870349,2.044808577464703,1.9653036221428741,1.2952307465359103,3.8503135615459323,3.7819704190976866,3.0012256207746555,4.761622551212797,0.5445045476862779,0.5633336351053055,0.2892776227154346,0.0,0.4949044720369956,0.5140319466467582,0.28650165099574326,0.0,0.1645290362616473,0.18509897445084006,0.0,0.7702507290631159,0.7759867792699656,0.8888970615021806,0.4971386046244076,0.5737158410060001,43
flat_rotation,velocity_manifold_fitter,ok,,0.5062163352121118,0.48286771600876016,0.32891927852014663,0.31958413958219833,0.4243765105690252,0.24696948080062803,0.24786578159238595,0.3194643013483528,0.7530305191935772,0.7521342184018418,0.6805356986451171,3.580498809650147,3.3915894855656914,1.923083336910259,3.0753294072818043,3.0726091370940027,2.432604093750899,3.772004884950476,0.9770937613586136,0.986473855829401,0.9523834503783133,0.0,0.8459219314625049,0.874614460287922,0.7189399551096054,0.0,0.4360030644564483,0.5229949868426806,0.0,0.8287488942884642,0.8307922518234763,1.0693967016491226,0.534894747054277,0.69021471059747,43
flat_spiral,raw_noisy,ok,,1.1206114906199438,1.1063151167746605,1.0330885636374851,1.049727999122014,1.2465065674218723,0.6209219669105278,0.6217359845908661,0.6513827784724077,0.37907803308860827,0.37826401540824806,0.3486172215267172,1.253928434013475,1.2193041819178465,1.0917482750969751,8.085535337375092,8.07085402082002,7.47239774731265,8.696067885503782,0.4899266878504868,0.49248577393166304,0.2396278763556328,0.0,0.3411581700415509,0.34201032085565025,0.13704857530123604,0.0,0.20644690577612704,0.21304326951272617,0.0,0.0,0.0,0.0,0.0,0.0,43
flat_spiral,pca_rank_d,ok,,0.4695581153858072,0.4402670382995686,0.23465188397950273,0.20733973646431975,0.35267764746884334,9.424935594472236e-17,7.179377264961005e-17,1.952610563985245e-16,0.9999999999937556,0.9999999999936455,0.9999999999923797,58305933941.304596,57628655758.37921,43247896846.042435,1.8284893483920273,1.871988174862129,1.6183132527580715,1.9759883513474288,1.0,1.0,0.9999999999999996,0.0,0.8918189871278338,0.9842534260176754,0.6301874674755874,0.0,0.5245980177132371,0.6010869893532605,0.0,1.0051932091041123,1.020478096275598,1.2227801191416583,0.6517901801412461,0.7928784903340184,43
flat_spiral,pca_rank_2d,ok,,0.6966178518279205,0.6673909091854694,0.5354372997875952,0.5337608523156839,0.8519199170373932,0.3087195868771649,0.30643732380950117,0.36178516796639754,0.6912804131203026,0.6935626761879974,0.6382148320311212,1.4895866678067418,1.4575108411992606,1.129240773470888,3.315348996204568,3.2993743367397315,3.0398545756049145,3.6115853401912847,0.7439553504640717,0.8225129559062933,0.4177272372096769,0.0,0.6465908556331079,0.6784922212674429,0.31662998881014925,0.0,0.41019867845559227,0.4735128446878152,0.0,0.8625100799790876,0.8830306121985319,1.0599437342253604,0.5592711881771011,0.6872916681222597,43
flat_spiral,pca_rank_5d,ok,,1.0196941010117917,1.0011612318440952,0.9188582418056686,0.9147384059321901,1.1527552653767517,0.5615791640270195,0.5633003728332373,0.6086633762900815,0.4384208359719076,0.43669962716564903,0.3913366237088002,1.3282154741917982,1.2823936695020564,1.1010497250149343,6.593118333641333,6.566613620677025,5.994593480003989,7.259305432399126,0.550722836291677,0.5788436467140197,0.2411740149528286,0.0,0.4174377240789514,0.42619842736906444,0.17294059935026096,0.0,0.24619556483365374,0.27091542390202517,0.0,0.4400599976419868,0.43651397782306334,0.6544450598643365,0.2853449292516251,0.42435708836682334,43
flat_spiral,pca_90pct,ok,,1.0518157932026655,1.034909398306246,0.9553290758104753,0.9559691129832586,1.1825460139996669,0.5826041833933964,0.5828951346456764,0.6247281325054337,0.417395816605602,0.41710486535339386,0.37527186749359515,1.3122507727381594,1.2607378347450557,1.1072826748627986,7.056419287941704,7.048797426806157,6.448569639744028,7.717527810789814,0.5309282871218854,0.5558556283665328,0.2579438292605451,0.0,0.3975368941207106,0.41346800495989666,0.16015063467140803,0.0,0.23219458509404722,0.25592696117242697,0.0,0.36062458718718376,0.3383852890902116,0.5799322456402025,0.23383719917446408,0.37604128184713437,43
flat_spiral,pca_95pct,ok,,1.0998783887011885,1.0853215226702235,1.009962839893823,1.0040386590347268,1.2308453838330573,0.6107140361425137,0.6154629050201823,0.6441702701340817,0.38928596385658026,0.3845370949789341,0.35582972986503186,1.2758725754229099,1.2360531814293183,1.1037418154423175,7.788217422511844,7.823808009655954,7.138102151352041,8.397898942824572,0.497621777273595,0.4839191986765654,0.24166615347397571,0.0,0.36451634458536325,0.37710581596108184,0.1411839037888929,0.0,0.21383881533579313,0.22577746697241535,0.0,0.17587944288910837,0.15262930058708105,0.33905838461096605,0.11404423818780549,0.2198531820374565,43
flat_spiral,position_only_manfit,ok,,0.5809682888078452,0.5617661516530447,0.4155868323532759,0.40334155454006204,0.5969402766547107,0.4024390622882893,0.39451486609774433,0.47381442381516475,0.5975609377065482,0.6054851338970968,0.5261855761803427,1.6898097863698696,1.600368621515749,1.227448402786749,4.432625274427497,4.391181121734949,3.629755998624891,5.2931577634646505,0.5376234043384922,0.5616982788427451,0.29758241466582774,0.0,0.38061878669037924,0.3662071830851008,0.15374144847919297,0.0,0.2316819746546003,0.2607173795444052,0.0,0.7658542478524891,0.772966573557039,0.8670688988700654,0.4965973443201112,0.5622272302188396,43
flat_spiral,velocity_manifold_fitter,ok,,0.5133759996510704,0.4924479311489524,0.3309936165215274,0.3169798190705724,0.4222493180537865,0.31829063747740893,0.32646618410180306,0.3922442605004564,0.6817093625160002,0.6735338158912239,0.6077557394919553,2.15635565170692,2.0015780377768504,1.4368669572076063,3.658874300485353,3.696139104484638,2.9181015886757184,4.370485861001974,0.9451059031577317,0.9703550344236446,0.8697160810684093,0.0,0.7168305650327177,0.7953332653645089,0.4362508050111612,0.0,0.4410140514684932,0.5073277300582747,0.0,0.8267139672048337,0.8178560626181854,1.0535671522503844,0.536060173038746,0.6831569470790692,43
flat_saddle,raw_noisy,ok,,1.1158023415180844,1.0983889618853206,1.0289027308701242,1.022860968543009,1.3009716415614279,0.6043789830566973,0.6042401397405724,0.6523406692176956,0.39562101694246354,0.395759860258595,0.3476593307814696,1.2932349160441452,1.2371818257309477,1.1011504479929233,7.7745789413475155,7.713481319814325,7.019326202787981,8.701888123969532,0.45887580006008627,0.4685793066219628,0.19061347124031908,0.0,0.4128163756060319,0.41363623161063967,0.17632449437014722,0.0,0.16950198981058906,0.185056454064287,0.0,0.0,0.0,0.0,0.0,0.0,43
flat_saddle,pca_rank_d,ok,,0.4773194375847664,0.43991344635105645,0.269393892986394,0.23358594473043964,0.3819255924103473,1.0657904490418632e-16,8.421896652697293e-17,2.204116004467768e-16,0.9999999999943666,0.9999999999941461,0.9999999999923941,67489404382.04799,61500842842.548164,43939962717.77084,1.8214594153836878,1.8649770501586531,1.6050558500069143,1.9809098238864746,1.0,1.0,0.9999999999999996,0.0,0.9321457879319641,0.9955081975703799,0.9003635409629976,0.0,0.46143558278695596,0.5237012197848773,0.0,0.9908478173396357,0.9715236530581923,1.2797548392630391,0.6293169580680572,0.8128104118756229,43
flat_saddle,pca_rank_2d,ok,,0.6959893102674776,0.6582518755210612,0.5396257145819991,0.5203231521367695,0.8397469082924848,0.2881760406150847,0.28725944991116537,0.35529682001516955,0.7118239593825325,0.7127405500866162,0.6447031799823119,1.5763423562542433,1.4855540002614764,1.1277556264671036,3.169477133425197,3.1908893069474504,2.7152076211187692,3.5891371518480835,0.7531056270219888,0.805251822779536,0.4406081910801233,0.0,0.7532371028470607,0.8251016360053851,0.4775622141055293,0.0,0.3681642265279869,0.4076917050797313,0.0,0.8530407874548486,0.848894509752165,1.0908935486515399,0.5417916092406889,0.692858981570664,43
flat_saddle,pca_rank_5d,ok,,1.018581958686327,0.997533357163298,0.9208624796067916,0.9129181277829439,1.1661974984391212,0.5470014100821884,0.5474202554905327,0.6024249113191942,0.45299858991679937,0.452579744508368,0.39757508867982033,1.3096665760148776,1.2496102794540969,1.0811317606969129,6.319994037334413,6.258672877454977,5.578639037087547,7.1593369360512815,0.5070928320743187,0.5213906063818148,0.19400851566510258,0.0,0.4881639712408947,0.4920237616894361,0.2549826807798874,0.0,0.22133384570761622,0.23237778895018285,0.0,0.43333239020357794,0.43645865842087617,0.6021881495482113,0.2752223064561697,0.3824676280519201,43
flat_saddle,pca_90pct,ok,,1.0497113642256057,1.0299345869767564,0.9557439586242619,0.9543999464370332,1.2113938564565983,0.5687826803817375,0.5732593020450802,0.6185238991018965,0.43121731961731025,0.4267406979540189,0.38147610089709577,1.2919448959059388,1.2512969823227564,1.0701351585146293,6.7789645050692116,6.767054202727953,6.072915398456951,7.746539971152276,0.501579770606052,0.49504362478919584,0.24931209062427803,0.0,0.46837234129677036,0.4829730804659327,0.2293035152008896,0.0,0.20329664524763488,0.22245766403750028,0.0,0.3549421153470382,0.34865908480099866,0.5499678322295384,0.2254343082878024,0.3493009493054589,43
flat_saddle,pca_95pct,ok,,1.0753880610912794,1.0573341712845772,0.9852955901022721,0.9850807241823865,1.273687500252318,0.5821504584036395,0.5850485919922221,0.6344400390536766,0.41784954159545984,0.4149514080067913,0.36555996094546556,1.2825309290308051,1.2340191285655586,1.0704484357417952,7.11724803947445,7.133994221045253,6.353981255960915,8.011817818271687,0.49283780117210996,0.5045876896054019,0.21556006377675446,0.0,0.4492554422014191,0.45707613873958475,0.22989681645650775,0.0,0.19245638735801213,0.20326586395529767,0.0,0.26954044279828104,0.2562957173561644,0.4440383035742512,0.1711931626327518,0.2820219508797319,43
flat_saddle,position_only_manfit,ok,,0.5963110161423962,0.5729009033535502,0.4327385685283286,0.4093051476273073,0.6434305711803003,0.34868709488700467,0.36291490149538974,0.44947958565085105,0.651312905108249,0.6370850985001857,0.5505204143446673,1.738625954051039,1.6009173823024736,1.1855589322840283,3.7645895733403503,3.76058762677843,2.5796923383439334,4.927178346734614,0.5058131758600574,0.519376184466702,0.25410867216093497,0.0,0.47620356727621654,0.5047319398585448,0.2291185399834837,0.0,0.1843710436368576,0.1938798077470762,0.0,0.7697028805902805,0.7595384224795932,0.8988588533058045,0.48886122263441556,0.5708920274091451,43
flat_saddle,velocity_manifold_fitter,ok,,0.533339248889695,0.5127564893297546,0.3623244598390164,0.3503525317971039,0.48185387698889,0.2689373860943094,0.2840167758122454,0.3652116442743712,0.7310626139000109,0.715983224180794,0.6347883557184039,2.9003439324868916,2.562678886965614,1.5884822440368762,3.2628048561658187,3.3394693826348902,2.2863073694693457,3.9708854800844233,0.9604109569562529,0.9744764888811548,0.9118394374513481,0.0,0.784736768305734,0.835246294256214,0.5777467350793792,0.0,0.41098090797687675,0.48517944464983065,0.0,0.820368630912521,0.8077600869185955,1.0654464558766752,0.5210405495835699,0.6766967750879864,43
s_curve,raw_noisy,ok,,1.142222580288432,1.128154331247804,1.0674370732922946,1.0618529988712202,1.283017524222113,0.6432138304844579,0.6466244602034008,0.6761105350162504,0.3567861695147497,0.35337553979578507,0.32388946498297383,1.2068116731415084,1.1825476637378993,1.0615896182761273,8.6637293872412,8.698113244819446,7.717506794627689,9.503940040956127,0.4341057138892352,0.4573899392093778,0.1552320470883489,0.0,0.44455835940162075,0.4543258837497255,0.2632314504592587,0.0,0.10272537066588977,0.11165303950471793,0.0,0.0,0.0,0.0,0.0,0.0,43
s_curve,pca_rank_d,ok,,0.5739471272446982,0.5499244642643177,0.40252504431555763,0.3876380805196497,0.5680228332766337,5.680246175142136e-17,5.071759641733599e-17,9.116594266706294e-17,0.9999999999923993,0.9999999999925342,0.9999999999898393,50318092444.08378,49812708154.76799,30980339387.631985,1.8349093582569336,1.8712605108546363,1.6215743341480733,1.9852102819793256,1.0,1.0,0.9999999999999994,0.0,0.9274975289030271,0.9946394856228434,0.807807654147969,0.0,0.0957649347777901,0.13618437429582192,0.0,1.062802120863716,1.041814544871947,1.259183017504093,0.6648571791960205,0.7877071871374789,43
s_curve,pca_rank_2d,ok,,0.6851747107018834,0.6545895135937982,0.5322536569592209,0.48371521759050273,0.7941971254509019,0.3053787696301796,0.3102814626835114,0.3533016712779922,0.6946212303671366,0.6897185373141903,0.6466983287192224,1.4757845165246626,1.3882985931403808,1.112093401686016,3.2818990630883946,3.3220282082377657,2.9385868860328195,3.590682423211562,0.7022047098016838,0.7851008199186853,0.33725179529852267,0.0,0.7533297101920622,0.8107895144942594,0.5152824704858884,0.0,0.21904147704741514,0.23810310178282534,0.0,0.9242372873103548,0.9265039315958802,1.1339875081705182,0.5781751689106203,0.7093886257143189,43
s_curve,pca_rank_5d,ok,,1.0188135187703093,0.9984449299942378,0.9259875820016863,0.9386819478081818,1.1681581812329573,0.5761290635865497,0.5843125689629096,0.611095524435754,0.4238709364124045,0.41568743103598554,0.388904475563064,1.2428630284484505,1.212432007751754,1.0946497667878206,6.76202892335491,6.8496415823970995,6.133453643883948,7.324820789585203,0.5289862767644976,0.5477125812282578,0.23945126417735932,0.0,0.536476901679199,0.5550296082844728,0.3049717343303137,0.0,0.12436275911949822,0.1310031538576352,0.0,0.5071566014341052,0.5005510099599446,0.7197517422442797,0.31726198209511985,0.45025513562304575,43
s_curve,pca_90pct,ok,,1.078353724235723,1.062047495918498,0.9966223320279333,0.9835498536287494,1.2304263337293815,0.6130550693105727,0.6144953940357086,0.648376451990717,0.38694493068852187,0.3855046059633612,0.3516235480083996,1.2161240189717424,1.197600813495356,1.080202763697227,7.6803549787245275,7.733855814544187,6.853017995704111,8.327895396209128,0.4811318099535755,0.49234071493715714,0.19614353360243725,0.0,0.48816778324865007,0.4846662545946777,0.29283771654386404,0.0,0.11348255290884494,0.12191565947326727,0.0,0.35797549565944387,0.3286225632676161,0.5607783301381166,0.22393874983239181,0.3508061297684334,43
s_curve,pca_95pct,ok,,1.1004790300818383,1.0850685418343118,1.0220538720066388,1.0104811179464113,1.2285843134712204,0.624322762235604,0.628242336131762,0.6581974869863878,0.3756772377635397,0.3717576638673924,0.34180251301269804,1.2252813520875594,1.2221632426156614,1.0904769743696274,8.038574034526599,8.135113737718193,7.253920441229332,8.676968419664888,0.4734305301313166,0.46332276079235435,0.19774570326934218,0.0,0.4747310159224621,0.48299222804139047,0.29543257106387477,0.0,0.10996092471515126,0.11312356085956551,0.0,0.27603788421652503,0.26866599533273505,0.47295037215907443,0.1726810338901932,0.29586358943078533,43
s_curve,position_only_manfit,ok,,0.646031144442087,0.6296439146069166,0.5462718279820262,0.5283766399941768,0.7119598360214565,0.4566710724984716,0.46008318249877367,0.5275342159835484,0.5433289274963182,0.5399168174956169,0.47246578401116307,1.4840875127202495,1.4168770585810768,1.132127745045623,5.0790286181151165,5.195484066414931,3.9446446710563614,6.061071225059435,0.4565859329820344,0.45367780120223267,0.1736422703282667,0.0,0.44420274478982213,0.46190650774963515,0.24094181750942725,0.0,0.13063900600926032,0.1424632067578485,0.0,0.77065816949516,0.764466052225095,0.8685391413186605,0.48210067202210954,0.5433320767643688,43
s_curve,velocity_manifold_fitter,ok,,0.5712489491151611,0.5581379888276903,0.45690215276521734,0.44554195358496096,0.5634571385983685,0.37230014979546483,0.3759168890068223,0.43253556878846483,0.6276998501978,0.6240831109866103,0.5674644312025728,1.7778131715286603,1.6310384865981513,1.1877671187631378,4.074991756444333,4.008910230845915,3.380621078571731,4.79338242025431,0.8768219788669188,0.9388495602468518,0.703928974134032,0.0,0.7425034942397022,0.7965203897939177,0.4922147186042028,0.0,0.14971872028592859,0.17480514923575788,0.0,0.8653894224314086,0.8592635748949755,1.0788548016375792,0.5413617069527834,0.6748992555603125,43
swiss_roll,raw_noisy,ok,,1.1709575744061373,1.1551441908544295,1.0927471898508339,1.0740949298723306,1.3691510684549448,0.6330109972239939,0.6334559187614751,0.6725511423510726,0.36698900277522284,0.3665440812377587,0.3274488576481452,1.2498317143499424,1.21488177989924,1.078634405527453,8.47671296714412,8.421411829402452,7.6215597230382555,9.343656856635745,0.5034011805802685,0.5150885005855634,0.23159630771163184,0.0,0.45701987029407376,0.4720904254713706,0.2410099324168352,0.0,0.24477161459354596,0.251523669476935,0.0,0.0,0.0,0.0,0.0,0.0,43
swiss_roll,pca_rank_d,ok,,0.4836798900264688,0.4452157764729233,0.291942638555096,0.26324478124373346,0.4638944630998889,6.833243581350576e-17,4.762357749287053e-17,1.4420129091508836e-16,0.9999999999926311,0.9999999999935794,0.9999999999879253,52287376547.595245,47684726272.59807,32034174321.78606,1.8038874745049158,1.8385138328512365,1.575522070513828,1.9766782246662427,1.0,1.0,0.9999999999999994,0.0,0.9602793731755821,0.9936613457973865,0.9093735516365312,0.0,0.5811727352413157,0.659661264410493,0.0,1.0634900792646753,1.047717596441972,1.3102085551650218,0.6725288770278074,0.8285484796309621,43
swiss_roll,pca_rank_2d,ok,,0.7180352359205091,0.6800020453975191,0.5696007173545669,0.5468243287385822,0.8906747062393747,0.29475818837813733,0.2958173374638564,0.3455915021087418,0.7052418116191788,0.704182662533681,0.6544084978879054,1.5722774935866268,1.5005912140103013,1.1835479813364431,3.2248422724551284,3.2476780081843275,2.90966958859268,3.528235295617594,0.7816755307574162,0.8297773705051718,0.5179533599118635,0.0,0.7832466672800749,0.8411621815111014,0.499317848521839,0.0,0.48399608904728936,0.5239760810351062,0.0,0.9189610411874491,0.9257572455447011,1.1561413591400644,0.5811317370157513,0.7311196080789778,43
swiss_roll,pca_rank_5d,ok,,1.0373702916628114,1.018179306811063,0.9469989488531557,0.9330369635877953,1.2359956176508973,0.5662537034875167,0.5638626899167001,0.6068766354761584,0.43374629651145574,0.4361373100822932,0.39312336452290453,1.2774827223349448,1.241400299269546,1.0767942152096373,6.605511061423173,6.614934881375779,6.083545690824675,7.16228331445877,0.5912790613163706,0.6322701780738407,0.32717115696240157,0.0,0.5280286347296141,0.5458908462676566,0.25128605169323726,0.0,0.30225809457638836,0.31361673702061066,0.0,0.5253746431367353,0.5109496301969363,0.7464753076428817,0.33223593304409094,0.4720553676675275,43
swiss_roll,pca_90pct,ok,,1.1013048916342465,1.0839868482203099,1.0165396639317128,0.9937962290223846,1.3197454340882138,0.6001686270810562,0.6018377467190614,0.6416253189230536,0.3998313729180479,0.3981622532800212,0.35837468107602205,1.2707108863985004,1.244753561606771,1.0941415422611358,7.46351761386717,7.447838982472604,6.820974712436316,8.039641630766022,0.56605897892336,0.6011784860345555,0.31828536913511857,0.0,0.49936676071519864,0.525796983754526,0.2623800199027176,0.0,0.2799304275873656,0.2987438137224646,0.0,0.3727172187969322,0.3605800923432052,0.5861846289396566,0.23569857161219912,0.37069089587025333,43
swiss_roll,pca_95pct,ok,,1.151980974183254,1.1352484330744381,1.0709059942884127,1.038235625774498,1.3496375508612986,0.6230688763380835,0.6251250447608098,0.6664317660212635,0.376931123661101,0.37487495523837405,0.3335682339779165,1.2659471948629524,1.2284387188305639,1.0921877770691881,8.151478049096452,8.129454995316433,7.387951171396625,8.948639063446185,0.5341058375886758,0.5224828782538822,0.27556935948851924,0.0,0.46434475062956604,0.4823842334638213,0.2504671498923934,0.0,0.25543181051568703,0.2640085512016409,0.0,0.16906420930368235,0.13182837274531312,0.3795859900874429,0.106912668999428,0.24004223887589568,43
swiss_roll,position_only_manfit,ok,,0.6326862109793977,0.6126073126081896,0.500769614262323,0.48331453819455306,0.7302990816356468,0.4037714322466395,0.4026274479801215,0.4716547383464176,0.5962285677491566,0.597372552016199,0.5283452616485266,1.5708561878318816,1.4834571906921368,1.1616834813767551,4.353311862834752,4.313975847237183,3.365592392393713,5.28361882727224,0.5211707001774301,0.5354952947171947,0.31285715028981864,0.0,0.5007888377455042,0.4993160074054097,0.24607634466656544,0.0,0.27202265520053337,0.290746235066336,0.0,0.7733257473682514,0.7682411680697327,0.8864226433205055,0.4890350240162649,0.5605551349351093,43
swiss_roll,velocity_manifold_fitter,ok,,0.5287005267052942,0.5142744059555053,0.3870697092622541,0.3732075949428775,0.5100492863052785,0.32865865974691544,0.3444209309309175,0.39642858243287404,0.6713413402467505,0.6555790690630654,0.6035714175601842,2.266664692514569,2.0074082600543544,1.301523978494106,3.712189470226712,3.7652973932133453,2.8051492027578635,4.490374338052687,0.9370200712153604,0.9660192240487478,0.8592667881607985,0.0,0.7944078103157134,0.8234064833465252,0.6351849799747029,0.0,0.5108804848765567,0.5593628444509411,0.0,0.874686766614064,0.8363572847329287,1.1104281031107672,0.5531336120302816,0.7022115013254812,43
half_sphere_rotation,raw_noisy,ok,,1.1561890237504036,1.137821020036354,1.0636375650826413,1.0640697023435362,1.2968708900402128,0.6120688906869203,0.6143152023261556,0.6491559632573892,0.3879311093123234,0.3856847976730547,0.35084403674180964,1.3037380731960786,1.2560544574052455,1.1009166757426871,8.038088564314927,8.054539196643931,7.311929872782336,8.713859672064727,0.52871487610738,0.5489277573803302,0.29479372725929576,0.0,0.4494970830365677,0.4640519745512153,0.23999573339048988,0.0,0.2031489974127935,0.21177207916922786,0.0,0.0,0.0,0.0,0.0,0.0,43
half_sphere_rotation,pca_rank_d,ok,,0.5756359455292394,0.5419514849144584,0.34942486011896967,0.3037218528727732,0.5216275803178237,4.7748279271738115e-17,2.6708402164611415e-17,1.2036401291841906e-16,0.9999999999948126,0.9999999999950737,0.9999999999933026,72889336528.37079,72274777260.60594,51096222766.999535,1.8462785977515708,1.88583977308866,1.6615323939924675,1.9776677402210214,1.0,1.0,0.9999999999999996,0.0,0.9562368652436546,0.9950388907919383,0.9131035466494892,0.0,0.5669775054538524,0.6721740904738522,0.0,1.0700107048346028,1.0604425716693613,1.344448956750838,0.6379013894370824,0.8015114742904962,43
half_sphere_rotation,pca_rank_2d,ok,,0.6933489164319523,0.6597747822997649,0.5239543870597344,0.5075262144130996,0.7908918894450389,0.2960524582240909,0.29672679870070695,0.3479242840823408,0.7039475417737588,0.7032732012970514,0.6520757159157307,1.5632743148366932,1.4945326760753366,1.1884587166980338,3.260879170858536,3.274994493727881,2.9738953030041215,3.586467613668229,0.8277110086331424,0.8810035945020842,0.6146843863909018,0.0,0.8073358688914758,0.8501999321905412,0.5920395839041765,0.0,0.41605239008489076,0.47990058834567473,0.0,0.9113531189166154,0.9158269326488296,1.1659164703429845,0.5433155184317435,0.6950769118841035,43
half_sphere_rotation,pca_rank_5d,ok,,1.0240554585705006,1.0009788455225506,0.9145801155546572,0.9308721646032854,1.1902150448828666,0.5492977054655803,0.5490335991458426,0.5981147170894727,0.45070229453345767,0.4509664008532007,0.40188528290953845,1.2922395554640573,1.2568292584219884,1.0985128046075456,6.362593363145318,6.393181467096341,5.70884995834412,7.024248674719462,0.6308589781067312,0.6596106252731272,0.41257894879318285,0.0,0.5467188740438689,0.5600714139344687,0.3257023739835937,0.0,0.2576103571507305,0.2723965068470703,0.0,0.5075394214348571,0.49408559308212435,0.7486637391326083,0.3025765075662804,0.44632603884806304,43
half_sphere_rotation,pca_90pct,ok,,1.0867252443463529,1.066077592803795,0.9859196147843865,0.9904379058797905,1.2338849543854178,0.5824675725534026,0.5818157047123466,0.6202588711090411,0.4175324274457465,0.418184295286815,0.37974112889012523,1.2986684003624545,1.2348404507687314,1.1056596291120244,7.141747934598658,7.075439536671686,6.512445716783162,7.735854239670241,0.5885897761287401,0.6251658887933409,0.30145829156163706,0.0,0.5097427306101509,0.5309091472188201,0.30792673547437527,0.0,0.23170893811113163,0.24914334345068256,0.0,0.3638945445157174,0.34760898981971444,0.5881874204723821,0.216940666580557,0.350655905659134,43
half_sphere_rotation,pca_95pct,ok,,1.115142332154888,1.0955837863459048,1.0175030301675314,1.0246273854204242,1.2827651934575093,0.5932347152153338,0.5930327986349591,0.6353983917180432,0.4067652847838519,0.40696720136421016,0.3646016082811228,1.311443757771135,1.2703555694952333,1.0834409460160421,7.449366411309679,7.421969683750935,6.888144351246813,8.089808307775428,0.5636988625114072,0.5766453657292588,0.3163715815020236,0.0,0.48739017208470353,0.5087804487160192,0.2637846689064926,0.0,0.22221771946819233,0.23531012518164493,0.0,0.27477468962872675,0.2657115590130729,0.46930750436584695,0.16381065675730944,0.27978403183779255,43
half_sphere_rotation,position_only_manfit,ok,,0.6674477405561674,0.6415394187730219,0.5051376771550244,0.49235613520389826,0.6823000199180359,0.35751490467530866,0.352354181674922,0.4193585361073904,0.6424850953212885,0.6476458183208074,0.5806414638894459,1.8670018862276307,1.7535072171074497,1.2828725672573544,3.942016095061868,3.900430940510406,3.3285879389397515,4.669891741152536,0.5772598012028162,0.6016974150226271,0.3732866455947971,0.0,0.4981946942711789,0.5137394198036717,0.2624977714603741,0.0,0.22630735427937407,0.24941299022850055,0.0,0.7794092609480245,0.7808470425021774,0.9016782692477345,0.4646553985417623,0.5375477256251024,43
half_sphere_rotation,velocity_manifold_fitter,ok,,0.5439471961393831,0.5219324346621421,0.3761772578048323,0.36532198796886917,0.4571262578230951,0.22757317160836804,0.21990050733624256,0.32124271647763614,0.772426828386561,0.7800994926577445,0.6787572835163825,3.927732033779345,3.9583586878665717,1.7615005346805226,2.970584974582603,2.9381783360146447,2.4200301495538215,3.5608609452283604,0.9736328494271336,0.9818196438079949,0.9400017204845119,0.0,0.824545103972256,0.853895027179206,0.6752247399343697,0.0,0.5519849354366706,0.6135769845892853,0.0,0.8742270654192358,0.8738113306064945,1.0841831622032858,0.5211823182653446,0.6463504920548157,43
potential_saddle_surface_saddle,raw_noisy,ok,,1.1635928649124323,1.1443143949623296,1.0846110222682983,1.0644573818945675,1.3843422005074102,0.5863581944779434,0.5902199730846924,0.6315459712516913,0.4136418055213911,0.40978002691462323,0.3684540287475678,1.4030475154021596,1.3631999056477202,1.126950101627338,7.567393636179167,7.634367187323952,6.65309414162043,8.568317608708485,0.7507699698115531,0.8024759128284185,0.5286602532331034,0.0,0.536972347484996,0.5626712996338352,0.31032827304080596,0.0,0.7709663204166579,0.82326947407417,0.0,0.0,0.0,0.0,0.0,0.0,43
potential_saddle_surface_saddle,pca_rank_d,ok,,0.5715443883414266,0.5378778770649199,0.35945000179208575,0.3194245461012785,0.6225757932982747,6.757838675077802e-17,3.439786850810617e-17,1.9124422359575896e-16,0.9999999999965715,0.9999999999964926,0.9999999999954962,110510068017.24026,100313123778.80963,75229651707.7117,1.8281816845889296,1.8812386833708834,1.5859762934418942,1.9777935655435661,1.0,1.0,0.9999999999999997,0.0,0.9125541967893963,0.9929329962549536,0.6919257014211435,0.0,0.7408422339710217,0.8143946617166415,0.0,1.091047239238022,1.0807376162082223,1.3508973887108249,0.6096401120107345,0.7548355430914652,43
potential_saddle_surface_saddle,pca_rank_2d,ok,,0.6797228873525432,0.637412786362066,0.5269111051182042,0.4976302450597937,0.8467874430646057,0.26412961688566455,0.2615292408975186,0.317628927377438,0.7358703831125754,0.738470759100827,0.6823710726208907,1.6902352803527128,1.6066377115161417,1.2011970874975975,3.016196376802489,3.0522609940298304,2.512640023258072,3.421941135448772,0.8697835189604831,0.9272750071761808,0.6557817272345178,0.0,0.8013088381926482,0.8644908926659112,0.5859145253819047,0.0,0.7942625898338966,0.8515472285587157,0.0,0.9306193993749706,0.9334492956620246,1.1383577972920722,0.5199984881227938,0.6360756437403274,43
potential_saddle_surface_saddle,pca_rank_5d,ok,,1.0299190700266554,1.0018056860340587,0.9333220775995502,0.9257652999318154,1.2523561234820961,0.5091980585820745,0.5082923107782683,0.565533991787047,0.4908019414170793,0.49170768922101116,0.43446600821212794,1.4789943463827933,1.4166427452809984,1.1645400048922312,5.841344050835286,5.7549920865142505,5.1083284600471695,6.5989237953954705,0.7891823548547277,0.8304402963679567,0.5943885752248311,0.0,0.604481782895674,0.6236983664534246,0.38553586007100754,0.0,0.7730258501401105,0.8298926595277334,0.0,0.5226449009068499,0.5070108221525347,0.6961462168781054,0.292036205648819,0.38898284361162366,43
potential_saddle_surface_saddle,pca_90pct,ok,,1.0620358418405977,1.035233811072379,0.968879561165046,0.9640614976838658,1.289962628030878,0.525823885611294,0.5240893807971259,0.581801677905819,0.47417611438790425,0.4759106192020634,0.418198322093311,1.4720726165569153,1.3828897296298819,1.1616691447437633,6.159321082547435,6.129214443934639,5.301614701068605,6.928957654036002,0.7848668036450479,0.8412872113555416,0.5847815366382645,0.0,0.599821359069947,0.6247395144246881,0.3940236273689839,0.0,0.7715762558493301,0.8233917976154104,0.0,0.449865154496143,0.43119242000065583,0.6654439410921618,0.2513693571767735,0.3718274554891083,43
potential_saddle_surface_saddle,pca_95pct,ok,,1.1187412328354667,1.0972443139969235,1.0352797799092206,1.019402164006244,1.3432508297535393,0.5626462634487374,0.5688934397732389,0.6075398520887411,0.4373537365505418,0.4311065602260309,0.39246014791053224,1.4291061905981006,1.366990752048085,1.1261369293851857,6.945834826906298,7.049862370328164,6.034939485317161,7.766806612228501,0.7703623667022031,0.8024490468329585,0.606121920169095,0.0,0.5667059199533556,0.5908807831471654,0.3490883747160128,0.0,0.774625476846123,0.8180717227946217,0.0,0.2905899125652536,0.28612537814355077,0.47254682151753746,0.1623717658359087,0.26404310174641304,43
potential_saddle_surface_saddle,position_only_manfit,ok,,0.6692006119903904,0.6455896417975829,0.5331647209486721,0.5347038010552414,0.7819784921638653,0.3471715838003155,0.367638620115158,0.43183610903706376,0.6528284161971362,0.6323613798823533,0.5681638909606488,1.9688302789766634,1.8202004022028757,1.2218107467767267,3.902585092928923,3.9652459463062177,3.0553785468451946,4.852933224972125,0.8016190459419137,0.8230706680912547,0.6441746308242894,0.0,0.6352718263650434,0.6481348317094142,0.4455578857590963,0.0,0.7971810520754287,0.8532324094681082,0.0,0.7900365321176767,0.7774232479328983,0.9282816744176658,0.44144556038578536,0.5186922468771655,43
potential_saddle_surface_saddle,velocity_manifold_fitter,ok,,0.5021583718813608,0.4774596588133131,0.34794965899517927,0.3250015161108171,0.4655686162450178,0.12958525079293332,0.12521515899970526,0.18937360096613323,0.8704147492036621,0.8747848409966609,0.8106263990298921,8.782130433657194,7.984798856950928,4.357779353304252,2.387640589214658,2.443323570017275,1.9351858483605395,2.7951047478346243,0.9897267464256061,0.9917789425439825,0.9797346493165335,0.0,0.8503578800445696,0.900182995508451,0.6855504467311908,0.0,0.7544345199732876,0.8283817799618926,0.0,0.8954926748850748,0.8963536173446993,1.1293132878698713,0.5003708684538727,0.6310218793028833,43
flat_rotation,raw_noisy,ok,,1.102120209674013,1.0814847710999846,1.0063695622841822,0.9762035116109014,1.2934459809777923,0.6178853261124082,0.6187177346324265,0.6490629662265693,0.38211467388665443,0.38128226536662135,0.3509370337724806,1.3056917603712113,1.2814942962933304,1.0904870927415362,8.093344978733585,8.146030302095415,7.453211326137695,8.806657460883024,0.4795160924565461,0.4820348700900048,0.21370636469192217,0.0,0.41339678945907266,0.40884355714427956,0.18702920269021986,0.0,0.13765853253586108,0.14927772758411512,0.0,0.0,0.0,0.0,0.0,0.0,44
flat_rotation,pca_rank_d,ok,,0.5044014969680647,0.46981045377397934,0.2654366043204485,0.22816691854067223,0.42888509979144496,1.0115151723124738e-16,7.876082666058805e-17,2.0517001887225733e-16,0.9999999999935395,0.9999999999936373,0.9999999999912336,60622248088.15874,58630627393.69589,45297884451.46835,1.8632597683401155,1.9054912717069312,1.6610961950037422,1.986282813728296,1.0,1.0,0.9999999999999996,0.0,0.9552441311097598,0.994534966368325,0.8907574829883287,0.0,0.43036500687875756,0.5113138453610631,0.0,0.9671236151241,0.9652563021922632,1.2382685249282446,0.6457668891814653,0.8268155185225484,44
flat_rotation,pca_rank_2d,ok,,0.6987794281422854,0.6623947401214539,0.525937739561655,0.5038783428507294,0.8062682622381152,0.2982376350003118,0.29693741234325277,0.3490080511307425,0.7017623649969027,0.7030625876541658,0.650991948866213,1.5948182156026922,1.5632254336813483,1.1694493273333748,3.274108641312453,3.2874890800414995,2.935387909958682,3.5710124113021813,0.7837283249602883,0.8409748130602189,0.5179133495232264,0.0,0.7761033944959246,0.8278082600976403,0.5326081525894907,0.0,0.30594731175863404,0.3325039491638051,0.0,0.8358323011808213,0.8249138727175718,1.0778088606396516,0.5581011740072795,0.7196735393315526,44
flat_rotation,pca_rank_5d,ok,,0.9985095415727547,0.9752396744480568,0.8911596623172755,0.8846680784789778,1.163615910016348,0.554600960273918,0.5567035495699029,0.594731126857127,0.4453990397249176,0.44329645042892873,0.40526887314175547,1.3373715199468241,1.3059318673243512,1.1019540878193714,6.4892440634779485,6.511232577930943,5.9177479500692876,7.088547836156929,0.5522580089774497,0.5856117137326329,0.24310810382473122,0.0,0.5056001715601828,0.5131331577144016,0.24348819387453374,0.0,0.17162400819249105,0.18858084221157725,0.0,0.44262986999544024,0.42395029580238097,0.6544739768399247,0.29555240895350676,0.43700476078221734,44
flat_rotation,pca_90pct,ok,,1.0303806808751288,1.0064610408650665,0.9250950283576574,0.9428977955837841,1.2163935906488745,0.5731571563108239,0.5692974035474399,0.6103437610376131,0.4268428436880942,0.4307025964514662,0.3896562389613351,1.312782430425304,1.2918823480526818,1.101871236863287,6.914454552756235,6.8811608782716,6.376917243066128,7.480044784270611,0.5356016418195324,0.5475809850337836,0.2656527517308175,0.0,0.48391620741779734,0.4921995123676078,0.24493255066435732,0.0,0.16096114249845112,0.17673108980156707,0.0,0.3612650996315956,0.34597818658466895,0.5252303129659449,0.24122359945578598,0.3507063006255959,44
flat_rotation,pca_95pct,ok,,1.082259771752924,1.0596333541758438,0.9831138949258276,0.9586011305112314,1.2741654656642876,0.6042067177314175,0.6052488957300552,0.6411408350954578,0.39579328226760374,0.394751104268938,0.35885916490352254,1.3187254869163738,1.2822843715138101,1.111276834734056,7.708196470354566,7.701839277731089,7.06660417355968,8.30775263043292,0.5018486425254766,0.5123697320877907,0.23450391114259636,0.0,0.436751525715994,0.431903740757416,0.22222897915511144,0.0,0.14537435924248363,0.15647049978611882,0.0,0.16193671462736076,0.13151007486994504,0.348381447684264,0.10812823388224134,0.2326209392485306,44
flat_rotation,position_only_manfit,ok,,0.5383338539407678,0.5128537398955082,0.36611885573182407,0.32979722937031586,0.5743283962694247,0.3401400936809468,0.3445755648560058,0.4110718845525497,0.6598599063117654,0.6554244351364554,0.5889281154413889,2.2987255149695303,2.127585317703324,1.4771410553295155,3.918741741694006,3.9152838055567116,3.2751796066917134,4.62494290776628,0.5346355717183456,0.5672257836526773,0.2911760792147612,0.0,0.4544019873958488,0.45236353016211844,0.22013656887222172,0.0,0.16765992572264957,0.17491151606131045,0.0,0.7884793047235032,0.7922180980963565,0.897040366702601,0.5264826748439235,0.5989709671202758,44
flat_rotation,velocity_manifold_fitter,ok,,0.5115974012924803,0.48725549382250244,0.3362976292740188,0.3273022521031186,0.4615402165350901,0.26601655968283217,0.2701557573404781,0.3149346424908178,0.7339834403109378,0.7298442426530087,0.6850653575035835,3.0156163149860027,2.7874748323158283,2.0156483669578913,3.2556715743569717,3.242590046788016,2.649860653048899,3.813434667656234,0.9683115827199271,0.9777054270488997,0.9325238993220258,0.0,0.8249190765333652,0.85844462351125,0.6867876250762187,0.0,0.42162120917081636,0.5114781882148772,0.0,0.8079677813731418,0.7826444172265038,1.0344586570953707,0.5394955025157075,0.6907277813639101,44
flat_spiral,raw_noisy,ok,,1.135416217072968,1.1117459030671053,1.0425176002443906,1.0181542877109688,1.3740307951473674,0.6129941805294294,0.6164046014404945,0.649951809165225,0.3870058194696699,0.38359539855858393,0.3500481908338794,1.3054601283428966,1.2717478407617944,1.0953015565693667,7.979453841794079,7.998062189489926,7.190375978388571,8.730321275969077,0.5065349996823267,0.52613039355241,0.23411450423287747,0.0,0.3838828373639776,0.40544931398050005,0.15811067192136227,0.0,0.1775183953302629,0.18337156540161492,0.0,0.0,0.0,0.0,0.0,0.0,44
flat_spiral,pca_rank_d,ok,,0.49073385701326844,0.4542990556206719,0.27603923651244905,0.24212562878305904,0.44742690799470153,9.961355590678096e-17,9.301215369033477e-17,1.7128013967229837e-16,0.9999999999930601,0.9999999999931655,0.9999999999904581,58566373263.56261,56422724917.785484,39266149318.31868,1.8657352077808804,1.8985826292434287,1.7033308630492783,1.985502271283414,1.0,1.0,0.9999999999999994,0.0,0.8882219479672631,0.9864614333714511,0.6995804841483183,0.0,0.45331938623944446,0.5319742362672447,0.0,1.0040418747415052,0.9641458517621104,1.3053101849098736,0.6635782380312192,0.8626885535124711,44
flat_spiral,pca_rank_2d,ok,,0.7117327587760138,0.6703921056456025,0.5563814216748014,0.5249460115310565,0.8427506609081082,0.31293777508829945,0.3109686220531699,0.3788452041887754,0.687062224908977,0.6890313779438444,0.6211547958083417,1.4889396653963218,1.425300747372557,1.152694485434883,3.3423518193545494,3.357206291855428,3.0518672266063684,3.6630443107878667,0.7719787249277853,0.8280074590576569,0.5127241630922631,0.0,0.6933442175380298,0.7676806612101801,0.37798725782131914,0.0,0.34801476317395647,0.3751591379052485,0.0,0.8662213727130578,0.839107302119144,1.139577929417026,0.5724917124576113,0.7531549565066714,44
flat_spiral,pca_rank_5d,ok,,1.032835080114052,1.0049751174059376,0.9291829477047125,0.8848547870348354,1.2182101339154818,0.5597597721736188,0.5638297340556297,0.6052460288690175,0.44024022782524963,0.4361702659432817,0.3947539711297987,1.3239938168371055,1.2673349265010279,1.1141328831609063,6.551901492629274,6.568272689816327,5.877467182782543,7.172209224878948,0.5490374134535407,0.5771610786141905,0.24689582816352756,0.0,0.45920897367801283,0.4816152428128126,0.19121259480147762,0.0,0.21053617522641355,0.22893619931393958,0.0,0.4425908360013308,0.41927552114153516,0.6814075558979505,0.29251135287374347,0.4503469792436036,44
flat_spiral,pca_90pct,ok,,1.0657120916862148,1.0388618500845033,0.9645652099677166,0.9455052519019308,1.268659510834733,0.573839525749042,0.5754429966711117,0.6164381027396535,0.4261604742499021,0.42455700332773705,0.3835618972593392,1.3216531851423872,1.2781919301159033,1.1120064949730384,6.8987243530022075,6.907892694025646,6.297500210158416,7.540064551240374,0.5347396102869415,0.5433515853998505,0.24148615820861255,0.0,0.4268328827610425,0.438975725245641,0.17116344088366725,0.0,0.197461862164989,0.21521708433772732,0.0,0.36140205409520676,0.3358259182803153,0.5609377370968318,0.23885312386906468,0.37072764054165175,44
flat_spiral,pca_95pct,ok,,1.11481033746158,1.090653748586257,1.0194601152744998,0.9887488129024662,1.336018683795504,0.6041147265931961,0.6069594043216113,0.6427624156206151,0.3958852734058613,0.39304059567739225,0.35723758437842423,1.3189611919872162,1.287523490152587,1.1160330693160914,7.696128107903558,7.7800314238084685,6.890607548031147,8.38070083194002,0.5165682268399152,0.5358352415467708,0.2535741127433185,0.0,0.40212780854060115,0.41779466949292066,0.16070974348743503,0.0,0.18334161571197038,0.19312001304814908,0.0,0.17673008900196416,0.1635641843927061,0.33967825074538366,0.11680214144177668,0.22449571158093312,44
flat_spiral,position_only_manfit,ok,,0.5692547982485114,0.5393802045873286,0.41133863745810506,0.371552103420205,0.6767032672701744,0.36655914278887425,0.368756274275302,0.4504835156002561,0.6334408572047766,0.6312437257186851,0.5495164843941758,2.032392482975679,1.8701841509822503,1.342639289000023,4.129037361078042,4.027157212738047,3.357920491502788,5.045870226287848,0.5767165122386239,0.6221102723377308,0.27143744713265505,0.0,0.42264234190661615,0.4442149827481267,0.13417603081484894,0.0,0.19984138415156197,0.2027438070052188,0.0,0.7743985568655084,0.769081851835634,0.8902325159973618,0.511805376674187,0.5883608435711076,44
flat_spiral,velocity_manifold_fitter,ok,,0.5183918281775504,0.49717536655490524,0.35269056865963816,0.3259096792823018,0.47632839922259124,0.318604481973045,0.3345538453036655,0.4266844294063446,0.6813955180208746,0.6654461546902937,0.5733155705862604,2.881121588940985,2.5013518822428127,1.4278824476259795,3.778461704011257,3.7564490337236442,2.6432951615811993,4.769476095964806,0.9430758039507933,0.9727853759823273,0.8831577567240041,0.0,0.7223149802641691,0.791773794382861,0.44204039612627083,0.0,0.38419183173857774,0.4419574181303888,0.0,0.817456795653144,0.7967000158217763,1.0728336701015893,0.540262865297142,0.709043212654714,44
flat_saddle,raw_noisy,ok,,1.133260752121845,1.1094771087013329,1.0404173939701653,1.0407610361419937,1.283314387520837,0.6176913201963746,0.6204095227879809,0.65080701890749,0.38230867980276595,0.37959047721120204,0.34919298109159475,1.2955577272768262,1.291651019585459,1.1027903018514946,8.114352174243425,8.21861980366875,7.428950473520358,8.758143936194893,0.4442475766703603,0.46299927248978945,0.1736018909269783,0.0,0.4386282826504021,0.4589835160896944,0.20488026998737108,0.0,0.148342147255364,0.1575958687741411,0.0,0.0,0.0,0.0,0.0,0.0,44
flat_saddle,pca_rank_d,ok,,0.4635778147758965,0.4225242141856422,0.20558267660270094,0.18724869923646004,0.3125511184520473,7.585790976796438e-17,5.486645643593467e-17,1.6406174068642668e-16,0.9999999999935988,0.999999999994298,0.9999999999902178,59880992140.33412,52488061815.7376,35360581823.27291,1.7984265277978166,1.8287405242176744,1.5707943092008034,1.9687052433889585,1.0,1.0,0.9999999999999996,0.0,0.932197245719577,0.996160194344264,0.8369633229210559,0.0,0.3956057403319904,0.48433236908633287,0.0,1.0183434109605478,1.025060853571488,1.2680507751686712,0.658513676607973,0.8199874120010996,44
flat_saddle,pca_rank_2d,ok,,0.6954139719455914,0.6533299016518114,0.522203216669951,0.4716881985165968,0.881698916384093,0.29658602664701555,0.29443946013912775,0.3492244050893392,0.7034139733504662,0.7055605398584219,0.6507755949083683,1.4973487678126796,1.4072676915520321,1.1402582692610317,3.216598606896829,3.257755934754883,2.7945145637988538,3.5241694987314522,0.738396448916834,0.7587024382109282,0.42454910513567545,0.0,0.7651782882214249,0.844646232379945,0.41050228713193937,0.0,0.30205659002401775,0.33009173448424656,0.0,0.8759546837293402,0.8538605335338604,1.1400708921997613,0.5664377390928385,0.7372289806520702,44
flat_saddle,pca_rank_5d,ok,,1.0266028923881574,0.9991059360469159,0.9204438158506699,0.9206365213205197,1.193984387564498,0.5565611148867103,0.5551942467681065,0.6064317491028777,0.44343888511223484,0.4448057532309082,0.39356825089605907,1.31427989564633,1.3033436352063328,1.1125930033993825,6.507673328383823,6.5350629128689235,5.739586200369411,7.157135799549396,0.5232717155694027,0.5330091392908171,0.25975912957498515,0.0,0.5140775918703151,0.5443364775612475,0.25572579678176943,0.0,0.1821185841460002,0.20460873296880888,0.0,0.45292462177272885,0.43566069425775944,0.643455465058627,0.2928845561326956,0.416091683285478,44
flat_saddle,pca_90pct,ok,,1.05937988427361,1.0339650378295364,0.9578727663979695,0.9497766646262569,1.213235939889646,0.5793313838473602,0.5848299322444317,0.6226038948679642,0.4206686161516527,0.41517006775468246,0.377396105131015,1.301889421193079,1.2701872580021272,1.0999703654049386,7.00034055343699,7.076905854981524,6.280732373766814,7.600781915306007,0.4854515253825898,0.49383734998273865,0.22263068912289646,0.0,0.4811202463803526,0.5051650422293037,0.1904871669752033,0.0,0.17311686470897228,0.18592247531531406,0.0,0.37530980315471507,0.3597641241136198,0.5795766451177554,0.24269478810621076,0.3747843245655307,44
flat_saddle,pca_95pct,ok,,1.113372771809616,1.0888990963522995,1.0177335616296939,1.0185720556818385,1.2590784088549694,0.6073197484066039,0.6069946723352151,0.6458647667894672,0.39268025159250425,0.39300532766378726,0.35413523320953816,1.287374021365733,1.2768811361651764,1.1004337290959108,7.770802012991358,7.762813945813598,7.141064412177485,8.437722426547264,0.45226480962319837,0.4586970728486167,0.19664967803018704,0.0,0.4467622892914706,0.4724755099789498,0.20527654911212787,0.0,0.15812015598289494,0.16124185621906212,0.0,0.17683694256356333,0.15852734285932418,0.3461076140659659,0.11435194056767603,0.22381113776305708,44
flat_saddle,position_only_manfit,ok,,0.6040134656545147,0.5734553287335008,0.42329815280643096,0.38775251667216226,0.6606628049059499,0.36481177840279827,0.36948995787587957,0.4367887583626009,0.635188221591793,0.6305100421188188,0.5632112416314639,1.916827028260075,1.7524141473879107,1.3181157608687841,4.092189657083692,4.067033925682411,3.3903777562458126,4.938148736717631,0.5050677745559561,0.5311347703453693,0.2233737130273671,0.0,0.45841692612014445,0.4662009519182999,0.2217345327489543,0.0,0.16895793062761985,0.1887508437361699,0.0,0.7822486342584438,0.7846482817375641,0.8966651178923345,0.5058425464561188,0.5798301801869059,44
flat_saddle,velocity_manifold_fitter,ok,,0.544095382443922,0.5156954704671328,0.35075308099579955,0.3213441141800549,0.49646093772721006,0.28148315974554516,0.2795234740441094,0.3807971792353144,0.7185168402490624,0.7204765259508746,0.6192028207596045,2.7967924369651542,2.1946185142696724,1.4304593612452854,3.350994099515565,3.295344495829256,2.5445684107787385,4.2417711456583955,0.9418088271299668,0.9661467904458501,0.862317777420349,0.0,0.7860233156363954,0.845351075172387,0.6337824442729709,0.0,0.34032467572270036,0.41881116511955097,0.0,0.8285098999879826,0.8305272639762997,1.0322876215352472,0.5357574807034592,0.6675307265285688,44
s_curve,raw_noisy,ok,,1.1652094610882497,1.143764291967834,1.0633688365766496,1.0261711292630276,1.3353733752509007,0.6313196007715931,0.63682509583712,0.6656398455745528,0.36868039922759316,0.36317490416208376,0.3343601544246416,1.240865902078223,1.2103929913564353,1.0831547039215743,8.38694561251098,8.515434675477465,7.372955530656374,9.136152047319309,0.4748385937925532,0.5096961259704915,0.20441892051148136,0.0,0.44829392472296853,0.4644362370019642,0.28979323554424175,0.0,0.07207657089218604,0.08025215645227218,0.0,0.0,0.0,0.0,0.0,0.0,44
s_curve,pca_rank_d,ok,,0.5547986277415827,0.5200615996767296,0.30762482652833534,0.28508305741477635,0.45963284739151034,5.046242374404246e-17,2.5506272089280124e-17,1.4805783657782128e-16,0.9999999999926718,0.9999999999931029,0.9999999999895587,53189701233.92757,54037152507.993706,35016749801.06894,1.8463330916999683,1.8775182035504456,1.671010901961094,1.9813418070344242,1.0,1.0,0.9999999999999996,0.0,0.9588829244176797,0.995842640894582,0.9154625974499826,0.0,0.30063294810080826,0.3608461063178491,0.0,1.0788529603636539,1.0706309665238378,1.3680348623406378,0.6756144169258296,0.8567099593840217,44
s_curve,pca_rank_2d,ok,,0.6908477969883494,0.656537383328876,0.5043337965817,0.4877679418465939,0.7593890442648373,0.3083525411670889,0.306015284084067,0.3687293641352058,0.6916474588303921,0.6939847159135324,0.6312706358621566,1.4912429184994902,1.4101572837105731,1.1223999988076276,3.2997656876597437,3.3086942885951043,2.929334903168623,3.6784776625909164,0.7253891821146217,0.7662282289230199,0.4749699875056266,0.0,0.7731495319918368,0.8297818332353097,0.5139462571009369,0.0,0.2075905713948103,0.22163476926960585,0.0,0.921554179553649,0.9077709040924065,1.2109358743836633,0.5771085704532266,0.7583292299911927,44
s_curve,pca_rank_5d,ok,,1.0367074384436272,1.0098460571366075,0.9176300660384525,0.9020074795592656,1.2013357122823785,0.5685883986417326,0.5712540419208292,0.6138623808582533,0.43141160135721024,0.4287459580781043,0.3861376191406715,1.2738190246466528,1.243479614678106,1.1129427336918614,6.6527959057363715,6.720108513407173,6.001008548118963,7.306741399042847,0.5296810406849056,0.5455403550076051,0.31095645111787723,0.0,0.5326825708976103,0.5648329667683591,0.3155087619509117,0.0,0.08932728793916582,0.10827624050736251,0.0,0.5151047210521881,0.49521901803375,0.7070790667865652,0.32257609568231627,0.4427969602701374,44
s_curve,pca_90pct,ok,,1.1010841904558686,1.076701890558374,0.9911909289312535,0.9621471245189781,1.2631482355834227,0.6018927485736072,0.608855117697833,0.6420555863474856,0.398107251425474,0.39114488230123334,0.35794441365157187,1.258939665433372,1.218585910823022,1.0721051171775782,7.480117729610222,7.611593594208702,6.604863666523172,8.176750475683065,0.47685583077476357,0.5081375831104717,0.18381898975026006,0.0,0.48765089277781265,0.523749212593282,0.27224083336139954,0.0,0.08216712680301134,0.09862670850335281,0.0,0.36007936604482554,0.3430005467607282,0.5603298201543281,0.22549394576939885,0.35089759090257866,44
s_curve,pca_95pct,ok,,1.1246796997764348,1.100221132201868,1.0161315651369003,0.9921718601998373,1.2812925204498522,0.6136347201790063,0.6204633103210059,0.6520088541184105,0.3863652798201069,0.37953668967814946,0.3479911458806702,1.2390701538756967,1.1959279468731938,1.0561298875914304,7.8036900602420705,7.932547724078135,6.837381756288937,8.558749878381345,0.48054957147907856,0.5027212686441812,0.23592832624314486,0.0,0.47711384382473365,0.49975292572475283,0.3012101431123938,0.0,0.08194493891053405,0.08930259766136367,0.0,0.2766451475733323,0.2727504654423947,0.46764878751899724,0.17324460045984016,0.29285757606784496,44
s_curve,position_only_manfit,ok,,0.6472525846470085,0.6272473573782413,0.502301050232129,0.4893925283174805,0.6924436708138538,0.4152959894800532,0.4197883468285305,0.4846528149452091,0.5847040105152359,0.5802116531665982,0.515347185050163,1.4913317075265131,1.4181195287174284,1.1433786946543676,4.503647185550778,4.612944123303805,3.282913889465495,5.333195489530284,0.47550802535894426,0.48274622658821253,0.26594374622375333,0.0,0.4594331343062292,0.4950306916999465,0.21742181669559169,0.0,0.07895956504846882,0.0866621020242666,0.0,0.7760589681048861,0.7789624266243149,0.878540486495872,0.48599452056887327,0.5501719329106453,44
s_curve,velocity_manifold_fitter,ok,,0.6012768704807384,0.5828722129184138,0.4396185600013304,0.4266889994841091,0.5852459622842905,0.34023025973178833,0.34880934186702406,0.4011120050449161,0.6597697402630417,0.6511906581278348,0.5988879949501728,1.9047503860114152,1.7297850021577803,1.254956148973359,3.801148761020385,3.840043546970839,3.08818779793204,4.415425412361474,0.9032988975917332,0.9513096158747709,0.7514883678617538,0.0,0.7496426521495797,0.824235738000014,0.4497772377653963,0.0,0.19896896890901886,0.22844223159606952,0.0,0.8479147830216489,0.8159383175698312,1.118082034026342,0.5309930757763921,0.7001809970835405,44
swiss_roll,raw_noisy,ok,,1.1610129263582731,1.1401700072644831,1.0792953626906652,1.0702832578143804,1.3842694302442344,0.6248486951049134,0.628102666033946,0.6670190137649317,0.37515130489427145,0.37189733396519087,0.33298098623428624,1.2827221434738258,1.2377798373349445,1.0873884137243208,8.309772821615201,8.346174781175474,7.474914693469335,9.124960184018509,0.5219670912766375,0.5437173483391368,0.276733050515994,0.0,0.43415042535637993,0.4574766883560578,0.23578482603651552,0.0,0.21856752184960865,0.22739777166878233,0.0,0.0,0.0,0.0,0.0,0.0,44
swiss_roll,pca_rank_d,ok,,0.4798578006627132,0.4410318146197837,0.29568823009927675,0.26765633656868787,0.4893545995278401,8.274966554261905e-17,5.633592534817045e-17,1.596102240060186e-16,0.999999999994021,0.9999999999943716,0.9999999999920086,61447788482.625435,59604222033.62774,44739275282.31072,1.8266095078367637,1.8581773120222143,1.6154285692420176,1.9621510320742752,1.0,1.0,0.9999999999999996,0.0,0.9451677052061304,0.9941218426864307,0.8886470179212289,0.0,0.5867709834293389,0.6467145079672922,0.0,1.0486269284082987,1.0317390233117274,1.304302756960385,0.6580001469278025,0.8184334985760596,44
swiss_roll,pca_rank_2d,ok,,0.7222330913205832,0.6753163302710218,0.5746004756579347,0.5388787031111675,0.9365213801834109,0.2889368594290957,0.29268370670223043,0.3630597275759392,0.7110631405684067,0.7073162932949577,0.6369402724214989,1.6091457717635322,1.4709615155869604,1.161553307058557,3.1911239085255647,3.1994369049715035,2.8390862125898844,3.5878274223491204,0.8325565088978848,0.8744161470712957,0.6229891536003158,0.0,0.7860058507624338,0.8423683400751157,0.5560834770858502,0.0,0.452523668582081,0.49644577433664516,0.0,0.8981106106566794,0.8812701980934803,1.1677730044735135,0.5635530594913499,0.7327628041063495,44
swiss_roll,pca_rank_5d,ok,,1.033987747207966,1.008493074146113,0.9409086960609911,0.9116153711748406,1.268551523586471,0.5620700824450203,0.5646698258234264,0.6083697846177226,0.4379299175539125,0.4353301741755088,0.39163021538098813,1.3046280404973003,1.2623520177023693,1.1006537713481204,6.5704941209477905,6.596177081108256,5.826669635901675,7.254674250937215,0.5984608490511708,0.6436707446773651,0.3224769278608972,0.0,0.5329761897786939,0.5588270957837176,0.3326757035830373,0.0,0.2841620186110788,0.2881508442857399,0.0,0.506863767182922,0.5011477338698522,0.7124366079200352,0.31805060908075644,0.447044968985958,44
swiss_roll,pca_90pct,ok,,1.09515589876927,1.071858477243247,1.0074936244836539,0.9794095419579747,1.3108666512354439,0.5932453122120893,0.5929634273261867,0.6408599974891027,0.4067546877869777,0.40703657267285975,0.3591400025099139,1.3027122087850975,1.257331420345556,1.103727608624401,7.362842719354658,7.354436499571314,6.588342187243242,8.143270180471678,0.5540990927147476,0.5839125655285445,0.24473466265203886,0.0,0.4829187278390069,0.5027409278379366,0.29109975418581396,0.0,0.2507121260510388,0.2704373763054525,0.0,0.35901876851483844,0.34815996087464895,0.50441500672414,0.22527974061392878,0.3165140428358715,44
swiss_roll,pca_95pct,ok,,1.1217405608482598,1.0998797566042222,1.0372971576680479,1.021234629483916,1.3195919526872446,0.6096063788880675,0.6109328349821663,0.6556235963133675,0.3903936211110569,0.3890671650169982,0.34437640368565675,1.2612542313967523,1.2362045166031241,1.0685884313426635,7.7647483487623825,7.800229554098863,6.873032048016705,8.551761628485192,0.5519568915964326,0.5729993733268208,0.3404666089489786,0.0,0.46940342130696183,0.4864829907301079,0.25865728628058493,0.0,0.24255155896554034,0.2547291921507034,0.0,0.2697679138467782,0.255382804407847,0.4461061143400783,0.1692759571004185,0.2799259496670766,44
swiss_roll,position_only_manfit,ok,,0.6254112403754496,0.6009911048095655,0.49365506919562707,0.48689720332413855,0.7247675288495369,0.41125516518734134,0.4107067514440279,0.48781375703682756,0.5887448348080732,0.5892932485505387,0.5121862429561934,1.5970195732472807,1.5176982852972527,1.237194741158699,4.51180567935585,4.504864734608911,3.587394812353535,5.516552434235883,0.5641572996180609,0.5849178624222402,0.3401233659020409,0.0,0.4882177475107519,0.498484002676845,0.29149740780020117,0.0,0.25845875142001185,0.26865147306358084,0.0,0.776339206935953,0.7671699350264367,0.9087831279732155,0.48714304238310663,0.5702499292475268,44
swiss_roll,velocity_manifold_fitter,ok,,0.5715961472925659,0.5460385435076955,0.4271002423949131,0.4192858273080435,0.58255908429065,0.2990101718378658,0.3009590093605724,0.3644908326963511,0.7009898281567251,0.6990409906337125,0.6355091672982144,2.3308125682223086,2.2069274162606365,1.3320299245806075,3.480749411433241,3.468314740049923,2.864814190940821,4.102888603779143,0.9372996686472912,0.9626337965812934,0.8569686329842514,0.0,0.7679559260841607,0.8284031604680407,0.468270555887314,0.0,0.5023586509978593,0.5536003414864085,0.0,0.8394620006081713,0.8368583138447886,1.078584975797867,0.5267517977808517,0.6767984431091978,44
half_sphere_rotation,raw_noisy,ok,,1.1650056777203535,1.1473472336831223,1.083595356263269,1.0673094737115436,1.3365904335484673,0.6135319987337898,0.6130098100064392,0.6511152604692814,0.38646800126547937,0.386990189992817,0.34888473953002525,1.296765808499793,1.2442434474018125,1.0989117177932048,8.106841707756038,8.095186733942338,7.327669676358644,8.90078813221827,0.540034959059956,0.5583150401685185,0.327398913820108,0.0,0.47367263656156217,0.4854857311441101,0.25713671016118683,0.0,0.22873183988985124,0.24355744953790465,0.0,0.0,0.0,0.0,0.0,0.0,44
half_sphere_rotation,pca_rank_d,ok,,0.5578569630221696,0.5308905221667146,0.3714397702730074,0.34928400123722203,0.5400971769818294,5.86926804906657e-17,2.9262864881458853e-17,1.4979746235086614e-16,0.9999999999947478,0.9999999999951221,0.9999999999921604,74754634156.36284,73596924894.12213,49484882239.575005,1.8411243872998064,1.884685215891461,1.6217948331342695,1.9854122382786112,1.0,1.0,0.9999999999999997,0.0,0.9657788719129559,0.9941323848118873,0.9120822591544334,0.0,0.5935734849779575,0.6592153887723302,0.0,1.086874530790664,1.0894759549908595,1.3691706843807339,0.6474123106691476,0.8155660394678219,44
half_sphere_rotation,pca_rank_2d,ok,,0.690863893326256,0.6577557463501972,0.5424084946849497,0.512199581041108,0.8256964775716844,0.2926152294336269,0.2946195040374641,0.3487259484348241,0.7073847705642474,0.7053804959603891,0.6512740515627775,1.5988158219465682,1.5310706441220447,1.222614317365004,3.229349716282836,3.2277981777313434,2.9085343847723593,3.5683001635899094,0.8366493667251002,0.8732443727434982,0.6377935493347818,0.0,0.805278925796801,0.8548953445179803,0.5707032324193884,0.0,0.46125254931948567,0.5000877763936521,0.0,0.9298830241305744,0.9075789883811585,1.1672900885336726,0.5538980813787611,0.6953129841850465,44
half_sphere_rotation,pca_rank_5d,ok,,1.0345215889509891,1.0142889967912976,0.9411164102967345,0.9469591227294147,1.212893615315359,0.5454953371026305,0.5493051330619018,0.5880218441369565,0.45450466289644326,0.4506948669370793,0.41197815586211206,1.3269073865219405,1.3020452646113772,1.1017615293140866,6.316499947642258,6.336529375773699,5.595318742467519,6.939530719601088,0.6214631097341301,0.6355340737732729,0.4021185849665134,0.0,0.5601503072467191,0.5699751847330633,0.32274562758270636,0.0,0.28773711978338906,0.3177472091718829,0.0,0.5247201127297014,0.5267167397865697,0.7409665159783294,0.3125570164844916,0.44136726977034313,44
half_sphere_rotation,pca_90pct,ok,,1.091995963995454,1.0721777263464978,1.0038878463252565,1.0059523204066811,1.262402657183232,0.5720019968553589,0.5729898605475399,0.6143415395240888,0.42799800314381176,0.42701013945161453,0.38565846047503005,1.3266032319931989,1.2781505376664684,1.1127111267841732,6.98957019331734,6.974443737482355,6.244831294863146,7.750502498337164,0.5775714882705747,0.5832519116217612,0.3373472577631979,0.0,0.5181397143305855,0.532305578745391,0.2500865116330566,0.0,0.25672716684336105,0.2802740146496484,0.0,0.38121229162756515,0.3845748385863802,0.5783590246354188,0.22707453674394526,0.3445077991322338,44
half_sphere_rotation,pca_95pct,ok,,1.1195297257066905,1.100238027524512,1.0333932824623946,1.02343696468023,1.2855273452275606,0.587141234749968,0.5873642170592341,0.626341078809753,0.412858765249236,0.41263578293986686,0.37365892118935073,1.3119183281142128,1.270042462268243,1.1110927872998135,7.361356900150747,7.344914695281697,6.616459985237678,8.085773937436432,0.5574017869802946,0.5635048204569937,0.29183557377703595,0.0,0.49541939658047496,0.5064503244194377,0.2786773473679781,0.0,0.24242838606374822,0.2656812836940061,0.0,0.2925473043744093,0.2695841279115062,0.48417073676895794,0.17425997292188425,0.28840320254992513,44
half_sphere_rotation,position_only_manfit,ok,,0.6595039426006204,0.638117565950918,0.5348336877438641,0.5258226854598737,0.7310352161290185,0.3929573941256102,0.3918219974636985,0.4590230915389636,0.6070426058711033,0.6081780025322285,0.5409769084566882,1.6802766498796113,1.5834098722247354,1.2050890493102004,4.331375702123546,4.315767796168107,3.52533086817808,5.121038018623835,0.5567364969409178,0.556924623469217,0.34755323027963597,0.0,0.4972683394181041,0.5036476531375166,0.2797687723434428,0.0,0.2564983600244445,0.2832197625192209,0.0,0.7712507072094993,0.7697185562670935,0.9180429826373203,0.45940648006212825,0.5468453918507528,44
half_sphere_rotation,velocity_manifold_fitter,ok,,0.5260628456681606,0.5117075298025147,0.3971300667417788,0.38272844697771063,0.517224942079777,0.24708421397560884,0.23874470082397253,0.31899511065326375,0.7529157860192842,0.7612552991713817,0.6810048893412087,3.044053296631935,2.8976699766486065,1.9256668074436183,3.0454087992599956,2.9902620198721506,2.439631674512032,3.7118607327585305,0.961143567966536,0.9768116116480388,0.9140842192776134,0.0,0.820408462383105,0.8418596957670534,0.6947805381245762,0.0,0.5737460542712746,0.6394293119983359,0.0,0.8897403179098764,0.8764564743293594,1.1522392446924348,0.529986506073055,0.6863477344595904,44
potential_saddle_surface_saddle,raw_noisy,ok,,1.154203780648854,1.132064370384374,1.0701026421432531,1.0777188311479196,1.365820767696497,0.5945313984103073,0.5987351142385573,0.6364104328778172,0.4054686015889908,0.4012648857607392,0.3635895671214139,1.411596223191206,1.3698190254589573,1.1568749195768024,7.75074700522994,7.738619086941446,6.728253586292105,8.501018955951983,0.7871457482014341,0.8222556700040535,0.6415503733663681,0.0,0.5207501835211489,0.5451787561803557,0.2497867004339719,0.0,0.6907124414259542,0.7452755054771636,0.0,0.0,0.0,0.0,0.0,0.0,44
potential_saddle_surface_saddle,pca_rank_d,ok,,0.5521581400676628,0.5157687934202151,0.31600994599685056,0.28216334406567994,0.5257521686306437,6.88658842674427e-17,4.009761776300265e-17,1.731006415040571e-16,0.999999999996129,0.9999999999960391,0.9999999999948769,100523854228.02617,92118222970.63046,73985839807.43913,1.8568515041990803,1.8932665634048165,1.6775202315536393,1.9867568285507504,1.0,1.0,0.9999999999999997,0.0,0.9336926803986079,0.9950980005892721,0.803941616386158,0.0,0.6593008019116923,0.7384041013136933,0.0,1.096841350019223,1.0923677636598272,1.3904209022731375,0.6271370385309312,0.7949959645009724,44
potential_saddle_surface_saddle,pca_rank_2d,ok,,0.663466516215206,0.6283507237713379,0.5061747212440397,0.4610956877212342,0.8483071099104647,0.268300033699823,0.2737648038000343,0.32061689346990624,0.7316999662983527,0.7262351961981387,0.6793831065281625,1.7869925495172818,1.6414519686054612,1.2428938488091485,3.1023000577209063,3.125929957276181,2.765401160989643,3.3935254167360047,0.88485910697127,0.9338927235569344,0.7606646535301816,0.0,0.792735535168926,0.8867687857703275,0.4651252335731017,0.0,0.7259526366650014,0.7852073403816933,0.0,0.9305502460448272,0.922329769709092,1.179979903029901,0.5320573713769586,0.6746728703282552,44
potential_saddle_surface_saddle,pca_rank_5d,ok,,1.0162455503706995,0.9878817845993119,0.9163197518873042,0.9170980749787767,1.2121703223962714,0.5201242267566928,0.5212228017453564,0.5661290428618818,0.4798757732423998,0.4787771982536356,0.43387095713714174,1.4709034581142388,1.4569313908550223,1.1565409499152106,6.017303135580635,6.044635417896954,5.242477267821155,6.670017655669901,0.8059172263499694,0.8569922801104031,0.645243585739016,0.0,0.5877522495839064,0.61815463312758,0.27744828357892326,0.0,0.6847249280555805,0.7420660533628632,0.0,0.5203135037586814,0.5111213684889706,0.7113117359271797,0.29749778292836354,0.4067041560147684,44
potential_saddle_surface_saddle,pca_90pct,ok,,1.0514244798386774,1.0257415280904882,0.9570354356101698,0.9672716625070059,1.2255654326373648,0.5452939500967049,0.5428492040713468,0.5958568928402672,0.4547060499024622,0.4571507959278496,0.4041431071588511,1.4330771374500586,1.3846695338070292,1.141236202527461,6.500891512020504,6.529571158453306,5.73289451905788,7.231410355793821,0.7956554520403164,0.8510593476223564,0.6324814826574786,0.0,0.5673202623262924,0.6002526126739807,0.25759016231209203,0.0,0.6935731388366918,0.7455015635456397,0.0,0.4471272130142977,0.46528812292411814,0.6738607161581892,0.2556523203756506,0.3852909209762859,44
potential_saddle_surface_saddle,pca_95pct,ok,,1.1113636905676734,1.0875939458915644,1.0228216370723648,1.0440223362440495,1.3093759504450238,0.5754866949212253,0.5768607694419883,0.6154849064381629,0.4245133050780249,0.42313923055730784,0.3845150935610655,1.4076721469988216,1.3567261616739557,1.1401292608911349,7.2125654562126575,7.278822181461847,6.512610750948485,7.960541652235501,0.8087362922665406,0.8465970613488774,0.639508078570829,0.0,0.5398559912186445,0.5511526908641292,0.3170903624794779,0.0,0.6912766185671441,0.7514244304952973,0.0,0.27710452331869473,0.2628779650538019,0.4743406800981007,0.15843905785879236,0.27121206669155684,44
potential_saddle_surface_saddle,position_only_manfit,ok,,0.658317690633742,0.636966320160461,0.5140324516816951,0.49875952619030306,0.6985736244094268,0.32925407567243253,0.3360570109909745,0.4073467526647388,0.6707459243249569,0.6639429890072435,0.5926532473320458,2.3796346637483716,2.204142359327819,1.515906217405172,3.7757493177683776,3.811181467798285,2.688904569092154,4.65850723560204,0.849924193014363,0.8709535420447527,0.7434699107881981,0.0,0.616742291186016,0.6573510535249423,0.3011080926659556,0.0,0.7318856868386445,0.8082217318910752,0.0,0.7921743497844953,0.7837093286877168,0.9931622635282825,0.4529386822582023,0.567856819693101,44
potential_saddle_surface_saddle,velocity_manifold_fitter,ok,,0.5000012527557691,0.481623135663022,0.34791916361668823,0.33484011357806276,0.4869528869850391,0.1559029187067154,0.15176680793841255,0.2266268812978893,0.8440970812897878,0.8482331920583717,0.7733731186980329,6.920755810309443,5.636431905708397,3.4236107653147436,2.5738122016943055,2.5367813427052868,2.0710102581289673,3.0937715338789453,0.9845710045932308,0.9884922716732618,0.9666691375161888,0.0,0.8330209301109052,0.872980646349031,0.6877852754267757,0.0,0.6784678569983075,0.7566344306816911,0.0,0.8838420498259081,0.8745470260740293,1.1654911847158567,0.5053511938141404,0.6663887079054769,44
flat_rotation,raw_noisy,ok,,1.1214705447928077,1.0974791061665574,1.0356402961760223,1.019453711842707,1.3307445095697625,0.599819448604018,0.6003453331618419,0.6395001872510947,0.4001805513951176,0.39965466683725376,0.36049981274817056,1.315891184566199,1.3080608472171624,1.0991507678807022,7.733357410046864,7.766867358293865,6.99095881740444,8.572844517832237,0.5259593365639283,0.5385587845312733,0.28235973136524745,0.0,0.47137480868211906,0.47156200575564994,0.26441471152250945,0.0,0.16271763726619437,0.16701353697618235,0.0,0.0,0.0,0.0,0.0,0.0,45
flat_rotation,pca_rank_d,ok,,0.4595631895043145,0.4284131218178409,0.2535483461661883,0.21803172995169462,0.4062178327282498,8.113395776552022e-17,6.094039448572542e-17,1.655627231821335e-16,0.999999999994475,0.9999999999948894,0.9999999999923136,66695517692.427986,65631152123.86781,48201909143.784706,1.830337065132919,1.8573304510876678,1.6250236718036348,1.9710012602952633,1.0,1.0,0.9999999999999996,0.0,0.9728984224271593,0.9941543558511623,0.9489733900326526,0.0,0.5216197375357996,0.5855371005733577,0.0,0.9978862362037572,0.9598942572201685,1.318746858562486,0.6267457110948141,0.8282697041379291,45
flat_rotation,pca_rank_2d,ok,,0.7040675094541003,0.666394402560685,0.5570935926985486,0.5210051697068585,0.8919870519743247,0.29272211675826,0.28399461348067967,0.36679841030520494,0.7072778832394775,0.7160053865166567,0.6332015896927734,1.5241565230998806,1.452369415431209,1.1426759641640942,3.1943400682612273,3.1872326270462525,2.8243979551156224,3.6296302759755625,0.7866198145346078,0.8671097114366655,0.43505637762643756,0.0,0.7950597858844837,0.8433938264347636,0.5590307576460621,0.0,0.3962641278691933,0.448000917111251,0.0,0.8481892276813987,0.8193763140416783,1.1035150421343207,0.5327250154972505,0.6930883448372135,45
flat_rotation,pca_rank_5d,ok,,1.0259675847971252,0.9947707614576929,0.9252106674213555,0.9362519933018131,1.2409004594608932,0.5404813938812322,0.538732675654382,0.5887078792758248,0.4595186061177119,0.4612673243445267,0.4112921207230304,1.3627413025526,1.316518329577546,1.1132942193523936,6.278966027543774,6.252988546533961,5.6357241842601535,7.012498747143598,0.5971297261404104,0.6437000523554035,0.33522745716576346,0.0,0.5409794629696564,0.5640585270153474,0.32631333519384503,0.0,0.2063179359429846,0.21675002886206574,0.0,0.4282200807945492,0.4162687931178379,0.6105719537136403,0.2689536034324631,0.3834839477900844,45
flat_rotation,pca_90pct,ok,,1.0565657592087292,1.02739961785166,0.9600785615791201,0.9575173635418743,1.265373598495423,0.5606424809917956,0.5626239991840738,0.5992776938236435,0.4393575190072139,0.4373760008148754,0.40072230617538873,1.3195484693947748,1.2883787249612029,1.106660456317989,6.680546007688677,6.668341646394146,5.985118468829314,7.387364148050373,0.57314851042473,0.6070596778996566,0.34251539970867534,0.0,0.5207863946778937,0.5296644678915984,0.31101142103365387,0.0,0.18989681667352146,0.19477618269227576,0.0,0.3537414403449109,0.35149606101110187,0.5169553576986886,0.2221755572219408,0.3246858624864143,45
flat_rotation,pca_95pct,ok,,1.0830516985856178,1.0557741833362397,0.9905481219416369,0.9853168668088625,1.309999783354141,0.5774400881179086,0.5772872867180576,0.6234736173717097,0.42255991188115727,0.4227127132809756,0.37652638262733745,1.323023611224989,1.2816202238626362,1.0983325638694574,7.095212091667017,7.125177512127074,6.239294609060152,7.95073497101132,0.5458200202157388,0.5776556472884367,0.26706508202151846,0.0,0.5090183861329539,0.5180699208257786,0.3049767410234433,0.0,0.17572856195194397,0.18502201533640233,0.0,0.2641328210031672,0.25832054697213347,0.4376243782047811,0.16589477509268608,0.27486019163248254,45
flat_rotation,position_only_manfit,ok,,0.5647155709013604,0.5364552159692647,0.41619681978346534,0.3998788923094265,0.6530518529580971,0.3421219555510016,0.3314720976473623,0.4419552247068207,0.6578780444442088,0.6685279023479332,0.5580447752894976,2.0108296071786653,1.7567841593772286,1.2107068726223467,3.8289275692027616,3.7207983242640177,2.9675982864060186,4.857214288618767,0.5435124601404464,0.549945877302148,0.3110095547176813,0.0,0.5052431918622691,0.5191438284608361,0.315334755080688,0.0,0.18700723700162034,0.1956870178558528,0.0,0.7734593917764941,0.7842400085370338,0.9030618930360559,0.4857892001257529,0.5671890720396138,45
flat_rotation,velocity_manifold_fitter,ok,,0.4860334817311971,0.4634044919883671,0.3332746203107772,0.32220552398129865,0.45312302363263135,0.24616813655784364,0.24596926983278927,0.29818658262861647,0.7538318634364897,0.7540307301624682,0.70181341736517,3.017775882668143,2.9505296359102235,2.10927630294531,3.0843640390930798,3.077633390153253,2.5257622451094255,3.608640850821217,0.9705107434503814,0.9804307536028463,0.939928301150307,0.0,0.8362693185867904,0.858562420651813,0.7064282451592968,0.0,0.5062587651822821,0.5784692668594504,0.0,0.8298702806704396,0.8120139032760352,1.0912222244067653,0.5212193738175235,0.6853675541213041,45
flat_spiral,raw_noisy,ok,,1.1115170459088244,1.0931479691129184,1.0320771958195556,1.0200759905190706,1.3188667663248013,0.620468628888575,0.6209140250875336,0.6557173368451674,0.37953137111054475,0.37908597491165774,0.3442826631538933,1.2660063995679558,1.2529202907541594,1.0927590358800894,8.084256133164478,8.09319413139513,7.371410325305136,8.777030249571913,0.5115101845356799,0.5259385180984667,0.23673086929614562,0.0,0.3531074719727021,0.3506359933566163,0.11074964308197345,0.0,0.1943961112854387,0.19947561155949742,0.0,0.0,0.0,0.0,0.0,0.0,45
flat_spiral,pca_rank_d,ok,,0.4418815787282774,0.4103152899935907,0.21731423500336816,0.18690447444057334,0.35722113329072447,8.871875839011e-17,7.603083205373838e-17,1.7062017553029374e-16,0.9999999999924498,0.9999999999933552,0.9999999999864768,54135913592.480095,50959242297.2572,27294502167.698593,1.8211656946897112,1.8590384835989395,1.5672871231249574,1.9818037779592306,1.0,1.0,0.9999999999999994,0.0,0.897033907929791,0.9843692765928646,0.7420608381753777,0.0,0.48669690582553327,0.5556727798919456,0.0,1.00720201056898,0.9989780087150372,1.2964010699844148,0.6602475072209358,0.8498251252817003,45
flat_spiral,pca_rank_2d,ok,,0.6862553380915387,0.6531969288695246,0.5401190415781677,0.5196441882048106,0.8251380028880128,0.3146265272284733,0.31543704999953626,0.3650304398636882,0.6853734727689546,0.6845629499981767,0.6349695601342288,1.4711703323562932,1.4453311273327962,1.1532018645856086,3.352479438988083,3.3757841690381833,3.0536592101147675,3.6352293666019815,0.738172215633169,0.801974838629943,0.37601291256505137,0.0,0.6698092328475022,0.7207089095235371,0.33907222877592585,0.0,0.37102183464192784,0.4092242066241678,0.0,0.8565638360375012,0.8446365783109533,1.0675934448849047,0.5615002070933914,0.6998356866985177,45
flat_spiral,pca_rank_5d,ok,,1.01228894927865,0.9897933680668397,0.9221312278317945,0.9118429619936792,1.2154356301307456,0.563529024037832,0.5634384097639369,0.6096719430676268,0.43647097596108136,0.43656159023493013,0.3903280569312034,1.3029862633259115,1.2858276848895605,1.0959341360880133,6.607664124977174,6.582388348459046,6.0166675959861085,7.230730658368773,0.5377772907565765,0.540847133807838,0.28767903451933546,0.0,0.4211284779978994,0.42199057182910227,0.13506777327788874,0.0,0.2412557187611179,0.26469884254171194,0.0,0.4368573255369427,0.418964142570993,0.6597007809205853,0.28637150955847634,0.43245127744380196,45
flat_spiral,pca_90pct,ok,,1.042433315076233,1.0213817211195428,0.9557870131544803,0.955936982950162,1.2312520403337484,0.5799838248529204,0.5810168503532753,0.6254669755193523,0.4200161751460606,0.4189831496456846,0.37453302447952647,1.2848683291546752,1.2667174170306552,1.0838450979946745,6.983847554153046,6.999371732894412,6.295101556748157,7.612981290862309,0.529540866359753,0.5318963281650875,0.2578738856891602,0.0,0.3947091763826883,0.38692893857411714,0.12247503932635387,0.0,0.22989075263467845,0.23141421538249413,0.0,0.3624513714099679,0.35338721107272,0.5609302779710525,0.23759644237311764,0.3677046053014901,45
flat_spiral,pca_95pct,ok,,1.0937824041170912,1.0751105780657573,1.0133560767096423,1.0135409862687226,1.2940425279387724,0.6117658193991067,0.6104975803340859,0.6517132662840402,0.38823418059997755,0.3895024196650545,0.34828673371495333,1.2637721333578777,1.2271580227052916,1.0991528072181584,7.80053631272843,7.777284281382499,7.10586724952726,8.589348756556479,0.5096185364442984,0.5406746226267665,0.21904935047535215,0.0,0.35624837546797344,0.35687870134612487,0.11292199310677253,0.0,0.20647571846417118,0.21754063209040886,0.0,0.16297258280528956,0.13667810381859052,0.3222625124102776,0.10683283036911755,0.21125158434646465,45
flat_spiral,position_only_manfit,ok,,0.5765463178626326,0.5527872923058255,0.4144809222050307,0.40060415455846854,0.6222727957092032,0.3971217133360368,0.4025587111583232,0.4708337167686513,0.6028782866580876,0.5974412888359633,0.5291662832232626,1.7005457445104286,1.581244844850572,1.218278558839362,4.401345077871675,4.467148657406618,3.4736161127269383,5.25091028726097,0.5576442861328502,0.6058581194051816,0.25268956670658815,0.0,0.401646748617519,0.42887598928540827,0.12428003460015868,0.0,0.2175396832934796,0.2366910508300502,0.0,0.767431116826156,0.7637948960272808,0.8820396458448602,0.5030713566209133,0.5782002729622447,45
flat_spiral,velocity_manifold_fitter,ok,,0.5112804037386488,0.4936456739380868,0.3352155023523579,0.3294796001276452,0.4377650869540459,0.3246405763424993,0.32562055237661475,0.429635523850098,0.6753594236514472,0.6743794476174076,0.5703644761421297,2.2516144412273444,2.1053207885898404,1.3446505114413796,3.7199634767691285,3.702766000272363,2.734068156138492,4.859882527665626,0.9421751137541176,0.9627980712824686,0.8746801310340114,0.0,0.7052514840501019,0.7722837942294374,0.4822089951555415,0.0,0.41629846953100286,0.47931869953721196,0.0,0.8139773081036357,0.7875105237328948,1.0646798502510628,0.5335836137839267,0.6979257484995662,45
flat_saddle,raw_noisy,ok,,1.113533308339499,1.092924790289292,1.0199021678314526,1.026508602480147,1.2519011155703639,0.6070525155687269,0.6064528116930112,0.6488008915313311,0.3929474844304295,0.393547188306123,0.35119910846780855,1.292743544368585,1.2372413013032988,1.1149478045570116,7.85631823566795,7.873700388967428,7.099985606720436,8.652523921290985,0.5129090546055213,0.5285450204535742,0.29827633917512425,0.0,0.4434877281143432,0.4483452016685593,0.1800978706966389,0.0,0.15833652047379612,0.1462192274690141,0.0,0.0,0.0,0.0,0.0,0.0,45
flat_saddle,pca_rank_d,ok,,0.46324438248526245,0.42894292687631874,0.22991784129759715,0.19461268860311567,0.4230177294064954,9.655636178695685e-17,8.434149237950954e-17,1.9738842463544965e-16,0.9999999999951364,0.9999999999952153,0.9999999999937543,78867212270.71492,77151664233.49863,55866229810.34321,1.8551386714809017,1.8848572458696893,1.7202018949132754,1.9897942576325545,1.0,1.0,0.9999999999999996,0.0,0.9431720929920263,0.99717754196369,0.8673374801151014,0.0,0.44871863423046227,0.536994831120313,0.0,0.9907540416720656,1.001801305210216,1.2262353562293582,0.6304199623686809,0.7802574752302966,45
flat_saddle,pca_rank_2d,ok,,0.6783207837429536,0.634599576134576,0.5031032818956559,0.4580112408828483,0.8384800040263699,0.2819464562003414,0.27957044339103226,0.3389204327847416,0.7180535437972526,0.7204295566063923,0.661079567213011,1.6455760830433734,1.5751858382361785,1.2234139764833032,3.1613086623645597,3.1949634597919454,2.7090243461037145,3.5230251744288785,0.7930775953581797,0.8423477338765076,0.5296418617402212,0.0,0.7758800301253771,0.8398532901671408,0.45383306844739646,0.0,0.3524514427419712,0.3927611462063314,0.0,0.8625014278619922,0.8573768469389929,1.0919962156071559,0.548812414409171,0.6948406811321062,45
flat_saddle,pca_rank_5d,ok,,1.0122010600769586,0.9834274549474888,0.9018537052777515,0.910782560851485,1.1970466931248442,0.5351921732240188,0.536458472806024,0.5848066697739206,0.4648078267749348,0.4635415271929844,0.4151933302249147,1.3672915982082197,1.3179164846281497,1.1302792216090247,6.188178898589472,6.185444778574524,5.402350632635607,6.902860940183987,0.5701488358853172,0.609798274581618,0.2883261949357392,0.0,0.4989892432132798,0.5146910333106138,0.20904023910692915,0.0,0.1941609911684471,0.20070217968602042,0.0,0.4378410361549442,0.42799985251916606,0.6509402856185569,0.27859965029305084,0.41419538362048686,45
flat_saddle,pca_90pct,ok,,1.0455647849313836,1.0190526396041493,0.9396121842637015,0.9569484207185406,1.2355303362702381,0.5550660826264064,0.5574023927387994,0.6028881019935132,0.44493391737261745,0.4425976072602599,0.3971118980055286,1.3542693236677859,1.350378692347293,1.1112985411557854,6.610712052699279,6.646797279216232,5.778536027331456,7.32869448120709,0.5498172930006383,0.5646892959844683,0.28245637847731314,0.0,0.4878297476584683,0.48527002288474436,0.1905459292976685,0.0,0.18472596089146395,0.18843763156696447,0.0,0.35644911105572,0.35950408438713066,0.545461351032624,0.2268097082893107,0.3470788005176524,45
flat_saddle,pca_95pct,ok,,1.0717476845088454,1.0480395914740883,0.9707965555749564,0.9854809996916978,1.2397588583363206,0.5755086422010148,0.5802305020021696,0.6144025657859828,0.4244913577980673,0.4197694979968111,0.38559743421305975,1.3385605226157575,1.2878398109862155,1.1143261121881414,7.075791843591514,7.13195898779001,6.2491588041852,7.780544091367141,0.5452789235590293,0.5687662735622321,0.2815286242759117,0.0,0.4781300607333975,0.47127163860208576,0.20358456037550754,0.0,0.17839606400858302,0.1817914662357149,0.0,0.27248864086430447,0.26137188396215977,0.4448475477143678,0.17338539283640578,0.28305791598548546,45
flat_saddle,position_only_manfit,ok,,0.5854361618916347,0.5575524960555528,0.4141881613718146,0.37236284478532805,0.6823804861891479,0.3259851929564353,0.3148360451272524,0.43289977840665583,0.6740148070391139,0.6851639548679062,0.5671002215892245,2.4642754169353376,2.3671853783672514,1.3916077873622612,3.761615913540449,3.660859303563991,3.016543030409495,4.776128705502514,0.5617095947343503,0.5939027252493456,0.2713290708625233,0.0,0.509282542488701,0.5283489805460044,0.2874388900264182,0.0,0.17970010224840696,0.18232630266358718,0.0,0.7595480118563004,0.7552064436649781,0.8773457425527816,0.48330282684846915,0.5582578992774061,45
flat_saddle,velocity_manifold_fitter,ok,,0.5212342436373039,0.49640641762832005,0.3364541823866204,0.31234112082602905,0.45533001348381097,0.21561391857111528,0.21575185384245357,0.30003417994160525,0.7843860814241388,0.7842481461523783,0.699965820054073,4.25602390830321,3.350970903729911,1.6752496395951937,2.9046640683469693,2.9166508686425576,2.248975479501155,3.524610536847045,0.9720271666734952,0.9870405539641748,0.9358996132064419,0.0,0.8463610996213876,0.8895014544071052,0.732579704924499,0.0,0.404648362482351,0.48675324113436513,0.0,0.8129828840373868,0.8114612191656039,1.0390348391477797,0.5173036067521516,0.6611411880690593,45
s_curve,raw_noisy,ok,,1.1667428674178804,1.1496440631431044,1.0793442919448515,1.0651462335729014,1.3433013208405014,0.6385820029439837,0.6421700286244,0.675589988582499,0.36141799705523653,0.3578299713748517,0.3244100114167221,1.255366603928341,1.229910111386816,1.0952869762230009,8.627604499989879,8.720143472760768,7.719772725243965,9.366957436442485,0.4584304594874028,0.4771828097024286,0.22874597843690223,0.0,0.4493813495058403,0.45948156545490415,0.2583851782937313,0.0,0.09537754458976462,0.0877932504992983,0.0,0.0,0.0,0.0,0.0,0.0,45
s_curve,pca_rank_d,ok,,0.5661971748709408,0.5362539247485839,0.3317945448559191,0.3108236214986885,0.48014544110505397,7.752494539911609e-17,5.532034212992753e-17,1.6611035505055628e-16,0.9999999999918712,0.999999999992305,0.9999999999869981,48786179675.50259,46227276544.890274,26391001579.211597,1.8075645259372048,1.835709270896799,1.5746283343205425,1.9689218715695547,1.0,1.0,0.9999999999999996,0.0,0.9511708554794592,0.9930799522824305,0.8848892792792971,0.0,0.2263003244232823,0.25110251625047586,0.0,1.0935618302250836,1.0978694892460341,1.3314158336885513,0.6643641397173888,0.8088659557297662,45
s_curve,pca_rank_2d,ok,,0.6924327058222831,0.660958442446936,0.5272021963293271,0.48342994157745356,0.8362816544326214,0.310449783224598,0.30857999045288953,0.3710287588645742,0.6895502167728776,0.6914200095444869,0.6289712411328376,1.5120369916381924,1.4321025498535316,1.1823320503600923,3.3315711559369827,3.3439874513813863,2.933732249578015,3.6677443695129743,0.7285358733046869,0.7651793321588478,0.44529573579029985,0.0,0.771184975933111,0.7967048932110445,0.5601790262384614,0.0,0.1966219530884258,0.22797455942990152,0.0,0.9396612171147417,0.9591704629994321,1.1539394184692209,0.5708659527790371,0.7010449229738516,45
s_curve,pca_rank_5d,ok,,1.035301958541792,1.0115877494816163,0.9299915513085788,0.936998576322636,1.2276413613381545,0.5723854523779873,0.5719588601360455,0.6150612895127364,0.42761454762097134,0.42804113986301273,0.38493871048627937,1.2677936811150177,1.2461038514417653,1.0904690205219068,6.712051797624852,6.7816169802657775,6.02697430034205,7.382404601775785,0.534321915365295,0.5507392028069255,0.2859230077564467,0.0,0.5344190690603579,0.5511161958128278,0.330094132467699,0.0,0.12270532111008944,0.12829934669922027,0.0,0.5221262215812922,0.5370280254833524,0.737817908732143,0.31720377251403203,0.448241468067719,45
s_curve,pca_90pct,ok,,1.0977914852398378,1.077418403863734,1.0013832815067767,1.0032552021414698,1.268266742708703,0.6054292990180343,0.609153967787776,0.644112027137389,0.39457070098105246,0.3908460322114421,0.3558879728616348,1.2426158242860832,1.2106821691245129,1.0825741551079302,7.5353285434224295,7.584179585494155,6.739701608634587,8.254414199413503,0.5153657935237795,0.5407447060965118,0.24106428677381322,0.0,0.48365154223366047,0.4934582433963115,0.27281243334200117,0.0,0.10865084333320416,0.11302044588700629,0.0,0.3684620616220837,0.35792786515499475,0.553523583246441,0.22384923634145715,0.33627839691617395,45
s_curve,pca_95pct,ok,,1.1457391308834046,1.12773058219356,1.0556634454893885,1.052032248490289,1.3289673546992902,0.6310014232616604,0.6320811183874264,0.674741707585563,0.36899857673752595,0.36791888161170916,0.32525829241351417,1.2381867819595627,1.2181522300145073,1.077606500131241,8.33097010471886,8.393237031802759,7.411323094210841,9.157892728732772,0.4701998241016692,0.48563512941140086,0.229805407425892,0.0,0.45971555708313516,0.46745464805497217,0.2716642026867781,0.0,0.0971687865074513,0.09775635750888484,0.0,0.18610536193155092,0.15376009161668241,0.3619269679137607,0.11306331773759827,0.21987901555512182,45
s_curve,position_only_manfit,ok,,0.6649091076777861,0.6446240866971821,0.5403725908766401,0.5342174866820159,0.6933171788371276,0.45536598298846964,0.4589481006635415,0.5168967003634701,0.5446340170070967,0.5410518993314839,0.4831032996307653,1.5312743761220378,1.4631216397741764,1.1575810976429906,5.076973215044218,5.188977281490805,4.183909992907802,5.8856694618645875,0.46389722054501,0.48071260455133485,0.21635094754570922,0.0,0.4267646081698554,0.4222762287922458,0.20971023299176483,0.0,0.10635459981288682,0.12340987825417896,0.0,0.7879885145707143,0.7734587242564446,0.8984693065696026,0.4787212731100933,0.545840913081918,45
s_curve,velocity_manifold_fitter,ok,,0.5655131898292184,0.54437787945616,0.4149558500342811,0.4088943099411024,0.5353724673075261,0.37159299426597486,0.3816214137278104,0.44711060103837846,0.6284070057276274,0.6183785862656404,0.5528893989541995,1.8480044140608334,1.7154643079257328,1.2340433864322753,4.1605040709081,4.234176116599406,2.9812019100259053,5.027726562088863,0.8617184761008196,0.9324772026755146,0.6472607712744456,0.0,0.7487917571924956,0.7843532545975294,0.53280140288041,0.0,0.14636818223175474,0.12810508640753002,0.0,0.8889974997150946,0.8881565184251987,1.1228689591776622,0.5400865710424109,0.6821688993350128,45
swiss_roll,raw_noisy,ok,,1.1960499182408935,1.1780608115193345,1.1120989982704208,1.082699194422975,1.4060390776651954,0.6335521339550271,0.634144823300826,0.6622261029288591,0.3664478660441972,0.36585517669846335,0.3377738970703026,1.2920016570455362,1.2498306769660341,1.0981433457175376,8.555724077102608,8.561709148782908,7.926797893346451,9.144256957345148,0.5114812842098928,0.5482895517226403,0.29645217848473726,0.0,0.4359157826196183,0.4430656372124655,0.23158255878118458,0.0,0.19812593698072453,0.19605364242721857,0.0,0.0,0.0,0.0,0.0,0.0,45
swiss_roll,pca_rank_d,ok,,0.5029254526616239,0.4564212461827414,0.2899039433711426,0.2367275526116977,0.4863602222692512,5.550348595463536e-17,2.8719113953409954e-17,1.3401020780376733e-16,0.9999999999937147,0.9999999999942373,0.9999999999903009,65194227755.98213,61199199390.8658,39383566510.93373,1.855339670881071,1.9090870369317923,1.6606777236353598,1.9849092187104493,1.0,1.0,0.9999999999999996,0.0,0.9519181693233439,0.9921665232011256,0.8932697817826944,0.0,0.5652441789509217,0.6267927300805609,0.0,1.0747227025360568,1.0600687630331684,1.3305502118719421,0.6556083079289209,0.8116696250682998,45
swiss_roll,pca_rank_2d,ok,,0.7240027992650713,0.6878056956106188,0.5716841526782129,0.5380171464946416,0.8516548585396985,0.30692603966004933,0.3103559884676142,0.3668609298758034,0.6930739603374952,0.6896440115296709,0.6331390701210808,1.542335390898717,1.5204378491798556,1.1464560661317678,3.3160105581198733,3.3558344754071427,2.971813187887902,3.6221687876186253,0.7954114554553566,0.8498251447661719,0.4980473075812042,0.0,0.7816619968155772,0.8341493181541347,0.5232996789102747,0.0,0.41512885733576016,0.4386638833216948,0.0,0.9374519765353267,0.9099673560585124,1.2119861579352031,0.5718696577737252,0.739342522831385,45
swiss_roll,pca_rank_5d,ok,,1.0655361794166331,1.0448561308999376,0.970177683919803,0.9600933172784135,1.284104031274508,0.5720837160793235,0.5742443789350791,0.6109743179174076,0.4279162839196946,0.4257556210638691,0.38902568208155763,1.2844774007928763,1.2502809648974287,1.0947218776967234,6.74031058959624,6.751587216786753,6.188314191671232,7.343082971469096,0.598503949679633,0.6242719761742099,0.3527188602816826,0.0,0.5427355769398629,0.550207060699833,0.3471505552795895,0.0,0.24828032243664294,0.2602338861550013,0.0,0.5201967141670313,0.5285627237539285,0.711801504205459,0.31733328677291045,0.4342171042374022,45
swiss_roll,pca_90pct,ok,,1.133170070385337,1.1136850009663037,1.0435066509013806,1.002193252187122,1.3514047325158163,0.6052347575846935,0.6097116300174941,0.6443548902448285,0.3947652424144304,0.3902883699816989,0.35564510975421676,1.261429688427437,1.2270185360000625,1.0868325863481056,7.588848689862511,7.605022440188916,6.946179619083919,8.298156465460115,0.5475560449911246,0.5741249315116385,0.2970821521171499,0.0,0.48765287363606463,0.5095991138162884,0.2769074008932076,0.0,0.2240244051850405,0.23516367678642158,0.0,0.3543561456284475,0.32307470233366276,0.5699572800647036,0.216166302704382,0.3476885033629908,45
swiss_roll,pca_95pct,ok,,1.1585884713040635,1.139924328295797,1.0720853685895941,1.0436895269367028,1.3796108548309929,0.6177380878598542,0.6196478170235515,0.6489620888879485,0.3822619121393141,0.3803521829756088,0.3510379111112622,1.2782795260577606,1.249059208457417,1.095712975194753,7.981225488131917,8.001570950603103,7.3849518356363975,8.641252947393893,0.5322732994626314,0.5852041294492596,0.24237527780193072,0.0,0.4686377652458638,0.4724001620600242,0.251785096797787,0.0,0.21334324092745807,0.2168002730692472,0.0,0.26644632417309905,0.24611837886574375,0.45879790743972143,0.16253906550294125,0.27987844591734945,45
swiss_roll,position_only_manfit,ok,,0.6587232245149915,0.6346328646316868,0.5279159390035362,0.5115347893067097,0.7422643691534436,0.4163268115727947,0.39912938748694515,0.5154856643545469,0.5836731884230815,0.6008706125096743,0.4845143356404794,1.717074262980376,1.6438751320767473,1.1931832823027277,4.618594349307079,4.425978501834995,3.724680183308207,5.859216057086762,0.5478972810430932,0.5677898102995553,0.30809426969617415,0.0,0.4592389379173427,0.4666773045641779,0.2531848472786029,0.0,0.21942494872365645,0.22036720858765532,0.0,0.7854640486770486,0.7753990108091863,0.9234307725128953,0.479153138457948,0.5633163650754499,45
swiss_roll,velocity_manifold_fitter,ok,,0.5448255611896398,0.5199795956188262,0.38976569707868614,0.3750211070746696,0.5136523202461231,0.29176131427588614,0.3000804547045547,0.37564824622199744,0.7082386857187202,0.6999195452898288,0.6243517537720018,2.7322272929625457,2.455754189437733,1.4749800798166537,3.447874885199416,3.4747459727672574,2.691729257784571,4.229561645992774,0.9465690590521102,0.9713289762715227,0.8587332613541038,0.0,0.7813238897095367,0.8158180686067751,0.6198909138266194,0.0,0.46149417292265105,0.5215204050146449,0.0,0.8770604470019839,0.8596463601380433,1.1062855816656756,0.5350292817426198,0.6748624706359193,45
half_sphere_rotation,raw_noisy,ok,,1.1903881284539948,1.1739137355625882,1.1178360775423335,1.1074144962780739,1.3741992722424035,0.6252133487927984,0.6275715523357911,0.6567455468187213,0.3747866512065337,0.37242844766353844,0.3432544531806123,1.2613424816485603,1.2222326311002356,1.0927700435123466,8.30981091461839,8.348921086158178,7.665628498793019,8.902735166638118,0.5600335264045071,0.5712921892373353,0.3643420160806605,0.0,0.4408197900532116,0.44446373269660777,0.23482966466189023,0.0,0.27137052622450714,0.28604188570141575,0.0,0.0,0.0,0.0,0.0,0.0,45
half_sphere_rotation,pca_rank_d,ok,,0.5233849383571396,0.49934205796376063,0.3327462155346363,0.2974197456128448,0.5028895110915956,5.470541862961334e-17,3.258985627515753e-17,1.3101978893482767e-16,0.9999999999952871,0.9999999999953102,0.9999999999941127,71887647967.67488,69878257129.03195,50189849559.02646,1.7768989007836111,1.8370724529012854,1.5164306738586057,1.9605672430369163,1.0,1.0,0.9999999999999997,0.0,0.9712984832062264,0.996316673198523,0.9128959500684288,0.0,0.6830355388341467,0.7444217584451329,0.0,1.1287038540275938,1.1453097592545012,1.3687100657140834,0.650353322916626,0.7886436607532181,45
half_sphere_rotation,pca_rank_2d,ok,,0.6809145365473095,0.6495485054292698,0.5412302274875687,0.511052826702162,0.8361779144426588,0.2879900130978394,0.28311835390408646,0.3548665967207994,0.7120099869001683,0.7168816460936083,0.6451334032775724,1.603372996372387,1.525677891772076,1.1599634418013347,3.18493278791387,3.1856214301709898,2.8521440957265747,3.5230347405785514,0.8338754488370183,0.8874123403819542,0.5997668695577794,0.0,0.800220426793045,0.8228536297696816,0.6385655677988835,0.0,0.5427539015791699,0.5966114697100844,0.0,0.9658388692666826,0.9366106205540663,1.2147654084177064,0.5565113610520793,0.699941545436872,45
half_sphere_rotation,pca_rank_5d,ok,,1.0518251350304468,1.0294945522430234,0.9616596203963869,0.9561348784112447,1.2308714175694715,0.551365316707227,0.5521379118091347,0.591728058510332,0.44863468329190387,0.447862088189921,0.4082719414887192,1.30814305086785,1.2780096315531213,1.1057251052556327,6.397223819277845,6.431657043828151,5.693864530077537,6.974318662426713,0.6301432712679539,0.6805282111976168,0.4203638132315584,0.0,0.5274815830854291,0.5413270296834419,0.3137265666922585,0.0,0.333401591611206,0.3488792070167698,0.0,0.5390593007743757,0.5242312021802136,0.7451281482078513,0.31060318103525975,0.4293389851168535,45
half_sphere_rotation,pca_90pct,ok,,1.1206331429478011,1.1012014857592873,1.04000317529597,1.0200966710472605,1.313129139248988,0.587039259169426,0.5898832353544359,0.625809365778959,0.4129607408298167,0.41011676464475827,0.3741906342202369,1.288934748481696,1.2502307967091286,1.1045608595111236,7.232159529069504,7.241779548014941,6.5470202466369205,7.851945613973125,0.5950547351342803,0.6124973721306426,0.3945263702513013,0.0,0.48515935346300565,0.48363076083148987,0.2656517820705364,0.0,0.31039328283537143,0.3278979057640609,0.0,0.3813517134458105,0.3619719884768345,0.5948530809512061,0.2197328848966334,0.3427512686018983,45
half_sphere_rotation,pca_95pct,ok,,1.1477421846618734,1.129675537096981,1.0716733974833355,1.0550693480492281,1.3421116402670048,0.6028461891784019,0.603438582424328,0.6370930529288128,0.3971538108208833,0.39656141757496266,0.36290694707043336,1.2780640394580411,1.251447929874717,1.0963863930877906,7.647415312993739,7.660416369832659,7.044088494448201,8.286944355902317,0.5908704637129792,0.6224083784386365,0.395632547889146,0.0,0.47527107807100505,0.48660332342454804,0.2630799985551089,0.0,0.29576767271362386,0.31531052822392636,0.0,0.28536851163422405,0.2673307350392143,0.47972350763688865,0.16442786044792954,0.27641420392035143,45
half_sphere_rotation,position_only_manfit,ok,,0.7028529511906398,0.6830778801488118,0.5848595343938761,0.5753411469358887,0.7801753765569736,0.4314110901388194,0.43780944517899223,0.4834401644176376,0.568588909858848,0.5621905548186215,0.5165598355800888,1.697002213246854,1.643969262579997,1.279911663252824,4.840543321715283,4.913595065159147,4.081527551969479,5.535791974603486,0.5728290790065912,0.5900379741682767,0.37978905668159707,0.0,0.48378979476081485,0.4894436475465956,0.27302021720047265,0.0,0.30373547268686435,0.32639640351419363,0.0,0.7573623640502921,0.7360819950352085,0.9218429138900724,0.4363882770086273,0.5311611191157471,45
half_sphere_rotation,velocity_manifold_fitter,ok,,0.5244084270665463,0.5071620239291675,0.40535733311615657,0.40313723473861407,0.5131403904496039,0.2651513550645765,0.2645838568198543,0.30598707500726696,0.7348486449308087,0.735416143175473,0.6940129249886835,2.589873234461399,2.3798540506081194,1.5987859052755313,3.173456928605856,3.1803157325955933,2.7461519462788795,3.5900267789254148,0.9756264253650485,0.9809108436945865,0.9529259699342448,0.0,0.8255188423332777,0.8391988319410519,0.7063378009231288,0.0,0.6419356966094161,0.7106465526275307,0.0,0.919390327982052,0.9102940513473059,1.1274092239935316,0.529747951800576,0.6496073637869608,45
potential_saddle_surface_saddle,raw_noisy,ok,,1.1302035653343576,1.1158676601318342,1.0434410623168975,1.0363000761466168,1.2565912899762888,0.5981368678323123,0.6001778044792542,0.6398161611359638,0.4018631321669627,0.39982219551999854,0.36018383886325306,1.390340457557798,1.361095524244571,1.1464973509965923,7.861973699717321,7.825475869742697,6.985439863901639,8.674470099816117,0.7685277042994104,0.7938124815115064,0.6319887243554221,0.0,0.5349429303666688,0.5609837634110224,0.2777964871839163,0.0,0.7013716041375958,0.7563098801794913,0.0,0.0,0.0,0.0,0.0,0.0,45
potential_saddle_surface_saddle,pca_rank_d,ok,,0.579479298895205,0.5349434724738596,0.3432211902041702,0.27994245947171503,0.6007071186877815,6.847886821178023e-17,3.535574747350051e-17,1.5979816447669772e-16,0.9999999999959212,0.9999999999958209,0.9999999999947812,92605572793.58945,90061312994.39261,64011551363.84771,1.8417399711642028,1.8643858448278434,1.701245977701366,1.9792425117270815,1.0,1.0,0.9999999999999997,0.0,0.9292774114738832,0.9934729375524962,0.7961127269176254,0.0,0.6875447686071472,0.7621639314354705,0.0,1.0669450728817897,1.0850905212768631,1.284241761567776,0.6305628902356714,0.7589848976464101,45
potential_saddle_surface_saddle,pca_rank_2d,ok,,0.691173223270459,0.6593188510828847,0.5316623908684621,0.5018024470878484,0.799677377892803,0.2767482540244712,0.2774325747160208,0.3349763374915517,0.7232517459736495,0.7225674252823934,0.6650236625065663,1.696768652128481,1.569446757404097,1.2450461236526715,3.1378866154406686,3.1329279261761602,2.8029393219682,3.444160270606797,0.8525586471563151,0.8948401693072756,0.7171767803298047,0.0,0.7955478650591246,0.8546613721236951,0.5577723384956481,0.0,0.7336602016388825,0.7909568214061364,0.0,0.886382599480164,0.901995550049945,1.098527637282809,0.5238507473240324,0.6492281370191554,45
potential_saddle_surface_saddle,pca_rank_5d,ok,,1.011433336560466,0.9926785844107293,0.9100994870263027,0.9012817958851997,1.1351443997823976,0.5314271383223989,0.5325906438678012,0.5861138823623863,0.46857286167669765,0.46740935613130935,0.4138861176366701,1.4160810315470334,1.3907903087576303,1.1222176428763728,6.193320596101275,6.209478414426758,5.361868756171596,6.989302919818416,0.7885599537587944,0.805649110193523,0.6658641927138683,0.0,0.6114655560186608,0.647727123719801,0.34790380554911754,0.0,0.7023561001102687,0.7492356320642033,0.0,0.48358040500936356,0.46756422230602607,0.7030587073350124,0.2857952724974295,0.4155066101998276,45
potential_saddle_surface_saddle,pca_90pct,ok,,1.0401449136168976,1.022838389967686,0.9424097513059138,0.9437263137200892,1.1761892541851093,0.5502392314436764,0.5513063008760165,0.5994680866544592,0.4497607685554587,0.4486936991230653,0.4005319133447401,1.3963693663742798,1.3632171138703826,1.1444503936858292,6.592804842689939,6.567465026577024,5.8380071834439455,7.359650574263614,0.7785630778499697,0.8063274969638841,0.6526000867665701,0.0,0.5900804163482276,0.6390833529108003,0.3327398685009223,0.0,0.6991626287109087,0.7567820835135233,0.0,0.41783084308250085,0.3921241101215955,0.6299232931061288,0.24693738294520393,0.3722836933441468,45
potential_saddle_surface_saddle,pca_95pct,ok,,1.0902249030247368,1.0742792986027088,0.9984174105582106,0.9945780043379857,1.2232102677418248,0.5770431593067856,0.5803155068570974,0.6210467595455648,0.4229568406924359,0.4196844931420807,0.37895324045358547,1.3820663550736763,1.3321896003522535,1.1382473385537528,7.270506255235647,7.3124891023003915,6.448860270388388,8.060443535763785,0.7683496876818391,0.7929109389808744,0.6280875724885805,0.0,0.5596525447373174,0.578452738877244,0.32536578850276493,0.0,0.7022621890623354,0.7601427473088449,0.0,0.2672833584004869,0.24774193126891175,0.46307013042682166,0.15796405201037075,0.2736737318961283,45
potential_saddle_surface_saddle,position_only_manfit,ok,,0.6644428338603966,0.6410724572104332,0.508593386981846,0.5115362729122519,0.6650358282315216,0.3185333701517854,0.31689663180415845,0.38870622549980544,0.6814666298454222,0.683103368192691,0.6112937744963819,2.3705975234789616,2.217795622614742,1.3625126016274955,3.66398478690544,3.6552189608623555,2.9572973220961134,4.39351284942413,0.8182193044347912,0.8279791343833416,0.7034080927167065,0.0,0.6655029281558079,0.7083904188301211,0.4493863976559018,0.0,0.7442670698470212,0.806208320691258,0.0,0.7612023832554985,0.7699091084622423,0.8762304340507435,0.4498694328691535,0.517850833234701,45
potential_saddle_surface_saddle,velocity_manifold_fitter,ok,,0.5561889480979585,0.5231003988472827,0.3596598601823594,0.3354329903630898,0.4937052776085964,0.15805064827173734,0.1618393293560328,0.21162381122487017,0.8419493517244372,0.8381606706396421,0.7883761887711516,5.504915056764935,4.972341947032216,3.089860636058912,2.583026761820888,2.5757541471427485,2.2128250573031187,3.0005816806651358,0.9833175340610781,0.9894639188504475,0.9666045006103149,0.0,0.8595378974569613,0.8995924701501666,0.7545009522892132,0.0,0.7022156876588392,0.7759678532938266,0.0,0.8519234710323793,0.8553750188691924,1.043517837797677,0.5034854556316035,0.6167174304830255,45
flat_rotation,raw_noisy,ok,,1.095900072531894,1.0789050099300148,1.0032395493041686,0.9994347910957915,1.2263378815621693,0.6229931381428742,0.6241460944020377,0.6539818032478398,0.3770068618562082,0.37585390559712606,0.34601819675124124,1.2578185433022615,1.2135859982141293,1.0744416420458553,8.131812613876393,8.119450940974652,7.448392208803298,8.7643009919029,0.444770890779228,0.4274536275000679,0.18640350918546295,0.0,0.4132061358872819,0.4377190515287779,0.14982607667536657,0.0,0.12035756790374265,0.12018638348499384,0.0,0.0,0.0,0.0,0.0,0.0,46
flat_rotation,pca_rank_d,ok,,0.4826524392927235,0.44219809132819066,0.22891094756610642,0.19580058236008072,0.3581286466664175,1.0218089817775432e-16,8.217219391906414e-17,2.1604534475648846e-16,0.999999999992737,0.9999999999928622,0.9999999999902136,52896258637.487114,50593568225.00113,32173033057.864056,1.8317996650170025,1.8430942670803552,1.644707394974917,1.979393563669571,1.0,1.0,0.9999999999999996,0.0,0.9548718765702475,0.9957639793929591,0.9061846157006421,0.0,0.4078262025386312,0.4828701146815758,0.0,0.9753619523474524,0.9499873240474963,1.194454649806757,0.6580098224437426,0.8058166408324937,46
flat_rotation,pca_rank_2d,ok,,0.6911381143070019,0.6579574578777546,0.5194611499579137,0.48342384256604076,0.8426228845105019,0.3094713074290865,0.30785026287273753,0.3637707310309726,0.6905286925681021,0.6921497371244487,0.6362292689658969,1.4812344915062248,1.4123097813886774,1.15929581298281,3.3230058261417965,3.3287280582832297,3.0185193116153806,3.6063502182340814,0.781314999697765,0.8383194613207599,0.4362447197323684,0.0,0.7836772174168871,0.8452264713294739,0.48167828181561273,0.0,0.2666822393837157,0.3021373708877706,0.0,0.8387418705084073,0.8437368995850789,1.0704445353193928,0.5658416221394359,0.7221555207542825,46
flat_rotation,pca_rank_5d,ok,,0.9925433029334532,0.9724087467362899,0.8851526804901877,0.85644868733965,1.13308300415834,0.5708981078944989,0.5739363779962654,0.6062640379881493,0.42910189210434607,0.42606362200260645,0.39373596201058675,1.2743243566057585,1.247992956695576,1.0737221311761997,6.671436555499758,6.659791889665926,6.135192171663406,7.228258197809551,0.5255372173878495,0.5553124456805378,0.2859687925772702,0.0,0.5160228770098039,0.5587020806315639,0.25306890091944806,0.0,0.15283776807739383,0.15162476715299136,0.0,0.44242631439994917,0.4421725192342298,0.6582577184151963,0.29847469432459905,0.44408134167438723,46
flat_rotation,pca_90pct,ok,,1.0237930551696153,1.004658846193414,0.9212435212815391,0.9078473119806602,1.1723083083947705,0.5852404109509354,0.5875531539143446,0.6198649677586986,0.4147595890479912,0.41244684608455673,0.3801350322402055,1.2751385295823308,1.237329500801057,1.0897285739403615,7.061081243349382,7.097030799156572,6.458343614045511,7.568407644309295,0.4943067415877723,0.4914270474137282,0.26289037684020994,0.0,0.49588057850265926,0.48733748320205117,0.27611646633467674,0.0,0.14362678103865673,0.13975822099155732,0.0,0.36370703982660296,0.3542395653091762,0.5611354071481698,0.2453681980539143,0.378559578560363,46
flat_rotation,pca_95pct,ok,,1.0768540718506512,1.0597662348458476,0.9824370196917458,0.9645274551032381,1.2177612423182258,0.6159638332119023,0.6200483209652148,0.6509342959107839,0.38403616678714947,0.3799516790338316,0.34906570408825766,1.2510457863144266,1.224889112276513,1.0641327145699497,7.859353166096726,7.877766382238303,7.1952069958434794,8.42824137848834,0.46721927805172986,0.45003156091844254,0.24285439278327173,0.0,0.4384590555780379,0.46077613082280766,0.16102667835852605,0.0,0.13059935510362147,0.12347083062084763,0.0,0.16260419724328454,0.13076327195396956,0.3477470080637585,0.10969790107062342,0.23460105910494217,46
flat_rotation,position_only_manfit,ok,,0.5563563213091782,0.5334353688653931,0.3767829187462791,0.34906465013665544,0.5219298113348989,0.3824245300915587,0.3847464006435879,0.4674052152095849,0.6175754699016025,0.6152535993496668,0.5325947847838938,1.8955911610134242,1.7308492510846505,1.215402063787275,4.245689929869316,4.242830978021864,3.392477301667713,5.1890551828081755,0.5182208414071672,0.5078470638813746,0.2645421291582015,0.0,0.4545798712158362,0.47888735214535405,0.21496713883116408,0.0,0.1364675319521115,0.1446226038640808,0.0,0.7678179222498803,0.7643109028805595,0.8604679474747741,0.5179940979579946,0.5804987163726395,46
flat_rotation,velocity_manifold_fitter,ok,,0.5189081140161914,0.49642970354014704,0.3336953093134437,0.3181164050898041,0.42791346637126204,0.3342534369417104,0.3307047403587863,0.4110392192809884,0.6657465630514527,0.6692952596345307,0.5889607807117364,2.074880404655031,1.888273477911186,1.2862092642450067,3.732608081023028,3.7518274713874673,2.9551161248426188,4.645475782220542,0.9205860292491203,0.9600518936634248,0.8432246154940374,0.0,0.7707416456208736,0.8163226509688137,0.5534809573110373,0.0,0.34324501332543195,0.40863302404391294,0.0,0.8001668471378554,0.7763044078446859,1.0136045657734443,0.5398176992073078,0.6838094911817512,46
flat_spiral,raw_noisy,ok,,1.1277162051306637,1.1062250938328924,1.0345657999495248,1.0161923511356887,1.3848270461736856,0.624520525260748,0.6278233229461516,0.6550330835160282,0.37547947473832877,0.37217667705300617,0.34496691648292316,1.2660172292378353,1.2468019013984613,1.0966034535415488,8.175832764145184,8.184552705135161,7.586181739389059,8.76136075637492,0.48550199347481177,0.5033728590109066,0.22509085847373883,0.0,0.3700667356608179,0.36958301360817314,0.17678814123985478,0.0,0.16843117071075178,0.17326503051130193,0.0,0.0,0.0,0.0,0.0,0.0,46
flat_spiral,pca_rank_d,ok,,0.4675836801119278,0.43187375963263386,0.22834120604545924,0.18655327011583747,0.38240403030588316,9.319300762722022e-17,7.394169191126324e-17,1.734749370676947e-16,0.9999999999925222,0.999999999992562,0.9999999999886631,54801767005.94485,51835962981.72882,36066349534.73842,1.865704516852914,1.9110727527886957,1.6807878833666827,1.9900853532165992,1.0,1.0,0.9999999999999994,0.0,0.9050165679485161,0.9865886832231597,0.7106990731366608,0.0,0.4313373289791795,0.4993211923638723,0.0,1.0085204102150993,1.0018497355826725,1.2881532405583045,0.6569963747872456,0.8391620047002772,46
flat_spiral,pca_rank_2d,ok,,0.6959368770947505,0.6516207171102036,0.5191453491544223,0.4606373142510497,0.8589474702295313,0.2998876027609164,0.30257590462755085,0.3476198248076213,0.7001123972361128,0.6974240953693281,0.6523801751887502,1.5499700039981092,1.424312222299061,1.1770861121723215,3.270937315257949,3.2778545766649367,2.9492718692438484,3.546597146899087,0.7646518513945383,0.8100048930325919,0.4966666871784836,0.0,0.6703337550505746,0.7466991900216108,0.3259353221042492,0.0,0.3267334312117056,0.3767045793439255,0.0,0.8680755069320664,0.8613169629438233,1.0980080476780971,0.5655041338968326,0.7152927194184121,46
flat_spiral,pca_rank_5d,ok,,1.0247292556436014,0.9969167951063903,0.9132557671765273,0.9033412872861297,1.2884464659128212,0.5606638658938202,0.562851800017533,0.599238072355767,0.43933613410494854,0.4371481999812538,0.40076192764299584,1.2750594329837535,1.2436140440327335,1.0825115037618256,6.527156809842255,6.57144670000338,5.931592297234837,7.088508713710401,0.5294299460604003,0.5429102237830135,0.25884576087620287,0.0,0.4223683391785704,0.40518382270760234,0.15214463577477813,0.0,0.19788021514302984,0.21075507556238804,0.0,0.44533998761069454,0.43772683022567843,0.6357111580437841,0.29011485979309004,0.41413135720028565,46
flat_spiral,pca_90pct,ok,,1.0547215821809919,1.0276913734077164,0.9475329055632824,0.9311752935422621,1.3336712662670263,0.5797357335672616,0.5804861905919891,0.6161093087899485,0.4202642664316031,0.41951380940684724,0.38389069120905556,1.2630467945319113,1.2230582790120055,1.085771024733021,6.949521901787633,6.988417937547478,6.26143126041104,7.529091190442691,0.5209311106388663,0.5378786891980272,0.2456514413788689,0.0,0.4089916673471456,0.392845770137216,0.1899896524690309,0.0,0.1899750313188657,0.2023809706524453,0.0,0.374550371421224,0.35903378732245284,0.5894475833695045,0.24399926239120578,0.3839931462748191,46
flat_spiral,pca_95pct,ok,,1.106249514944165,1.0837643663068344,1.0093233890700257,1.0023745269418551,1.3613669045231451,0.6134239356690292,0.6160554796930673,0.6466133586769074,0.3865760643299922,0.383944520305932,0.3533866413220412,1.2521890552557158,1.2289911498589974,1.0860267912894275,7.810293978856889,7.8130351107338765,7.278551881202567,8.40349359407876,0.4903774936470577,0.47458852508674876,0.2721100438928406,0.0,0.37660659920795236,0.377465643539428,0.18031402794725634,0.0,0.1770220132009768,0.1810456877709974,0.0,0.1786972284008754,0.157242207738572,0.3503906126769467,0.11641155702427829,0.22826048928363998,46
flat_spiral,position_only_manfit,ok,,0.5669178265980231,0.5404621495148625,0.3924293630711496,0.36070621111653367,0.6612611698022444,0.4113911569839662,0.40970521904378815,0.4646153613682572,0.5886088430086592,0.5902947809486221,0.535384638623961,1.6449069731841766,1.5390391809548043,1.2109551249463972,4.524838303597445,4.52713899346816,3.874166869301726,5.153080212355127,0.5408418927259964,0.5576737442695519,0.3102904381705245,0.0,0.409020743719945,0.4201724388450192,0.1539443624160404,0.0,0.19453455055233349,0.19131505264687743,0.0,0.7909610586761436,0.7809760156726309,0.9372819324311701,0.5152682512764163,0.6105883683896152,46
flat_spiral,velocity_manifold_fitter,ok,,0.5088440264528242,0.4906168296668717,0.342132470710789,0.31615926837365527,0.4996200537951281,0.3140343617198166,0.31586286999712726,0.3791423569201204,0.6859656382739893,0.6841371299958079,0.6208576430738033,2.3689231494860437,2.3211903433897927,1.48906383809005,3.5965777242769454,3.59616989220216,2.8078525271389703,4.351595856282024,0.9385788621346284,0.9655683289417238,0.8468076375133181,0.0,0.7126153610474446,0.8013446073211684,0.39920301105918576,0.0,0.3820633268909483,0.44883958647871347,0.0,0.8182035059709822,0.8286909742867643,1.0468630584426093,0.5330152288603645,0.6819745315305918,46
flat_saddle,raw_noisy,ok,,1.1149235391579198,1.0970445320992828,1.016013774936273,1.0207336248871193,1.2767334098767744,0.6168302287173429,0.6188208563794245,0.6582913101280681,0.38316977128177315,0.3811791436196778,0.341708689871008,1.2837064113146017,1.2305040446887145,1.0782498056107837,8.054742837868234,8.06143418126939,7.330127649870615,8.845156140451019,0.4616112096121929,0.5033684280782671,0.1764902016022608,0.0,0.4412832146290608,0.48205036628672426,0.19435547878882847,0.0,0.1491028355437205,0.15702214920677904,0.0,0.0,0.0,0.0,0.0,0.0,46
flat_saddle,pca_rank_d,ok,,0.49794645607320714,0.45093040518961647,0.23463539890757637,0.19327611304587533,0.37022498408489557,9.292484190110209e-17,7.521048682958154e-17,1.7752151596715439e-16,0.9999999999938438,0.9999999999935745,0.999999999991535,69160799548.77554,60654212256.487564,43457958514.62973,1.8715636268594171,1.9016166268602235,1.7085218541082619,1.9752325382520577,1.0,1.0,0.9999999999999994,0.0,0.9096369890028814,0.9913796813735052,0.7231632023801936,0.0,0.47104132897805484,0.5299961041631696,0.0,0.9825070444094645,0.9842586081388726,1.2415894627978743,0.6458011134901297,0.8160957848952755,46
flat_saddle,pca_rank_2d,ok,,0.7076673905769405,0.6647371457921689,0.5241105875690921,0.5090621972967047,0.8422915633637991,0.2948243915668031,0.2926845880706881,0.35493542311512516,0.7051756084306314,0.7073154119268041,0.6450645768826371,1.5658968499139074,1.4964227723708294,1.1623127216779447,3.2336467484104814,3.24424076723255,2.867275845991016,3.592550911045556,0.7349993659097004,0.7790636391047272,0.44374234916434024,0.0,0.7569965292506827,0.8491455052595676,0.33697203600786807,0.0,0.34977373183933314,0.37436242239864115,0.0,0.8417749917261145,0.832895433184393,1.137223496246396,0.5532980450960651,0.7474961165336823,46
flat_saddle,pca_rank_5d,ok,,1.010025899670318,0.9888265751486778,0.8978393241403919,0.9035486227759526,1.187075390036579,0.5578759954488942,0.5621661488809,0.607596306769089,0.44212400455001594,0.4378338511180179,0.39240369322981944,1.3103376751670532,1.2544620674083546,1.10221270889716,6.532133559823075,6.53315390094458,5.898584960058686,7.240841274004719,0.5403274152539155,0.5660425794998427,0.24721931552092122,0.0,0.5211132553066034,0.578996190222627,0.18003531000720202,0.0,0.18849048852140254,0.1996254788525963,0.0,0.44645932011254164,0.44017035674190685,0.6636026226702152,0.29345736266962097,0.43618548597071727,46
flat_saddle,pca_90pct,ok,,1.0408756340432004,1.0192035078191306,0.9315004767971282,0.9322713048397435,1.2205281826781966,0.5738813033359617,0.577392039079961,0.6158837990853006,0.4261186966630078,0.4226079609189295,0.38411620091357085,1.322743585234242,1.2773700565133947,1.1108474441958602,6.902080179733531,6.912050137327771,6.248759612047397,7.581516859035906,0.50977755397431,0.5423587676432653,0.25355965127342095,0.0,0.49477414621703214,0.5504642558088464,0.20362783223002984,0.0,0.18176714609815084,0.1882420951202543,0.0,0.3717951819074937,0.3687011922278183,0.5823746347932829,0.24438068289926637,0.3827943929338068,46
flat_saddle,pca_95pct,ok,,1.0934256536869686,1.0744096562213452,0.9918574598047527,0.9970766171377916,1.2638597755831678,0.6051416543429095,0.6061610828674151,0.6470716363281452,0.39485834565617045,0.39383891713169145,0.3529283636709274,1.2915429443357695,1.2423774676845634,1.1015381886346385,7.699855990536009,7.7138671313806455,6.994488882816826,8.422724570520488,0.4880259971232981,0.5180957545558873,0.22747426250388142,0.0,0.4554353044910254,0.4889674046745417,0.21492003383670877,0.0,0.15839381990196072,0.17114671544950438,0.0,0.17586101631506618,0.15562912406505336,0.3467296141678408,0.1155933087726995,0.2279051047864809,46
flat_saddle,position_only_manfit,ok,,0.6043913848307152,0.5770946706352956,0.4016534536073365,0.380886452497348,0.5850332696014179,0.360226182901991,0.36607711565315526,0.45201420039064477,0.6397738170918582,0.6339228843402656,0.5479857996020886,1.9457097540629298,1.8621609949747273,1.2078810719551154,4.0002510264526485,4.0491104879817,3.13897856219073,4.890096461056961,0.5308048325911332,0.5521885244910718,0.22923090532626714,0.0,0.47614707746648804,0.519469509437386,0.2396948657716051,0.0,0.1664794029080925,0.17037021715645068,0.0,0.7759560438209901,0.7736433060279965,0.9024103098185465,0.5100353020065981,0.5931535923552268,46
flat_saddle,velocity_manifold_fitter,ok,,0.5493145432442205,0.5221852026916739,0.3393992830817645,0.32222696480295654,0.44985695678194565,0.26001057975335806,0.24426396666771885,0.42220495523476775,0.7399894202407092,0.755736033326206,0.5777950447569696,3.816650974101411,3.1483415161221187,1.3339115966769028,3.262478961859741,3.1130332924042285,2.3650532717603223,4.4389053289951566,0.9450621984392883,0.9786348933296105,0.9052944317375076,0.0,0.7804373446701277,0.815420293990473,0.5684173286299973,0.0,0.4129675922597624,0.48562794589678343,0.0,0.8113945984446614,0.7960961819946142,1.0851228636719212,0.5333290363026238,0.713250411404556,46
s_curve,raw_noisy,ok,,1.185973262055959,1.165077237333702,1.0988175851214232,1.06941735114387,1.3623095173125679,0.6397911405920763,0.6430764719711282,0.6761502714173333,0.3602088594071534,0.3569235280280717,0.3238497285819395,1.2401132424068573,1.203515301036207,1.0760032733993241,8.659279240024828,8.759347004172358,7.814736373571259,9.327847431621784,0.4890119056181774,0.5093878353699739,0.24989211391628097,0.0,0.46876692313038376,0.4693703830724054,0.28006803478049497,0.0,0.09905984609701811,0.11493346336204766,0.0,0.0,0.0,0.0,0.0,0.0,46
s_curve,pca_rank_d,ok,,0.5515068616705896,0.522517202414626,0.33950703275433003,0.3085766773836761,0.527452274280465,5.74642146507494e-17,3.3676136687612907e-17,1.2595351561402582e-16,0.9999999999936383,0.9999999999936747,0.999999999991932,61252688076.09192,57391288758.17818,40681426446.45438,1.8465593224983463,1.9013819884007446,1.6182358539661446,1.9856515072643484,1.0,1.0,0.9999999999999996,0.0,0.970763456516569,0.9966529073642025,0.9426147789814965,0.0,0.390059196460692,0.41332286078469954,0.0,1.1030649101386738,1.0557603941051523,1.407453599732438,0.6703367730508516,0.8553149461937263,46
s_curve,pca_rank_2d,ok,,0.6977062144254895,0.6586329075717524,0.5351669165691846,0.4871242870622701,0.8045600596025542,0.3045905572716894,0.3037991072042152,0.3568135179268189,0.6954094427257173,0.6962008927922996,0.6431864820707291,1.5237812382860576,1.4805291931981164,1.1542346072811922,3.285727314577443,3.350660258633206,2.9795606372194237,3.6058427600883447,0.761482798757166,0.8048553026483838,0.49531051750889565,0.0,0.8109462815093835,0.8296173639176537,0.5969952995057446,0.0,0.24584682789492565,0.2876511889020145,0.0,0.9539760319494233,0.9456489131822259,1.221268183342515,0.5797348904376247,0.7421693551547912,46
s_curve,pca_rank_5d,ok,,1.0412165186622364,1.0138891073442957,0.9369038750253169,0.8860885203569908,1.2353648755726572,0.559697031348901,0.5642584272367951,0.6040728267178147,0.44030296865005464,0.4357415727620785,0.3959271732811032,1.2977651118775928,1.262147400106917,1.0839271267125947,6.517441554660271,6.596817231986534,5.890791342721383,7.12528732356216,0.557317064036943,0.5743056567840575,0.3095822129054882,0.0,0.5643369001029142,0.5773449108979968,0.3414700415102239,0.0,0.12002831708282097,0.13182300050479434,0.0,0.5464104135589055,0.5221351468024709,0.7867490763872758,0.33205570227087594,0.4781104286962432,46
s_curve,pca_90pct,ok,,1.1117848651643019,1.0880203456167719,1.016142053648018,0.9750350880747065,1.295147219381636,0.5983597121570274,0.6015666064247427,0.6340858897599514,0.4016402878420752,0.3984333935744221,0.365914110239188,1.2821917974808625,1.2360663342610425,1.1097010748660434,7.445923777048098,7.49183296926586,6.828137921214121,7.964141203964249,0.5160585030138869,0.5489461226105621,0.2732791239720582,0.0,0.5080785093563598,0.5102181701594162,0.3136648456031508,0.0,0.10840995545114301,0.11290311406582973,0.0,0.3844150205803048,0.371883494326956,0.6139393237868044,0.23361048115988256,0.37309327980030665,46
s_curve,pca_95pct,ok,,1.1440382070604138,1.1207362487150456,1.0523233012102733,1.0247612038180864,1.3394130809869174,0.6142512283048551,0.6159373294317261,0.653663051592366,0.38574877169430055,0.38406267056750476,0.34633694840682505,1.276782072734269,1.2493712043816578,1.094600414564524,7.893130504731796,7.94588609395189,7.135684994546515,8.554309556208828,0.4924220557553477,0.48669867165243974,0.2619554043009971,0.0,0.4932846122840887,0.49854375644214977,0.30309034289770265,0.0,0.09792928849130114,0.1028932959499049,0.0,0.28036149495240953,0.2482185786082493,0.49167880157807736,0.1703767548824339,0.29879509192792947,46
s_curve,position_only_manfit,ok,,0.6623665055018345,0.6419560315998569,0.5285959149219609,0.4998205460522395,0.7203731014819726,0.4376190455583812,0.4391516035451587,0.508321721139174,0.5623809544376915,0.560848396451133,0.4916782788567211,1.542318823258,1.4625021854793585,1.1488921353428836,4.841153081837347,4.754059045317522,4.0457859929928786,5.734777349402903,0.5164503030463988,0.5389444251417835,0.227581594817567,0.0,0.5119477618866564,0.5125229943420968,0.32007506232064825,0.0,0.13003136185202402,0.15597757269000576,0.0,0.7898080661646402,0.7715190407118099,0.9381118193997551,0.4799693885065922,0.5700941476764391,46
s_curve,velocity_manifold_fitter,ok,,0.5534051529019276,0.5326456806150581,0.4050544644177306,0.3987066950348378,0.5347806852759743,0.3410504848286909,0.33341968966285246,0.42707118845516157,0.6589495151656217,0.6665803103313455,0.5729288115377994,1.9889071785553243,1.821310158916518,1.2802913432202052,3.850571472361198,3.760704022544373,3.133533644122984,4.562597105187744,0.9297257933412453,0.9668427622791973,0.8260268489533881,0.0,0.7708085889452068,0.8166900561489636,0.5756247352250417,0.0,0.2442200649928813,0.319424025228929,0.0,0.8924023643692524,0.8695279829890359,1.1231665881335697,0.5423163366868681,0.6825526398018951,46
swiss_roll,raw_noisy,ok,,1.178785900321197,1.1583523492339358,1.0942167118802457,1.073842347018919,1.3892546598235027,0.6281429406754045,0.6307139188586752,0.6628654025474121,0.3718570593237592,0.3692860811404426,0.3371345974518399,1.2708650658471352,1.2537193933033128,1.0693487869480802,8.368005329935555,8.369839021361443,7.766186555957078,9.005783872946383,0.5335618137902302,0.5512638517976066,0.25463557884805194,0.0,0.4274559038842145,0.4693061151593066,0.19053939268385164,0.0,0.21742253463355116,0.2217802684799256,0.0,0.0,0.0,0.0,0.0,0.0,46
swiss_roll,pca_rank_d,ok,,0.4844385014909745,0.4500809860068441,0.2824799116465766,0.26359401204328214,0.4448836171651268,7.068584746552384e-17,3.8760112299903384e-17,1.716890975165736e-16,0.9999999999923211,0.9999999999922412,0.9999999999902033,45137628160.20107,44005970392.9722,29564672102.750126,1.7765907741548455,1.7773004271225394,1.5916662990373855,1.971708521110178,1.0,1.0,0.9999999999999994,0.0,0.9605478845093753,0.9935968086218389,0.9061045512361138,0.0,0.6264304356106629,0.6691191862441107,0.0,1.0649329269135452,1.0869008224616596,1.3582919385602341,0.6675418447731917,0.851430811736619,46
swiss_roll,pca_rank_2d,ok,,0.7104922712730192,0.6786805683610029,0.5734871872305302,0.5208753946605101,0.8686026244124608,0.30448572276303815,0.3021155339609802,0.35729453152405877,0.6955142772343557,0.6978844660360942,0.642705468473449,1.5364192511054833,1.50580460619262,1.1937361960038717,3.2997562371398987,3.318709855870475,2.961597765978969,3.585728254933692,0.8020719910968003,0.852399405283546,0.5650765842980228,0.0,0.796227828124437,0.8325371721856102,0.5486080212559644,0.0,0.47701860728058576,0.499616293630346,0.0,0.9224244085241005,0.9293783144937265,1.1986971043301304,0.5782119002692715,0.751390492420918,46
swiss_roll,pca_rank_5d,ok,,1.0548890275444123,1.0306335588768634,0.9604420373452982,0.9584303460215717,1.2493472052493215,0.5656632123583497,0.567615877552125,0.6045330343249128,0.43433678764058475,0.43238412244679925,0.3954669656738475,1.2993167061795319,1.2793937485925062,1.1276315454053984,6.62844230683801,6.61846504230358,6.007109797017181,7.251899478874821,0.6041241223756314,0.6366085844109686,0.392342074028848,0.0,0.5248764380748343,0.532678729244141,0.29067925195201616,0.0,0.2766269157845928,0.2865406768864994,0.0,0.5008505837383785,0.5069624508769359,0.7047919332524867,0.3139528454561438,0.4417913047990713,46
swiss_roll,pca_90pct,ok,,1.1119701045101038,1.0905386856202848,1.023989257763755,1.0102608458713032,1.3215632699152295,0.5967793857731498,0.6003651348901997,0.6364347385386037,0.4032206142259096,0.399634865108914,0.36356526146056367,1.294972550391354,1.256309503886981,1.1089167694823243,7.4351128555659916,7.442833811029887,6.774228798283688,8.02689795250263,0.5683989754423303,0.5727131827652167,0.3622673776993151,0.0,0.48366752599655605,0.503148420597097,0.2071635966035082,0.0,0.2438515121843307,0.24519038541912827,0.0,0.36265400169946055,0.3585369525457605,0.5660501711921053,0.2273257922547938,0.3548225113171236,46
swiss_roll,pca_95pct,ok,,1.1595813717544419,1.1389517719066116,1.074012782623471,1.0634646041389604,1.3737796454279705,0.6184150937485863,0.6213989109432336,0.65230554389197,0.38158490625054714,0.37860108905581985,0.34769445610725913,1.2682596618188124,1.226163300135127,1.073076092020262,8.049492648580882,8.046467115287843,7.426918134061994,8.626923997807488,0.5467426692417052,0.5797658704085373,0.3562485430266998,0.0,0.4440026696741084,0.4831282987473663,0.2084422705649088,0.0,0.2265752468368109,0.2351104220171485,0.0,0.162245539860348,0.12427252994798835,0.35788709268917,0.1017018858628941,0.2243377061939957,46
swiss_roll,position_only_manfit,ok,,0.6500261924899358,0.6183692826639923,0.5040621575542256,0.4729211824089412,0.7635661930899201,0.40034535824288825,0.3948603584052554,0.47846471689630987,0.5996546417517229,0.6051396415877026,0.5215352831005691,1.6420448463948882,1.5617315681110802,1.2011369976889847,4.370571339112851,4.274786245060197,3.5804698767677765,5.1448826542605035,0.5596585915237685,0.5608185503625241,0.35468634337801636,0.0,0.4837038366745355,0.4795820321681618,0.2878699282640416,0.0,0.25753233131304704,0.28698880462295956,0.0,0.7816434703388838,0.7741793028336392,0.9026645125548324,0.4899648709869386,0.5658256202750176,46
swiss_roll,velocity_manifold_fitter,ok,,0.5668072790131967,0.5443014169576799,0.42575972770118325,0.40761154727457416,0.5684167097047123,0.3600677080524358,0.34485003352134813,0.4835996143109168,0.6399322919416945,0.6551499664731569,0.5164003856824062,1.8457093976622911,1.6345644404184259,1.1992125296423084,4.002220044142414,3.83224869921198,3.0990368603201253,5.461700188903119,0.9046302010957838,0.9492516138689687,0.7160788467261116,0.0,0.7614575263393328,0.8123834017166324,0.4886345746418606,0.0,0.5183276988505916,0.5579738491218457,0.0,0.8516730843682757,0.846771095033683,1.1044766997000315,0.5338621874812477,0.6923294369004149,46
half_sphere_rotation,raw_noisy,ok,,1.1570336874174338,1.1382950764846087,1.0743894189105767,1.065608987470239,1.3653945835321397,0.6086592854970028,0.6107821057576869,0.6489176675939731,0.39134071450224006,0.3892178942416066,0.3510823324052607,1.308880708285262,1.2561725827378316,1.070737023184398,7.9579922848994995,7.95234136287233,7.110289672170356,8.815700206179638,0.5695968368807438,0.6040833027420903,0.3269545007930848,0.0,0.46364475168712366,0.47017916951541894,0.25629753344951456,0.0,0.23024806183347818,0.24365477624646278,0.0,0.0,0.0,0.0,0.0,0.0,46
half_sphere_rotation,pca_rank_d,ok,,0.5470933240337804,0.518334123172415,0.34315475489685565,0.29349894786853997,0.4925466806565549,5.3946801302679906e-17,3.88323030636731e-17,1.0730865326973849e-16,0.9999999999951598,0.9999999999950504,0.9999999999938305,75831689388.57484,72438075037.50435,53295895543.992744,1.8171519634760913,1.879093163368798,1.5675219255933779,1.9764842523146224,1.0,1.0,0.9999999999999996,0.0,0.9539716771064157,0.9957735445210527,0.9241276966254097,0.0,0.6008608161745068,0.6865675894416606,0.0,1.061080867444563,1.043159686802285,1.3194206883217354,0.6379286792178233,0.7932442501398047,46
half_sphere_rotation,pca_rank_2d,ok,,0.7283427525191959,0.6882882235978751,0.5697868591015577,0.5366592453721128,0.8549712337898467,0.27975206862121355,0.27949586900242684,0.3393599871612412,0.7202479313765262,0.7205041309956106,0.6606400128362301,1.6206455075686041,1.5089395066172182,1.217343583962385,3.147665966030887,3.1503040619084004,2.8446896785145133,3.4950603509363924,0.8178723031079975,0.8864526300693323,0.5501306773871427,0.0,0.7869071787302027,0.8542696484650247,0.5479152751597721,0.0,0.4726941764618566,0.5047718478799543,0.0,0.9151467851306918,0.8900508574360194,1.200888285701566,0.5501921652162485,0.7219818031690034,46
half_sphere_rotation,pca_rank_5d,ok,,1.0293281370371372,1.0043455958980008,0.9318359838470284,0.9082404890573768,1.2097473374448953,0.5397359380390429,0.5410421082255609,0.5804541301148577,0.46026406195997643,0.4589578917734084,0.4195458698840712,1.3522795592293002,1.3151706565320653,1.1471159981560097,6.2710550027654675,6.263157966598999,5.651073976595537,6.833917931720391,0.6398198777544157,0.683410777507472,0.38053104985290576,0.0,0.5416081502685017,0.5637601346120473,0.31462538362226106,0.0,0.2933169232150824,0.3149586823775042,0.0,0.5070687579034925,0.48969656961686325,0.7580340974108439,0.30485301632196027,0.4557350013557181,46
half_sphere_rotation,pca_90pct,ok,,1.0872199018048918,1.0655221471755039,0.9971656779255985,0.9866543721429856,1.2959661401245306,0.5783303059275124,0.5789554611536247,0.6249294754356056,0.4216696940716268,0.4210445388455114,0.37507052456347784,1.3306667244469126,1.293228559063845,1.1064639265671488,7.103606249991687,7.123424999520777,6.382300533320325,7.899517556660912,0.6194708980323356,0.6355811004830463,0.38253135170767383,0.0,0.5016505496513407,0.5194067044016977,0.3083106912744702,0.0,0.26545917550771964,0.2844865205911773,0.0,0.3658499038161522,0.3508625197128866,0.5719184916131126,0.21995132802222453,0.3438410955930879,46
half_sphere_rotation,pca_95pct,ok,,1.1150348059364643,1.0958940835977762,1.029155580289532,1.0246840475531185,1.309713991949154,0.5891755310611714,0.5876347032339676,0.6338397098437158,0.4108244689380181,0.4123652967652449,0.3661602901554338,1.3247215144104802,1.2935859079646583,1.1154519213506322,7.415085136562443,7.406083306552038,6.581863033192266,8.258535500872066,0.5967027928489712,0.6298253788116607,0.3544817165670802,0.0,0.4883887879133319,0.5029558927444756,0.2946406474277706,0.0,0.2527418156841635,0.2731214689971506,0.0,0.27652980974659225,0.24768648217273376,0.4797924550834371,0.16625150985979495,0.2884543266783998,46
half_sphere_rotation,position_only_manfit,ok,,0.6640800295868317,0.640447139855464,0.5196033521462948,0.5013320719855735,0.7373511132953535,0.38001495843970107,0.38717426732060756,0.4500270970882614,0.6199850415568734,0.6128257326766778,0.5499729029070698,1.7555884346356136,1.6315947978041165,1.280678355517,4.189838987812754,4.234867646390065,3.2990302747124525,5.031573138043791,0.568304888537815,0.5945907092065863,0.3534836830101132,0.0,0.5002180356652313,0.5123579168055399,0.3042930202708621,0.0,0.2574297564772257,0.2815027376815017,0.0,0.762190977064351,0.7535116117860482,0.8844525952612043,0.4582341442847727,0.5317386197760597,46
half_sphere_rotation,velocity_manifold_fitter,ok,,0.5491710771827787,0.5298208156748407,0.4020940460796028,0.3768451529626935,0.5665323761844486,0.22595109879416697,0.22596320994558627,0.29067796142522756,0.7740489012010096,0.7740367900489848,0.7093220385686276,3.661930413045865,3.7648935354978006,1.8153726455714405,2.9575929731572974,2.9659720855539056,2.352040127068281,3.3853551555616113,0.9693154868176521,0.9815755922361449,0.9457637372169173,0.0,0.8252084936447015,0.8541879265844781,0.6728852878781535,0.0,0.5452773522998524,0.6187883510780686,0.0,0.8704583308066794,0.855268015297368,1.0954747635395332,0.5233251774890453,0.6586065119657271,46
potential_saddle_surface_saddle,raw_noisy,ok,,1.1518807485558191,1.1373176426583944,1.0640179395266431,1.05653548232363,1.3249794413081515,0.5870311031576797,0.5875199321665079,0.6197229939407928,0.41296889684164256,0.41248006783280616,0.3802770060584567,1.3761724380231704,1.343656002719817,1.1321994580896766,7.572081379852074,7.595933912039006,6.770056314077973,8.351450370826901,0.7672334987792783,0.7947508523417177,0.6009712693986076,0.0,0.5651331114827084,0.6108223163591595,0.30916452544498046,0.0,0.7477050064803539,0.8071515504627309,0.0,0.0,0.0,0.0,0.0,0.0,46
potential_saddle_surface_saddle,pca_rank_d,ok,,0.5633093386318865,0.5339950986392895,0.34384195788677213,0.3213381202123394,0.5858299781512584,5.3610370890468906e-17,2.48410763779575e-17,1.472746826351618e-16,0.9999999999964673,0.9999999999964904,0.9999999999955376,104714294988.04262,101157324463.44879,79948083175.89418,1.8395322148684936,1.8689793288328933,1.6794450394670797,1.9642406697331691,1.0,1.0,0.9999999999999996,0.0,0.9237707361032963,0.9951380227168745,0.733759694914279,0.0,0.7090177762207318,0.7891164032964266,0.0,1.0900384435581807,1.061409254194499,1.4127400377750603,0.6152315066347512,0.7973683745376952,46
potential_saddle_surface_saddle,pca_rank_2d,ok,,0.6858545519600587,0.652620755995193,0.5246491628774923,0.5008127450214296,0.8118550769114891,0.25620198566571534,0.2579012739943605,0.308318940192476,0.7437980143325729,0.7420987260038728,0.6916810598059909,1.795596850500174,1.6971966287328184,1.2705466877236276,2.9971558095310096,3.0536937945309868,2.6225846441127523,3.340002852295926,0.8730286734119806,0.9164416852162447,0.7327185111194916,0.0,0.7920667029783973,0.8793943566194127,0.5214324208956116,0.0,0.7727497696660712,0.8460394977887958,0.0,0.9082596588631743,0.8946848604281459,1.163059805103057,0.512633257698613,0.6564456881576777,46
potential_saddle_surface_saddle,pca_rank_5d,ok,,1.0237977190197636,1.00410979069036,0.921376200155121,0.9268964248487845,1.1772880976552982,0.5157714616274603,0.5151257502108415,0.5646083224752741,0.484228538371702,0.48487424978831456,0.4353916775238492,1.4475461629698267,1.389924043814117,1.132849037411511,5.94600146915464,5.958049276737567,5.301348406059657,6.631032059936548,0.7630887637349407,0.7951475225723236,0.5635058707929943,0.0,0.6094668741274399,0.6536759562738318,0.32901087832263404,0.0,0.7494191294143249,0.8026317140340076,0.0,0.4984773224599438,0.4968977931039742,0.7277364974311172,0.281346915728224,0.41074369843887587,46
potential_saddle_surface_saddle,pca_90pct,ok,,1.05657094377045,1.0396047420896637,0.9600692661085853,0.9573314253569339,1.2259948874785371,0.535694137992533,0.5337936970877533,0.5822666055754642,0.4643058620066789,0.46620630291148046,0.41773339442381113,1.4289766191414799,1.400697294059241,1.1190744631580491,6.3379583624027385,6.329911078928843,5.58447865752193,7.04605694981537,0.7620698280256902,0.7945481470936461,0.5436368213040972,0.0,0.5935948661433689,0.6285659828682744,0.3476789495652441,0.0,0.7559524654940086,0.8236814629267882,0.0,0.42801217936456104,0.4340376644841859,0.6325699680316631,0.24157549628150085,0.3570305036340163,46
potential_saddle_surface_saddle,pca_95pct,ok,,1.112113535656946,1.0969474098833913,1.0211329623793974,1.01437325141905,1.2958995379903286,0.5656997708156342,0.5676028595638137,0.6018606338763102,0.4343002291836418,0.4323971404354365,0.39813936612303125,1.396490684030831,1.3698772382963045,1.1382217282230487,7.014615668623419,7.025623712586691,6.255279189631399,7.7589255609664844,0.7681869243710762,0.8041143694264072,0.6023861602830491,0.0,0.5772886065515128,0.6241225552950669,0.3054750925737118,0.0,0.7484852807236684,0.8024046632214769,0.0,0.26280972207888653,0.253425885416649,0.46651555548490053,0.14833313653145802,0.2633072895416682,46
potential_saddle_surface_saddle,position_only_manfit,ok,,0.6577859359316179,0.640361145833541,0.5203853383859884,0.5109729447027429,0.6891532195988085,0.3365941674090055,0.3300167479686329,0.4079449666711952,0.6634058325887627,0.6699832520290622,0.5920550333265553,2.0983283523393674,1.9571666453406578,1.318419519416549,3.779552584670097,3.6642024796257306,3.135742314043934,4.601545282448611,0.8227413943633317,0.8524677168774563,0.6712392115769417,0.0,0.679277321859263,0.7193979073230929,0.5132646256135321,0.0,0.7994330959990589,0.8540586388095848,0.0,0.7708844327893244,0.7518556978960517,0.9529558176735763,0.43509693977223235,0.5378603359619697,46
potential_saddle_surface_saddle,velocity_manifold_fitter,ok,,0.5123126237514931,0.4928707877156531,0.34071973014304757,0.3267563054105662,0.4386807309863706,0.13346033345074143,0.12551138480732182,0.1879658904171432,0.8665396665459295,0.8744886151890745,0.8120341095793621,7.50532820998489,6.367510070433301,3.739327480303348,2.4402327715362,2.4566690402442557,2.0861551805028067,2.80496499089593,0.9863917048492783,0.990602434789496,0.9730667929402885,0.0,0.8489900981924297,0.8991975354379798,0.7490237414834049,0.0,0.7434438059220472,0.8190236497929839,0.0,0.8811111238920284,0.8706796671472018,1.1423878565269605,0.4973102806312149,0.6447781784999148,46
flat_rotation,raw_noisy,ok,,1.0926334851485981,1.068499653549406,1.001205961442917,0.9975251055821024,1.260462511483734,0.6171885073356305,0.6205323746861285,0.6481586814413428,0.38281149266342424,0.3794676253129461,0.35184131855770695,1.2488995292042673,1.2311937283787446,1.0918812405563163,8.000709880657356,8.059752076079075,7.305676412035537,8.572017232939533,0.4502827910634334,0.44756394217087236,0.22929617665665514,0.0,0.42754076300963567,0.4329798279548868,0.21121524776807807,0.0,0.11382321198502425,0.12059342831421274,0.0,0.0,0.0,0.0,0.0,0.0,47
flat_rotation,pca_rank_d,ok,,0.4555409051042074,0.4156357032992109,0.22253662757279855,0.19030160186126666,0.37648721171662025,9.741887222082991e-17,8.31960585592594e-17,1.8276431158044459e-16,0.9999999999930433,0.9999999999932978,0.9999999999896956,55458178675.68397,53871152061.20741,35969410383.33145,1.8404505164325196,1.8876783979021583,1.6890968669592643,1.9774145822215976,1.0,1.0000000000000002,0.9999999999999996,0.0,0.9535607073469798,0.9930012052315492,0.8632345233536607,0.0,0.4336768527230418,0.504114974719877,0.0,0.9736999350239607,0.9868888418722699,1.214470812682266,0.6475462876986124,0.8076677814006079,47
flat_rotation,pca_rank_2d,ok,,0.6736720402628585,0.6286758474766103,0.5067275470878967,0.4921515213288267,0.7732939621488799,0.3019654922237771,0.3030828908870037,0.3605467024353377,0.6980345077734941,0.6969171091103201,0.6394532975617553,1.5074272710040808,1.4290860032833113,1.154060457781076,3.2587606005526464,3.2866594208714464,2.8747125812923917,3.608259916224687,0.7930190821811334,0.8223409210735109,0.524214291591168,0.0,0.7948807763767397,0.8501704683778942,0.5546338563682918,0.0,0.30947576196717047,0.3500954662386634,0.0,0.8452394322169118,0.8588546371348743,1.0419353687153237,0.5621153261503253,0.6929253620797354,47
flat_rotation,pca_rank_5d,ok,,0.9865954571668846,0.9570366869201435,0.880779485077977,0.8762132052621818,1.1633846916883186,0.5548208246247398,0.5567933381186865,0.5893634498698049,0.4451791753740713,0.44320666188001656,0.4106365501288631,1.2824868619129923,1.2531434494514633,1.088571263553345,6.423348276006209,6.478585969157017,5.816752728438133,6.91776774417686,0.4974371500559778,0.5059935514512899,0.25027809822418323,0.0,0.5050062194885542,0.5137800926911583,0.27880380424386975,0.0,0.14916331223872442,0.16453037592088804,0.0,0.44536646925135237,0.4352386876317911,0.6626194439671952,0.29618509096650464,0.4406663137831239,47
flat_rotation,pca_90pct,ok,,1.0164994749362173,0.9885752281498228,0.9149811776867034,0.9263282420821406,1.1887116093528929,0.5760995396343528,0.5798369130289176,0.6055999952677754,0.42390046036453344,0.4201630869698869,0.39440000473121656,1.2696889024988578,1.2335693229951217,1.0984893032791494,6.8940205206820355,6.987290707533049,6.334952200182317,7.385246577845299,0.4999964303036223,0.4975260969497419,0.25862406650266323,0.0,0.4945588103633832,0.5147158393497038,0.25887208436756126,0.0,0.13898374958132945,0.15521929012750413,0.0,0.37153294812606874,0.3601113241668723,0.5827569024017725,0.2470830824393931,0.387554784803107,47
flat_rotation,pca_95pct,ok,,1.0694797598830317,1.0442755499024228,0.9756385084439555,0.9737028737555855,1.242709847204911,0.6035190799152311,0.6037158173769664,0.6389430023086164,0.39648092008377617,0.39628418262201337,0.3610569976903198,1.2640120292771087,1.237882934366164,1.084472739158045,7.625198756473233,7.627953417654053,6.999822299824918,8.171389683712754,0.4503570340712608,0.42824242969239423,0.2381752250290414,0.0,0.4436122555173515,0.4521409264226066,0.241489924594311,0.0,0.11595606209512296,0.11597511252273147,0.0,0.17826580764233435,0.13965745300511584,0.4002758022102146,0.11855332203503528,0.26619813810548343,47
flat_rotation,position_only_manfit,ok,,0.5299207374549091,0.5038096851571532,0.3633338323168143,0.3478561590349844,0.5414297241836922,0.35874760654138027,0.3525850745957696,0.42787474813704374,0.6412523934515326,0.6474149253972198,0.5721252518541255,1.9721725047737133,1.8673337899020455,1.338304253518407,4.009656002343186,3.9920018557040375,3.343072973074552,4.842312321834877,0.507430480522689,0.5172276657410311,0.30377678012513304,0.0,0.4619943819917451,0.4665030500464974,0.24462482838008848,0.0,0.14093858391675287,0.1457112022316875,0.0,0.7839836012398448,0.7921040317364272,0.8981736464323716,0.5213779444146294,0.597318526514738,47
flat_rotation,velocity_manifold_fitter,ok,,0.5060847833248824,0.4838189336594025,0.3412201340657249,0.3392963087128175,0.455924502128996,0.3025575184675891,0.2964727139815298,0.39259959387294724,0.6974424815264567,0.7035272860120958,0.6074004061210673,2.0343305281893884,1.865561657978867,1.221917391262014,3.4147059245285956,3.3595630261098073,2.617321265266156,4.227169301513504,0.9204580323059248,0.9716354183384035,0.8234809107637406,0.0,0.7950428913981789,0.8286619154042154,0.5901751019819431,0.0,0.39463469558030784,0.4598941655494989,0.0,0.7972967354320311,0.797442910072304,1.0221307865235634,0.5302316685586815,0.6797545861390132,47
flat_spiral,raw_noisy,ok,,1.1252366621113168,1.104319296875394,1.0442590800504628,1.0453538166797207,1.2839742751266063,0.6149451644018121,0.6180231472262769,0.6449421333238543,0.3850548355973335,0.3819768527728816,0.3550578666752563,1.2759755477808497,1.2316764533719842,1.0897161648665978,7.986442590433439,8.026596247272693,7.419299399986877,8.5738308937119,0.48460852944855065,0.4888461935933029,0.24622404698383524,0.0,0.37209715773728325,0.3615835846929315,0.10058595996046067,0.0,0.20608558576359565,0.21840945730274075,0.0,0.0,0.0,0.0,0.0,0.0,47
flat_spiral,pca_rank_d,ok,,0.4638218513435643,0.42068120233433637,0.25352886604635105,0.21913948586900728,0.38084240170660516,1.1080950483131262e-16,8.9500796061708e-17,2.2261319785633044e-16,0.9999999999936361,0.9999999999938206,0.9999999999910879,60797119314.585976,55129907702.637146,40659065050.128136,1.838161272281248,1.8862087995068209,1.5772574264631265,1.9852749196711534,1.0,1.0,0.9999999999999994,0.0,0.9057561190880915,0.9889815164335836,0.7197050171869789,0.0,0.554213753788623,0.6066673606539879,0.0,1.0109264361846524,0.9962831481274985,1.257991117704175,0.6587465374968334,0.8197404512607183,47
flat_spiral,pca_rank_2d,ok,,0.7029605101878315,0.6659449755610258,0.5616448251528543,0.5457188756464921,0.797111925100565,0.30920953871309204,0.31063423713359944,0.3683123749896593,0.6907904612845239,0.6893657628640575,0.6316876250079274,1.5114471080456586,1.4438985056504974,1.1255435966656295,3.330100863828105,3.327932207658807,3.0254477681034198,3.6284469299211546,0.753055277243608,0.81462231965981,0.46733657328725464,0.0,0.716573480991909,0.7742401677150782,0.4150144000538028,0.0,0.4101937695893113,0.458715474028929,0.0,0.8637505040473097,0.852377396472894,1.0774274162023723,0.562842787997266,0.7020803437549353,47
flat_spiral,pca_rank_5d,ok,,1.0249047357674947,1.000898720282458,0.9343793993891958,0.9318030517822888,1.198785206553894,0.5561118466158734,0.5528064707772345,0.6036683260766833,0.44388815338309345,0.4471935292217194,0.3963316739222385,1.3381308179786953,1.301089417246787,1.1383109238517883,6.522957534661521,6.535156581945951,5.925048778578343,7.167320871835452,0.5494684492841448,0.5457861984800789,0.2738370060746588,0.0,0.4528513380684078,0.45624416488073005,0.21691795384541465,0.0,0.2513780846470097,0.2750753335727856,0.0,0.43597385886622475,0.4180521416868521,0.6439964703300102,0.28409215516330644,0.4196452182922121,47
flat_spiral,pca_90pct,ok,,1.0574344484746987,1.0341897833791616,0.9695313474217033,0.9594366783983619,1.2163246144694557,0.5752228835705921,0.5754786054642068,0.6132254244288265,0.4247771164284296,0.42452139453483545,0.3867745755701298,1.3246023705590457,1.3006024977761534,1.1109442017127946,6.939341249993557,6.923592159774833,6.409545230847245,7.519930923283429,0.5196811642727257,0.5347383324493382,0.25512988254680286,0.0,0.4144796781662739,0.4285849289193958,0.15958627575633375,0.0,0.23863224022845386,0.24896169306523552,0.0,0.3570994171309277,0.3475652009727787,0.5256334848898224,0.2326954723480673,0.34251675074438165,47
flat_spiral,pca_95pct,ok,,1.0848444827210515,1.062360195795256,0.9997899505554365,0.9869962584553578,1.25245840270466,0.591436514306516,0.5915318195459545,0.6278937714492765,0.40856348569255635,0.40846818045313277,0.3721062285497293,1.315009636365924,1.284016454989933,1.1280651439550307,7.351409676606019,7.330552527646308,6.8092232929320025,7.987371462880242,0.5097492955150886,0.5234641130620321,0.24400635739724602,0.0,0.399481903579523,0.42606375250081474,0.10394450589103962,0.0,0.2261021751463358,0.23701901129615555,0.0,0.2662567948613014,0.26159574707035355,0.4545205748335338,0.17350000496757192,0.29617768828232605,47
flat_spiral,position_only_manfit,ok,,0.5770887828530373,0.5519383882440567,0.43030327658379847,0.3972488767607099,0.6441371713501722,0.3881645933066674,0.38779672960837386,0.4468389538606274,0.6118354066882681,0.6122032703861598,0.553161046133495,1.720875317495563,1.6018980138963608,1.2507821385880324,4.254946002347462,4.19576392201053,3.5333865457490865,4.8743610443079115,0.5322617056511482,0.5564240066094109,0.2783667862198322,0.0,0.40620806448003005,0.45803039629055875,0.10423869244959748,0.0,0.23289728056591041,0.26277346848951466,0.0,0.7667875639821127,0.7670219292556439,0.8726678571128885,0.49965915885553625,0.5686535722891052,47
flat_spiral,velocity_manifold_fitter,ok,,0.502023243939646,0.48340715377052795,0.34709600785792866,0.3376613969191693,0.4456004726809326,0.3287031866127619,0.32688252686185115,0.4381995320675755,0.6712968133812479,0.6731174731328571,0.5618004679251234,2.175694183003117,2.039128114062877,1.2644771682005331,3.7425334229716793,3.6788414277783805,2.740323859690135,4.8009036769647135,0.9246930322612827,0.9636428362935197,0.8368138345084999,0.0,0.7071822846895088,0.792140487507289,0.40351028483326434,0.0,0.469027017735466,0.5471070702055062,0.0,0.8243270755409899,0.8056923377292966,1.0176330385248122,0.5371534340589063,0.6631167378514926,47
flat_saddle,raw_noisy,ok,,1.1117479882605632,1.0932209213347326,1.0294581913207521,1.0105314234128593,1.3224524244130296,0.6022491562145288,0.599712266685148,0.6474142061559948,0.3977508437846075,0.40028773331399836,0.3525857938430879,1.3114159833729782,1.29890909523361,1.087336103193212,7.766909625563615,7.762941090693776,6.860557270280609,8.563867158569616,0.4875558238395095,0.5160460130470308,0.20458503921603327,0.0,0.452558384524611,0.4649140157447608,0.19430982243933753,0.0,0.20465699322770728,0.2029284926929013,0.0,0.0,0.0,0.0,0.0,0.0,47
flat_saddle,pca_rank_d,ok,,0.46419175072658553,0.4326701077972937,0.2528373662162967,0.21302715441699233,0.38793323077616876,1.0538701990955089e-16,8.877618197892992e-17,1.9905764651702784e-16,0.9999999999945662,0.999999999994816,0.9999999999922254,73946113205.35927,73279461098.2384,45392474784.12641,1.8536397062512289,1.8828652653558335,1.6725250255429134,1.9738105640362829,1.0,0.9999999999999999,0.9999999999999996,0.0,0.9478895050616667,0.9947268052290839,0.9118542445102319,0.0,0.5437340611507042,0.6367781686415646,0.0,0.9932899327110497,0.9810955854224915,1.2698426218145218,0.6238350321908986,0.7975237508900456,47
flat_saddle,pca_rank_2d,ok,,0.6957955218571875,0.6634357344321775,0.5463065679095493,0.5061174292604355,0.8155212340361953,0.3123681306818516,0.31216994392455555,0.37077245597813163,0.6876318693158366,0.6878300560729338,0.6292275440192315,1.4932718416543225,1.401346922867642,1.1374608594935056,3.3264721276482674,3.3424326513246303,2.946575348816337,3.6582228172826485,0.7676418599654654,0.8306158772542563,0.47918222184373704,0.0,0.7793819566351886,0.8520764734821944,0.5209960833598216,0.0,0.4112766921093075,0.44525756152716434,0.0,0.8509077586387744,0.8481023768884222,1.069132661231475,0.5344120095459819,0.6714680036223616,47
flat_saddle,pca_rank_5d,ok,,1.0098101025326944,0.988688250630912,0.9155251608837834,0.9096001007487687,1.1922327800424168,0.5467136755687901,0.5492884630942858,0.5995248210545837,0.4532863244301545,0.4507115369046456,0.4004751789443626,1.345807855552737,1.3076146219787055,1.105669394186224,6.361475821971502,6.38207934474786,5.564078379878265,7.062085254994735,0.547352707001384,0.5729106599017111,0.26556573761544505,0.0,0.5117022485144119,0.5367815860310607,0.2496390394459376,0.0,0.25370201291099514,0.26230390084457184,0.0,0.441538432965692,0.44190738930040196,0.6450051378322489,0.277307897192591,0.4050950157368889,47
flat_saddle,pca_90pct,ok,,1.0411567415393475,1.0202846158950225,0.9488958591269806,0.9429369278308459,1.2464282388347194,0.5591302994881234,0.5606277222097422,0.6075515156119411,0.44086970051088253,0.43937227778924165,0.39244848438695257,1.3611549388235678,1.3123446519504247,1.1042558469792614,6.68708970107143,6.672305759782013,5.902502321854813,7.375059072442364,0.5256779790810102,0.5519284452864022,0.24228645603610108,0.0,0.5000198327637602,0.518180045936222,0.18334431146238686,0.0,0.23759287131473808,0.249162667363406,0.0,0.3668645624669544,0.3576311758083447,0.5505668524981943,0.23040902620609688,0.3457831181415657,47
flat_saddle,pca_95pct,ok,,1.068947443360435,1.0493465329714573,0.9809518891718522,0.957846949770351,1.278058538613861,0.5761360446972159,0.5790779705091289,0.6248185283691617,0.42386395530185234,0.4209220294899274,0.3751814716298025,1.3483721713077543,1.3047194375083262,1.0964801987553552,7.088472557300888,7.0840988655122175,6.322740375669694,7.924868661703125,0.5120573025098946,0.5362838011418191,0.23713995985990058,0.0,0.48070236318933535,0.5095932789000357,0.16838593250970646,0.0,0.2234324517171748,0.23000803746025628,0.0,0.2792984388608956,0.28090914083976504,0.46112723107790143,0.17541318487151147,0.28961062784401104,47
flat_saddle,position_only_manfit,ok,,0.5814457715439907,0.5584952301050156,0.4235072269802695,0.39578193474130857,0.6518876519994663,0.33576048325888347,0.33462123008382033,0.41766322239072906,0.6642395167358905,0.6653787699099366,0.5823367776044737,1.9422369361897893,1.6652675500907856,1.1863538958118451,3.7093224940114076,3.6673071118505165,2.967234340144778,4.4776491931165845,0.5440443028974431,0.5659731677408311,0.24877521738642738,0.0,0.4838908375304965,0.493344199031978,0.16266344873340724,0.0,0.22653617813991545,0.24354052476962723,0.0,0.775063409917527,0.7794738200224541,0.9057262116404325,0.4867780205485509,0.5688406997669799,47
flat_saddle,velocity_manifold_fitter,ok,,0.5277275880752504,0.5054179562589615,0.3594895917250989,0.33930140401465103,0.493927994699791,0.24233166143829338,0.26005604302483837,0.3268327738648495,0.7576683385565482,0.73994395696921,0.6731672261281798,3.5542068277433234,2.639036186596716,1.4142334534989647,3.064882766601022,3.06315445368959,2.3818157931435517,3.769041970682001,0.9586414749072686,0.9807198216061241,0.908220896502089,0.0,0.8264078310584684,0.8670338694476043,0.6810996600135526,0.0,0.4660983022469487,0.5430579039407966,0.0,0.8126014955543167,0.8040005037097603,1.0812220577238423,0.5103537883988264,0.6790607404473489,47
s_curve,raw_noisy,ok,,1.1687716075727304,1.146914002963578,1.0791572504415667,1.0634153137952895,1.4251681794146571,0.623543010086177,0.6222689496288982,0.6583005872096807,0.37645698991303395,0.3777310503703285,0.34169941278948,1.254870907698589,1.247225678327132,1.0771178944281425,8.274426332836521,8.267796829952143,7.456699074229583,9.133282561482279,0.5193131728771637,0.5412032644915137,0.2704004098712868,0.0,0.4665208030535356,0.46052298268669034,0.2776899364966727,0.0,0.06840004697968703,0.07582228615992245,0.0,0.0,0.0,0.0,0.0,0.0,47
s_curve,pca_rank_d,ok,,0.5788915553435195,0.5490152741398635,0.3333780009698859,0.2973730584608485,0.5336117264546761,5.541400693928529e-17,3.8716245929402924e-17,1.3375553270116e-16,0.9999999999941036,0.9999999999940314,0.9999999999920268,63535216554.96065,59611490718.765884,43580125544.12055,1.8275796318497106,1.8685999851231099,1.6135493747814302,1.9744163838756812,1.0,1.0,0.9999999999999996,0.0,0.971290377414518,0.9962600183648045,0.9312275232503567,0.0,0.2792622733937909,0.34019047947167025,0.0,1.0742118064415578,1.0444760016027552,1.3830072676775298,0.6588930309413338,0.848299976736028,47
s_curve,pca_rank_2d,ok,,0.7149673708417214,0.6813238307875013,0.5336052013557395,0.5232108393639754,0.846578325041914,0.29038530628441594,0.29008564626103117,0.34853609759558946,0.7096146937131796,0.7099143537361876,0.6514639024011218,1.5815914393721162,1.4875465832505865,1.1798122700535403,3.1937586303984573,3.189063214835824,2.8399082889390423,3.584012692235823,0.8012186826642326,0.8517276697754992,0.5388744038513562,0.0,0.797150388192774,0.8291053226043852,0.6193494181951986,0.0,0.21380835666059053,0.2383892646195499,0.0,0.930092197764245,0.912726156838585,1.2025905737688718,0.5704938854375836,0.7376371618525482,47
s_curve,pca_rank_5d,ok,,1.0341944654776072,1.0074518009457367,0.9259796729078109,0.9065640223266189,1.2702018443830931,0.5550821621939936,0.5585415577374389,0.5981485129783422,0.44491783780498534,0.4414584422615946,0.4018514870205711,1.3228121801469717,1.2753357543895993,1.1032325543632198,6.494140979367992,6.5414107017409755,5.777871378377698,7.084682095453423,0.581501395798684,0.5985621114422512,0.2837969352085588,0.0,0.5439660668720278,0.5553673377872442,0.361360042044848,0.0,0.10197970996261546,0.10076696268712636,0.0,0.5257668197342742,0.5199986289107053,0.712207744613218,0.3224914224045525,0.4368493407855921,47
s_curve,pca_90pct,ok,,1.095022673217351,1.0714266570439988,0.9971565701766845,0.9662719014885042,1.3435893801339678,0.5923773489752139,0.5961445370369465,0.6301761336117199,0.40762265102388506,0.40385546296204206,0.3698238663873781,1.2920047522988058,1.2745262881736699,1.0863319250987888,7.356831538247208,7.406802727940589,6.604332537860725,7.999261689673215,0.5433939889623655,0.5768983267066334,0.28402388786858496,0.0,0.4965829074258644,0.4813143405735063,0.3156625466380836,0.0,0.09325788420923106,0.10211218288547122,0.0,0.3761486227124706,0.3666958605796793,0.5627814778202893,0.2307195886483787,0.3451952319412786,47
s_curve,pca_95pct,ok,,1.147861936569158,1.1261066494705163,1.0561594518939537,1.0499409245773694,1.3721800157624007,0.6154388786861541,0.6213025250753137,0.652640120806982,0.384561121313034,0.3786974749238108,0.34735987919219136,1.2748150305067576,1.254217366236868,1.0921973568866739,8.034966203120222,8.126191053485389,7.228226162004444,8.824066605440661,0.5383979316469764,0.5803665156651208,0.2814485275358397,0.0,0.48128101793946904,0.4783573518544242,0.27754559189767136,0.0,0.07554658069552428,0.07568448281287032,0.0,0.16887531118370921,0.1495440196373879,0.325828058408271,0.10358363683005074,0.1998542891476175,47
s_curve,position_only_manfit,ok,,0.6518924441791313,0.6287459927623683,0.505084936838498,0.47740365636708904,0.7010998992479843,0.3880659202763608,0.3798925167561267,0.46667274632786476,0.6119340797194347,0.620107483240824,0.5333272536685517,1.7856865881699249,1.6938883724762865,1.2441873191344595,4.284013253680688,4.2370256977628,3.4700190485136795,5.292727501904869,0.5629567464909626,0.5814993961901962,0.3497222064854777,0.0,0.4864874216310682,0.505976315562926,0.2464717196993319,0.0,0.10009973174997189,0.11579978296369434,0.0,0.78127267736565,0.7657062065404169,0.9271099930659573,0.479211938738927,0.5686646801721421,47
s_curve,velocity_manifold_fitter,ok,,0.5522891297069897,0.5343828823984383,0.39325668759370347,0.37274022177249533,0.5346028963223198,0.31766147496767955,0.3140723773404679,0.39905715066474046,0.6823385250266832,0.6859276226539023,0.6009428493278547,2.1553170399298787,1.9783558172471498,1.3487151257672618,3.602137286024751,3.6564354009943534,2.901942001771635,4.289279686270174,0.942071274423994,0.9698717647866288,0.8708648719013844,0.0,0.7803950191695426,0.8267214080297259,0.6068469992768357,0.0,0.27333138502577303,0.294681335841936,0.0,0.8805712904386079,0.8629215123962177,1.1900863513352233,0.540119074318312,0.7299674034590302,47
swiss_roll,raw_noisy,ok,,1.16224337704925,1.1413011773507233,1.0860611537165827,1.041371714818209,1.3989374450259129,0.6277151920452126,0.6306936930014944,0.6620405385560247,0.37228480795397206,0.36930630699766565,0.33795946144313405,1.252314119472236,1.245468596119864,1.0752398765037718,8.343186589598293,8.41763900994572,7.529910356133052,9.043330908506691,0.5089436675125875,0.533051864610949,0.23440392686380762,0.0,0.44073433554990754,0.4415896890677964,0.2300761766475435,0.0,0.22828764370065346,0.2472074366441591,0.0,0.0,0.0,0.0,0.0,0.0,47
swiss_roll,pca_rank_d,ok,,0.47196558050456894,0.4406890606636798,0.3002144546382312,0.26773403960338,0.4816322982946442,6.751701499733762e-17,3.6870800305785696e-17,1.672709270768863e-16,0.9999999999935351,0.9999999999941857,0.999999999988685,61533271160.61038,63416139906.7916,34528361517.24008,1.83612453244746,1.867279757995881,1.6403086898328372,1.9793160025960619,1.0,1.0,0.9999999999999996,0.0,0.9556010444930956,0.9947059230631647,0.9110197692758824,0.0,0.6174650596631349,0.6996767383541433,0.0,1.0491769928284198,1.0121138008775925,1.340477417106696,0.6660957712018507,0.8510349969829831,47
swiss_roll,pca_rank_2d,ok,,0.7055025388346299,0.6699931872273824,0.5750657909111746,0.5380841029219354,0.8683889150135138,0.30840406464880915,0.3071346507510644,0.3607000768386536,0.6915959353488196,0.6928653492464126,0.6392999231587606,1.4747257172791521,1.4139314697056853,1.1471793592002877,3.3146827462366057,3.3158896043936386,3.0237938771674506,3.6092685227061487,0.7982558893125836,0.8486286165170379,0.5261930438978992,0.0,0.7830565483667029,0.8330792956343247,0.536927515419111,0.0,0.4580396924957972,0.5017219465696456,0.0,0.9097978708941351,0.8939458554681694,1.1612930569275843,0.5776075138831573,0.7372754069455999,47
swiss_roll,pca_rank_5d,ok,,1.032332000687433,1.0039350532221327,0.9417228571416575,0.903535398889223,1.2742915885276256,0.5589379790369633,0.5613547905170123,0.5941767836710798,0.4410620209619716,0.4386452094818849,0.40582321632791085,1.3010909036352416,1.2477333114257434,1.0975543067911335,6.524019372343603,6.579778138509925,5.807426788871345,7.1119089356432355,0.5924920157207093,0.6058678313073775,0.3026841890436816,0.0,0.5186188971881275,0.5426500549270306,0.24524329956113194,0.0,0.28611834181583595,0.29773648005952114,0.0,0.5129284635819429,0.5119165177543243,0.7164384762022529,0.32564522750344843,0.45484855518811534,47
swiss_roll,pca_90pct,ok,,1.0947731668315486,1.0703198821376518,1.0113067281718529,0.9869046526978945,1.3178510205409841,0.5915154253452075,0.5945873357215778,0.6276499501637175,0.4084845746538459,0.40541266427754946,0.3723500498352847,1.2548872298096465,1.2415320191920256,1.0931569061603148,7.26225117249046,7.3058152490557795,6.514984974184546,7.843520325473514,0.564235498612994,0.5906441735222618,0.32499873512508753,0.0,0.47979369356780227,0.49596391216257213,0.24612536415248523,0.0,0.2600067495364476,0.27074081967228314,0.0,0.3638061076680142,0.3508151609518633,0.5417010482261355,0.23097123889629512,0.34391220923202914,47
swiss_roll,pca_95pct,ok,,1.142049312326887,1.1199170441617108,1.063763350461387,1.029110015426987,1.3778051668493703,0.6182649602127327,0.6218347475429551,0.648342971295458,0.38173503978641,0.378165252456209,0.35165702870369453,1.256393110564862,1.2282333145630053,1.1079644915109672,8.024250308366415,8.0544982240568,7.326413804354655,8.662814617472195,0.5260493944019842,0.5487336315084981,0.24619971121340914,0.0,0.4434906612721116,0.4425394847192768,0.21843635053658467,0.0,0.2387822248060889,0.2547899602471336,0.0,0.1748205387517163,0.14248039207299928,0.3592628055151257,0.11098911087234548,0.2280868119864246,47
swiss_roll,position_only_manfit,ok,,0.6140059781491934,0.591250344490542,0.48343780512873724,0.4612171123627621,0.7125260175066692,0.40273527348552096,0.40384606456921884,0.4584140796396493,0.5972647265098132,0.596153935426429,0.5415859203559547,1.5615135610206958,1.4737787414820944,1.2457136610731459,4.379310081330578,4.442526980004759,3.604979909961839,5.092206887802814,0.5569230757163329,0.5768570023699453,0.31941634329028573,0.0,0.4812574177947904,0.483915951512597,0.2505968653544749,0.0,0.2663597215700816,0.2895964165759953,0.0,0.7867105982901204,0.7740263387752726,0.9087408126403709,0.4994625370768352,0.5769364144999654,47
swiss_roll,velocity_manifold_fitter,ok,,0.5248864372986891,0.504025656182587,0.37210412280260835,0.35473487266536086,0.49550973200053583,0.30047204804880373,0.29476408354344663,0.3985040496743535,0.699527951944794,0.7052359164505347,0.6014959503180377,2.9133660780673476,2.720877892758813,1.5751753689610486,3.552107531530544,3.4321837928165726,2.821413504788654,4.51218723219594,0.9534573906627618,0.9735252533449346,0.8945484622251986,0.0,0.7699734924794267,0.8216523312508006,0.5603023421069377,0.0,0.5769505845100286,0.6366104544075398,0.0,0.8681200981339435,0.8320562777782147,1.1326773244445936,0.5511473566566489,0.7191080066622803,47
half_sphere_rotation,raw_noisy,ok,,1.1648129979699005,1.1456646166597948,1.082206111996862,1.0887170446760044,1.355018980142296,0.6052960063045318,0.6070801408136721,0.6424321845576015,0.39470399369472503,0.39291985918559735,0.35756781544171584,1.3517336598987186,1.3244013454637968,1.081964908408335,7.9481047315601225,7.9701278642495375,7.163713546685574,8.692157364275474,0.5651267221672579,0.5720826957163232,0.3686739182095147,0.0,0.4433969408019836,0.46941648886053855,0.21542326418759447,0.0,0.2483191677655834,0.2698358016784269,0.0,0.0,0.0,0.0,0.0,0.0,47
half_sphere_rotation,pca_rank_d,ok,,0.5495007050446118,0.5230186156053267,0.3615093922556677,0.3372753531914453,0.519086903258864,5.388521965769906e-17,2.7868556680074176e-17,1.3336594594187806e-16,0.9999999999952488,0.9999999999952183,0.9999999999941479,74143642594.82301,71439538751.96571,56912923006.98964,1.8113978308491423,1.8526002517209956,1.5971831575163382,1.9848721182540365,1.0,1.0,0.9999999999999997,0.0,0.9675457885366748,0.9965536585114301,0.9438160247954318,0.0,0.633455623168889,0.6925036784499419,0.0,1.079843927818684,1.0865599091556732,1.372505961610691,0.6356911524906291,0.8079777772136146,47
half_sphere_rotation,pca_rank_2d,ok,,0.6767999648816775,0.6436695226779591,0.5232682774627976,0.49146724244124756,0.854646882722835,0.2855585488354842,0.2863493453750301,0.34767086859507534,0.7144414511624523,0.7136506546230833,0.6523291314026858,1.64145631546313,1.5665359255595384,1.1672199812949717,3.185565867406543,3.190222919425686,2.824230176953461,3.5567628587592246,0.8122345813262709,0.8642532327126399,0.5555977575248411,0.0,0.8043495516860126,0.848411863258246,0.562554956617127,0.0,0.4988400629121743,0.5321440336115812,0.0,0.9348932413923784,0.9079734796060541,1.2007524407791121,0.5503604241002965,0.706868542083404,47
half_sphere_rotation,pca_rank_5d,ok,,1.021496314914945,0.9979277173476226,0.9236864763316603,0.9339653060066992,1.2208594438141296,0.5387566549918568,0.539688225419142,0.5932170776775133,0.4612433450071896,0.4603117745798553,0.40678292232154384,1.3867996583999156,1.3110570127402594,1.136632742383059,6.260777173900147,6.2463523651592325,5.561274604012892,6.970338595076245,0.6211603788152208,0.6386037965862394,0.38183895077319996,0.0,0.5375088394190163,0.5719148647065733,0.25669825823412473,0.0,0.3180473745577933,0.3358700693558465,0.0,0.5365357811350123,0.5293466210839572,0.7507993884395545,0.3158521711106431,0.4419865836450202,47
half_sphere_rotation,pca_90pct,ok,,1.093834674629515,1.0703089467117701,1.0012617506569685,1.0060124164727011,1.298378214566423,0.5682034449318281,0.5709853131175608,0.6136845660289858,0.4317965550673188,0.42901468688155187,0.3863154339701451,1.3824311195770707,1.3078953549077867,1.1133714895496654,6.948314226117932,6.931927832436654,6.208649579019906,7.693031707954736,0.593211021005257,0.5945569880607543,0.35675985139033284,0.0,0.49085464455875294,0.5183020917313853,0.2525413293549461,0.0,0.2794681184405442,0.30472134383579275,0.0,0.37711259701533933,0.36163587995000657,0.5663151053189208,0.2220016571280546,0.3333829016386194,47
half_sphere_rotation,pca_95pct,ok,,1.120927924791184,1.0992242304285875,1.031390633133644,1.0322354215045872,1.3311527309937214,0.5835401835682512,0.5850641330888628,0.6273653158634618,0.4164598164309429,0.4149358669103709,0.37263468413567485,1.3539121871421,1.3025266299693068,1.08235266968099,7.318766900130364,7.328343027202292,6.5709607685860405,8.139414903425417,0.5838030709142087,0.5942343775712283,0.351535755389004,0.0,0.4771534478942527,0.49941392883234437,0.25104658563649673,0.0,0.2663543765234654,0.2797855432588161,0.0,0.2880412042719775,0.28098997666561454,0.44841058265259287,0.1695663978759597,0.26397392505714395,47
half_sphere_rotation,position_only_manfit,ok,,0.6577289841388982,0.6363229648327873,0.5166683140418175,0.5006450860029678,0.7053333796752544,0.3763091211041457,0.3804707274051673,0.450456694301272,0.6236908788927708,0.6195292725914961,0.5495433056952371,1.953142302006178,1.725651451761407,1.3267736679279947,4.229834249010755,4.264076742061607,3.2715467629903157,5.065454322804005,0.6034671726882814,0.6235717737468014,0.39461021964258874,0.0,0.5080236546670792,0.5124244942864432,0.2957389180132687,0.0,0.2725402758217088,0.2938559108517092,0.0,0.7849718903839441,0.7814333919349652,0.9435519821165889,0.46210352516304,0.5554577207820585,47
half_sphere_rotation,velocity_manifold_fitter,ok,,0.5352062236937885,0.5206869228702069,0.3798986698258535,0.3659146084873911,0.49142719711659083,0.2341462493224138,0.23590822145864299,0.2813592886610873,0.7658537506725762,0.76409177853701,0.7186407113324353,3.103609262344427,2.843542377092043,1.7935813474660365,2.911609757075695,2.888735103148914,2.3401285612879303,3.4808308206761245,0.9698897680811229,0.9775360064070603,0.9346243323397173,0.0,0.8242063543580421,0.8521696702972186,0.6800043439376419,0.0,0.5773037052193613,0.6411634997583647,0.0,0.8934081523888712,0.9129118045669967,1.1288295251174576,0.5259386503972324,0.6645283853537173,47
potential_saddle_surface_saddle,raw_noisy,ok,,1.1808976534998243,1.1673108900201632,1.1015481759296637,1.0996840165155044,1.3619516462514423,0.6003970822535768,0.6028512704107538,0.6374106276624346,0.3996029177457589,0.3971487295885835,0.3625893723369393,1.3712248135869236,1.3409817290438415,1.1584200650481162,7.841692734978111,7.8959637691982785,7.032222468645698,8.580644276256514,0.7777505332667605,0.8159784678993188,0.6052551123774224,0.0,0.578298163566614,0.5904482532658561,0.38836634321171104,0.0,0.6908407879914106,0.746565541592942,0.0,0.0,0.0,0.0,0.0,0.0,47
potential_saddle_surface_saddle,pca_rank_d,ok,,0.5776705423882851,0.5410666917079925,0.3323495331775622,0.2847016898753568,0.5673795373888216,5.869318483094653e-17,3.168206745559556e-17,1.4994419757993206e-16,0.9999999999956692,0.9999999999955895,0.9999999999941568,90843595477.33623,84915921044.85269,64849566867.14703,1.8522011213642378,1.886443061081377,1.6905167020237364,1.9800463057316402,1.0,1.0,0.9999999999999997,0.0,0.9570544782428573,0.9937711553068262,0.9183127186488776,0.0,0.6688249407100311,0.7298875900221727,0.0,1.1276714719904537,1.1338309617295712,1.3898215359531783,0.6357096767175129,0.7834932613452791,47
potential_saddle_surface_saddle,pca_rank_2d,ok,,0.703762931277248,0.6718934133553636,0.5400911243215769,0.4991687314457254,0.8553632320007543,0.2754908617637348,0.2775034168825188,0.34241835014788236,0.724509138234414,0.7224965831153841,0.6575816498500102,1.7386785041883035,1.5747810751641167,1.1919445666553417,3.1237632979320114,3.1685074475057218,2.7472258635517215,3.5064317568708616,0.8458404355124128,0.9092742904199891,0.5858964056801954,0.0,0.8189852282615704,0.8765816419876402,0.6028216409009141,0.0,0.7127676961066709,0.771255858974615,0.0,0.9366785754803002,0.9466383610022915,1.1714088549628738,0.528039991430982,0.6603660401003604,47
potential_saddle_surface_saddle,pca_rank_5d,ok,,1.0542781338143405,1.0356712008819582,0.9596149446169459,0.9354898387155794,1.2343779629081026,0.5369529142271504,0.5402665333818123,0.5917229081458861,0.4630470857720225,0.4597334666173266,0.40827709185323946,1.3904284369773638,1.3350596757497137,1.1243484102023789,6.2309940004932,6.274412947361602,5.520183608316617,6.943175557902077,0.7972822858261159,0.8227273982464002,0.6562166296608924,0.0,0.6399612248278742,0.6758765418809469,0.4445264672895103,0.0,0.7000280524181736,0.760369823155598,0.0,0.5104124582312329,0.482464526358491,0.7492463819855935,0.2877381816195444,0.4223776047407714,47
potential_saddle_surface_saddle,pca_90pct,ok,,1.0856854280224297,1.0689811424084197,0.9964279463903725,0.9965326698415962,1.2507761186388302,0.5570376778343238,0.5587501783462434,0.6061017716356826,0.4429623221648929,0.4412498216529027,0.39389822836346244,1.382920516968284,1.3409385569931156,1.1149180023364527,6.667837393161839,6.722636146154732,5.934533184908062,7.299793955809641,0.7819122688009027,0.807609551189044,0.6112946924859888,0.0,0.6180138905056498,0.6283901852767166,0.4160808617294494,0.0,0.6947189489822373,0.75896677633228,0.0,0.44052556048439445,0.4184316008798834,0.6691008983750044,0.2483403797978728,0.3771966626473036,47
potential_saddle_surface_saddle,pca_95pct,ok,,1.1399700725356787,1.1249746042008326,1.0561065155132745,1.0677491036977362,1.3350340750886036,0.5810349810381439,0.5854849808827716,0.6212936423441079,0.41896501896113936,0.4145150191165996,0.37870635765520533,1.3736648976233112,1.3210528366580165,1.1272799060017031,7.271245063423735,7.3168149683579395,6.50544755574761,8.060865255697435,0.7826914635453306,0.8061404806831142,0.6105534719042403,0.0,0.6027755097323084,0.6235523024556564,0.4230206836061203,0.0,0.6899446387375223,0.7457080359716258,0.0,0.2780675472461077,0.2614561794447975,0.46108842844346054,0.15675685246647023,0.2599324209794852,47
potential_saddle_surface_saddle,position_only_manfit,ok,,0.7123943860495395,0.6987659663384048,0.5703990825751163,0.550384176035385,0.751506911498045,0.38700133842779216,0.38039142009786336,0.46764814371425384,0.6129986615699646,0.6196085799000903,0.5323518562835883,1.8814770926399367,1.8090275985690145,1.2858819152070968,4.312439975561798,4.278662586575974,3.3641565229589285,5.390519519660108,0.8142063790480337,0.8486413710359494,0.6575441394549667,0.0,0.6525013174633124,0.6832114560433324,0.4382561467320063,0.0,0.7296626989955136,0.8074289661136143,0.0,0.7652908647617939,0.7664837677911527,0.9044347893556139,0.43142246684121516,0.509862989207726,47
potential_saddle_surface_saddle,velocity_manifold_fitter,ok,,0.537184600788158,0.519276123985011,0.35196912376639156,0.3439075630861472,0.4348480992498279,0.2104892496866743,0.20798924325715942,0.32353808808302303,0.7895107503093773,0.7920107567387291,0.6764619119123461,4.432782910440678,3.4072190085558356,2.1414890167759024,2.9013723757658796,2.777742156741404,2.1975393979296682,3.8855760703664775,0.9753606435575253,0.986921108851046,0.9501936796495648,0.0,0.8528135979146637,0.8983435431495483,0.7504948277906655,0.0,0.6861095179766915,0.7623948318358391,0.0,0.9014093887860407,0.9139170463151304,1.1166869938222301,0.5081574601899265,0.6295173243891291,47
flat_rotation,raw_noisy,ok,,1.1051399672903304,1.0831414457259247,1.019901061395402,1.0037378724120454,1.2347381150732024,0.6197008154764078,0.6190952330473731,0.6584593988451573,0.3802991845226845,0.3809047669517174,0.34154060115385976,1.3090620837650848,1.2982025097037182,1.0924642300022152,8.168563191771188,8.18674910033404,7.4947640183694295,8.893034228748984,0.4772169966607116,0.5001041979359004,0.2507721596882939,0.0,0.4506638941833716,0.4535699877818087,0.2559682557295,0.0,0.11203000237274924,0.12175521446400571,0.0,0.0,0.0,0.0,0.0,0.0,48
flat_rotation,pca_rank_d,ok,,0.4568264049993438,0.41822567648617065,0.23301888354952582,0.18657597058555586,0.4130496324393283,9.964124336983411e-17,8.336389328569227e-17,2.0450936615359827e-16,0.9999999999938072,0.999999999993523,0.9999999999917476,60686116263.166756,57668631516.80347,37825348592.74803,1.8181929484277397,1.8592154807142087,1.5968725570428395,1.9697059414879807,1.0,1.0,0.9999999999999996,0.0,0.9731303242851627,0.9964851914305661,0.9323435304164799,0.0,0.43121500384087086,0.4984975743128025,0.0,0.9904102507539501,0.9629021852831867,1.2201047132699205,0.6600311239447386,0.8131045540136307,48
flat_rotation,pca_rank_2d,ok,,0.6668799620368683,0.6314815109611678,0.5077814092318944,0.45815490524797226,0.8146954147207585,0.2925969844242813,0.2907111307692052,0.341685880535839,0.7074030155728966,0.7092888692273964,0.658314119461113,1.5623540903817275,1.5236173001145872,1.180975063603021,3.226820600119367,3.22993796889147,2.887665487338526,3.533684547795027,0.7656510771470246,0.8234632909625428,0.4706206193993908,0.0,0.8016258343442914,0.8419551990332376,0.5864183979823095,0.0,0.2910597774092725,0.32843762526026044,0.0,0.8667082830698386,0.842286144149183,1.1086901008482966,0.5775934182540252,0.7388554114946273,48
flat_rotation,pca_rank_5d,ok,,0.9983133881854869,0.9724378404108509,0.8999132207440375,0.9084245318743169,1.156655514496362,0.555884201639039,0.5547797104068091,0.6025896106589141,0.4441157983598064,0.44522028959212845,0.39741038933977346,1.3273027630632923,1.3169805531567182,1.1135780536711852,6.510972862023802,6.518547200442241,5.9205978415842235,7.127887306218127,0.5279671107638875,0.5518836348053668,0.2456559421785794,0.0,0.5386501481330407,0.5600419959089235,0.31344405443671397,0.0,0.14994877952766872,0.1574812261537709,0.0,0.44813470349936213,0.43855940486002376,0.6661678273615856,0.29864679995402044,0.4439488580561204,48
flat_rotation,pca_90pct,ok,,1.0337083617647806,1.0077282950278337,0.9380389821815034,0.9404161516442221,1.184156917355668,0.5718138372289837,0.5702012655413895,0.6142559646323316,0.42818616276994376,0.42979873445756567,0.3857440353663627,1.314028306933639,1.3064163945456508,1.1001098452308506,6.869193215437472,6.844327887833261,6.194757629895547,7.5674984811745665,0.5243712409259114,0.5583020842414269,0.22066939361042207,0.0,0.5107944996096924,0.5203346439378136,0.31475894337457255,0.0,0.13545928180151742,0.13729545228398704,0.0,0.3595041196030511,0.34265668246094083,0.5811181460398894,0.23958143400043883,0.3872698841549841,48
flat_rotation,pca_95pct,ok,,1.0845671879446743,1.0613729372807494,0.9963484623810885,0.975940439211892,1.234524678130655,0.6056766689201931,0.6075307275047858,0.6407072527852488,0.394323331078853,0.39246927249430086,0.35929274721367604,1.3160299129959259,1.3245308923733528,1.1031131729195445,7.7593049829212,7.798533685936157,7.056797504496007,8.352930959894056,0.48542084015445736,0.5067262827759891,0.2366844165787272,0.0,0.46712235164748706,0.46341445384556385,0.25900200163508263,0.0,0.11809600810578567,0.12363300563789603,0.0,0.1645052643632402,0.129671172772298,0.3431660719844427,0.10962991795555457,0.22869340055716245,48
flat_rotation,position_only_manfit,ok,,0.5345590680033311,0.5120758228953104,0.38069407223255686,0.35609882853648706,0.5940435101621422,0.3527522773116652,0.3550944109397235,0.42516278464540264,0.6472477226812262,0.6449055890512232,0.5748372153460087,2.298638071299811,2.230997013501642,1.4544007249106583,4.055822762186076,4.043024812420645,3.290450093404995,4.875709921947779,0.5170622076908823,0.5339728233266118,0.22053301974638073,0.0,0.4750637023750205,0.49581741093951753,0.2633704706424549,0.0,0.1297587936946575,0.13771685294837124,0.0,0.7879874327999912,0.7845644739009441,0.8917497630950831,0.5251321162411071,0.5942816100348753,48
flat_rotation,velocity_manifold_fitter,ok,,0.4981385697529933,0.4757492236790232,0.33994965822297146,0.32728561683396673,0.45222668346041706,0.2645150369701927,0.2644468722053302,0.3633876445555067,0.7354849630241002,0.7355531277886073,0.6366123554389647,3.2661681050039317,2.9610883083729833,1.4182273377490795,3.2347136962727268,3.1641874580143083,2.5920875894709483,3.990979444428595,0.9607165284095688,0.9790161857475242,0.9073411533647241,0.0,0.8414370756694896,0.8682007659116489,0.6754295478919388,0.0,0.3950832102206976,0.48048426048656634,0.0,0.8075238282817302,0.7776596145198229,0.9982553963358021,0.5381515988825933,0.6652593011086544,48
flat_spiral,raw_noisy,ok,,1.1527655850630765,1.1302756061001344,1.0556722381155035,1.0237080072625608,1.3598676375678396,0.6180644305258388,0.6240413398196337,0.6561249152823397,0.38193556947329327,0.37595866017954394,0.34387508471671074,1.290470250616013,1.2613206147883087,1.0993591087071786,8.065027343840887,8.106318363797346,7.231211312048177,8.749898233916937,0.47473588955354606,0.47871254704285165,0.2573349878566411,0.0,0.35759258234135294,0.3702226852658074,0.1425420019942006,0.0,0.1685533514637384,0.18326361663913254,0.0,0.0,0.0,0.0,0.0,0.0,48
flat_spiral,pca_rank_d,ok,,0.49692767571399726,0.4617051177826014,0.2497727853748743,0.20265206010033177,0.44282770613455075,9.810467206634394e-17,9.359787046779869e-17,1.7365057724334516e-16,0.9999999999930722,0.999999999993501,0.9999999999894612,59641021429.45048,58222674641.660645,32593125438.289604,1.8571742916803693,1.888742666790343,1.7036433967831333,1.9807883830222648,1.0,1.0,0.9999999999999996,0.0,0.8958150705818748,0.9863891833577447,0.7095340231694491,0.0,0.42987235176520394,0.5061102897955161,0.0,1.0204551413756724,0.9966756859370975,1.3195547161331926,0.6494936666401054,0.8398629162260034,48
flat_spiral,pca_rank_2d,ok,,0.7178946497259113,0.6796963587436585,0.543549269907483,0.5222508623100421,0.8442145188371816,0.3012636893933539,0.30953102000244015,0.3602611141532954,0.6987363106040082,0.6904689799953985,0.6397388858441436,1.5739665056971954,1.4697029134983715,1.1895285825244235,3.2848702493682054,3.3081527525930055,2.876277247408116,3.6167670246704344,0.7632996524019143,0.8060542991694475,0.4781149818878584,0.0,0.673515704540623,0.7527345506354034,0.32676287445480023,0.0,0.32665264548716805,0.3806332755229511,0.0,0.8852968145632059,0.8835561741403988,1.1832245951074836,0.5634688393850548,0.7530922718455859,48
flat_spiral,pca_rank_5d,ok,,1.0439186756410128,1.0188153550903427,0.9329110364643454,0.9016839521268012,1.2545911383445114,0.5601362551447894,0.5659545721811734,0.6077443408357063,0.43986374485412116,0.43404542781772926,0.3922556591630698,1.326249523473461,1.2947569613738734,1.120208956982604,6.565021295577511,6.588610316948694,5.917160345239256,7.185457197022552,0.54823551772736,0.5392418100769172,0.31032675478519683,0.0,0.4219679595751348,0.4390938050455011,0.16232403727114764,0.0,0.19575443741884696,0.2241038074961777,0.0,0.45860799340642905,0.4424860374010806,0.6921889315241322,0.29189228914703175,0.44056059783013923,48
flat_spiral,pca_90pct,ok,,1.075863356019595,1.0518471686924824,0.9694743908561547,0.9416203175287601,1.272927748944095,0.5781954827977329,0.5813829125977532,0.6220654083062314,0.4218045172012562,0.41861708740113024,0.37793459169267896,1.3327583780830479,1.3113670608493782,1.1245919845509158,7.006106533679729,7.0861460200878295,6.335784546743917,7.674559995697047,0.523061381989672,0.5269307553626814,0.20328048796747256,0.0,0.40678353442913023,0.41947557103079414,0.14804812767443248,0.0,0.1850824840241624,0.20796549409545367,0.0,0.3831065504271128,0.3657764530309423,0.6095987021834612,0.24383754666109805,0.3879940236534388,48
flat_spiral,pca_95pct,ok,,1.1298000989126558,1.1074135795009867,1.0308553501776845,1.010486906064291,1.295365006119988,0.6055859291122283,0.6091025416910425,0.6416857610712621,0.39441407088687297,0.39089745830811773,0.35831423892776715,1.304905129337983,1.2812124478713078,1.1025507614088186,7.72579192020499,7.778851744679059,6.96109299572133,8.405040377739397,0.48942898244562666,0.5029025670329411,0.22937677079599783,0.0,0.37320629812048056,0.38234191895732933,0.15437896663333917,0.0,0.17808199288507395,0.19052772759095993,0.0,0.18027095905424093,0.1441365519260414,0.3817977021587216,0.11473786689635915,0.2430044981257485,48
flat_spiral,position_only_manfit,ok,,0.6117498410662995,0.5840987319239924,0.4271709898676067,0.4029348686100306,0.6512002918142773,0.3891300702368239,0.38391277001244306,0.46834417152425445,0.6108699297575183,0.6160872299812257,0.5316558284717192,1.8924968150158084,1.8319400511139925,1.3106635670638378,4.359046167156299,4.371637096504542,3.5759704431610135,5.16673355850116,0.5629245478820837,0.6044161420337859,0.25090636113949744,0.0,0.4036416796699055,0.40149447196894417,0.17438671446996767,0.0,0.1754419168496078,0.1967397219260233,0.0,0.7843641015528051,0.7832957101734335,0.8994723868576954,0.4992277422519814,0.5724912295450554,48
flat_spiral,velocity_manifold_fitter,ok,,0.543683813136509,0.5257446995393843,0.343965028699255,0.32728692472073373,0.44604018619001085,0.30273759794539057,0.33226783811633626,0.4277944837160402,0.6972624020484453,0.6677321618768567,0.572205516275779,3.552191989957254,2.6572957527505405,1.612151766426578,3.7117934092233997,3.7667417000379007,2.540604752374592,4.9591953896044005,0.9597063933741353,0.9733590231205803,0.9175080211084556,0.0,0.7229258898987491,0.7716365757820325,0.4997073473308885,0.0,0.32469051051522896,0.41851879303466855,0.0,0.8344493616495439,0.8346975747947787,1.0719583845063738,0.5311057326759412,0.6822741670937764,48
flat_saddle,raw_noisy,ok,,1.0909659007405612,1.0723604617100597,1.0051657828603702,0.9993065987282559,1.2413910696549268,0.6157564671108784,0.61489540949419,0.6636455972041506,0.38424353288823276,0.3851045905048939,0.3363544027948965,1.2875120952530617,1.230831028487838,1.093806107188951,8.019058375841361,8.021454439365058,7.09602411442288,8.927327802464598,0.46580045388719865,0.4765847950999409,0.24210271117130083,0.0,0.4477062624526775,0.4620101911317488,0.22388529255761488,0.0,0.16134842092878673,0.16471109323747832,0.0,0.0,0.0,0.0,0.0,0.0,48
flat_saddle,pca_rank_d,ok,,0.4477859086005353,0.41266031454914065,0.21284316204833012,0.1717204763534571,0.3888657005279237,9.075512079625143e-17,7.377067728585158e-17,1.7571682194134757e-16,0.9999999999938178,0.999999999993411,0.999999999991215,68397483940.873436,56977026061.54892,41328538845.61812,1.8485547292695832,1.864872558474958,1.7141339301509013,1.982861701249264,1.0,1.0,0.9999999999999994,0.0,0.948080905101407,0.9950779893748241,0.8924435842444902,0.0,0.46223315164130363,0.5224429459874369,0.0,0.9750285343534848,0.9670793134942703,1.2179398002140331,0.6508635221026303,0.8130147581802885,48
flat_saddle,pca_rank_2d,ok,,0.6664192101655403,0.6279670564566925,0.5035773889991102,0.48138430088971007,0.8066350099464137,0.2869939033004462,0.2890905651861973,0.3404725608378472,0.7130060966968829,0.7109094348103984,0.6595274391591409,1.5964875245559704,1.496644256359015,1.15404923073203,3.1925916190301082,3.200311821999729,2.8014784655514346,3.520817651823294,0.7294786229946075,0.7924839953987298,0.4171118706357323,0.0,0.7435094951880811,0.8118137836567776,0.37370890018046804,0.0,0.35468728639800085,0.38811081905407774,0.0,0.8427059006245687,0.82489989754351,1.1007922049099725,0.5625338246545396,0.7348148965362271,48
flat_saddle,pca_rank_5d,ok,,0.9915437715784157,0.9691328479610708,0.8952977070972008,0.8438434273903848,1.1694240193772678,0.5565584540524484,0.5560753400858653,0.6037632476136698,0.4434415459464474,0.4439246599129584,0.39623675238512857,1.3088477650202963,1.2590253788299963,1.1033127912361258,6.486969588200064,6.503655917769975,5.804453901646146,7.12124243286883,0.5282161614561629,0.5316232843547403,0.23719856205290193,0.0,0.5169520478130869,0.5286011038942369,0.2532767412450618,0.0,0.20087653227857902,0.20761393215936969,0.0,0.4260219482420628,0.42915144813902917,0.6161172070533306,0.2843836215621236,0.41127844086805526,48
flat_saddle,pca_90pct,ok,,1.0211895386861547,1.001122422026252,0.9292769626611689,0.9150326922999616,1.1909084891623698,0.5781554219408704,0.5813044447399004,0.6256279940286459,0.4218445780580974,0.41869555525929547,0.37437200597024545,1.3104733624422589,1.2786254629224252,1.110696916460277,6.969961834099083,7.000110610141817,6.214438952802077,7.639863476751495,0.5003091982731329,0.49736467315349686,0.25780992969920474,0.0,0.49591500095071045,0.5140448805130353,0.24317757795203496,0.0,0.19011304648775412,0.19745294665597807,0.0,0.352901105245597,0.3292022805816732,0.549303262525597,0.23557306091186536,0.36667794177627705,48
flat_saddle,pca_95pct,ok,,1.070612529745919,1.0518642909758447,0.9836264288222419,0.9676406429572941,1.241359942963317,0.6047999152826234,0.6045569274062048,0.6510427595947795,0.3952000847164486,0.39544307259291545,0.3489572404042483,1.2872443831789606,1.243968909387855,1.0887318629153873,7.692399766596908,7.737630178611006,6.8779558778259915,8.488595488722801,0.4744376353188784,0.4711774351705521,0.2358962355289191,0.0,0.46130661326922123,0.47788155537084626,0.24563959005249764,0.0,0.16936156652995962,0.17168322840133537,0.0,0.1715033846567276,0.13401928242538408,0.34533313327788134,0.11448413359944964,0.23052119143673508,48
flat_saddle,position_only_manfit,ok,,0.5552211951223187,0.5304833274554291,0.37076257142143293,0.34480926916222837,0.5698510661342215,0.35667726686247525,0.36088136002674087,0.46551742790655937,0.6433227331310368,0.6391186399652623,0.5344825720861905,2.155341414863973,1.992727753229699,1.3506100698080488,4.027692909908505,4.039305522053661,2.9523963368035555,5.168177381053916,0.515618212660668,0.5280813013917589,0.25686667252131395,0.0,0.48062685762005847,0.5048857289210051,0.22606497087000052,0.0,0.17387660910289973,0.18878927770192488,0.0,0.7743120938162031,0.7746393649512358,0.8793980439551656,0.5168787156798916,0.5870270336225029,48
flat_saddle,velocity_manifold_fitter,ok,,0.5103736783577814,0.48631969551821064,0.3223113244032127,0.3027712570731522,0.4373558638297252,0.2638464660909331,0.2884539946584431,0.3693558004159357,0.7361535339031601,0.7115460053351761,0.6306441995763945,3.640930556620387,2.651611559169184,1.656305561659263,3.2756114393855174,3.3572424754180945,2.214115961186832,4.248568510254704,0.9646114815761457,0.9784541307653005,0.920895703142151,0.0,0.7916820847419056,0.8688493755789428,0.5866271806574718,0.0,0.44952713243947534,0.4913023215102617,0.0,0.8044392414698203,0.801178788768506,1.040578902047181,0.5369895747387408,0.6946205422195145,48
s_curve,raw_noisy,ok,,1.1583114342524363,1.1385856838296704,1.068424377289408,1.0509888005530779,1.3885270271595775,0.6317656426680673,0.6365325245838527,0.6670101033807985,0.36823435733112253,0.3634674754153681,0.3329898966184645,1.2317870008473506,1.2242525858478226,1.06832418124571,8.408522933867408,8.527985448599031,7.457901063695212,9.135941629992182,0.4563874869069932,0.4762544482609049,0.1768351969393698,0.0,0.4396689425678782,0.448402433965744,0.2607113135921236,0.0,0.11925821641586921,0.14881201028794028,0.0,0.0,0.0,0.0,0.0,0.0,48
s_curve,pca_rank_d,ok,,0.5431133783783783,0.5051982615270648,0.28882227557085827,0.2596989010948817,0.4203567247709042,5.454205335173907e-17,2.86528697861158e-17,1.2482816051164706e-16,0.9999999999932642,0.9999999999932172,0.9999999999915469,54424635084.76562,53049441780.72128,36149200995.40367,1.8219976798130697,1.8525404566456887,1.5836737955601654,1.9768215190573237,1.0,1.0,0.9999999999999996,0.0,0.9611967380070968,0.9938351002569491,0.8667230761112303,0.0,0.3814588893860023,0.4227641528634444,0.0,1.0767119508197969,1.066707484845418,1.3698137585211863,0.6698083815273068,0.852143171523571,48
s_curve,pca_rank_2d,ok,,0.6909028110651361,0.6525903758093897,0.5233729118115135,0.4898698784745391,0.7806120942045099,0.3124865623192292,0.3182746577430206,0.3717670654306802,0.6875134376782631,0.6817253422544056,0.6282329345672436,1.4696112224059845,1.4161284379463468,1.1193511080747622,3.3334503263295763,3.382853966464899,2.9566573937173612,3.6624764029619765,0.7551312436375551,0.824906208160815,0.4707634420544422,0.0,0.7697824241280904,0.8410079866522477,0.4613234761145896,0.0,0.2544572183590967,0.2823578823310766,0.0,0.9172338624688715,0.8901339219858208,1.1629201931879964,0.5705991546156237,0.7234373983232963,48
s_curve,pca_rank_5d,ok,,1.0259879584378615,0.9996548606337279,0.9168037785002053,0.9136944531884575,1.2540858712892395,0.5598045187721076,0.5633925897775272,0.5979521624454402,0.44019548122682006,0.4366074102213522,0.4020478375533634,1.291218927134381,1.2686428264019503,1.0926219997024595,6.528921344183548,6.5981911661591255,5.771822175467196,7.168909577934905,0.5464831089542839,0.5763220851061969,0.2586645187240305,0.0,0.5248993014997186,0.5430910924654888,0.2703698808332359,0.0,0.15362906808058596,0.1967483300376179,0.0,0.5222664063400824,0.5110118264412364,0.7513763258076149,0.3248950808899125,0.4674213565884008,48
s_curve,pca_90pct,ok,,1.0896061098791983,1.0668575283373263,0.9908820665542895,0.981479332514303,1.3255216656415478,0.5969527991737337,0.6010064180566567,0.6376263146444516,0.40304720082534107,0.39899358194232915,0.3623736853547149,1.2468672042947864,1.2147929409075071,1.0874633478337303,7.382435317299129,7.414053115541124,6.458795727722617,8.11740591648844,0.5079878222241944,0.5193282487522364,0.23203336597180596,0.0,0.48392919004942797,0.5169393726622524,0.2600005501236835,0.0,0.13191328469448174,0.15848596632110667,0.0,0.3682996815224963,0.331669020793954,0.5820436856165077,0.22911440094054733,0.362081742237697,48
s_curve,pca_95pct,ok,,1.1400066110701454,1.1195283518551487,1.0474866857383138,1.0227091258326766,1.3560772306386029,0.6201975095903852,0.6262412226455243,0.6572382571493124,0.3798024904087722,0.37375877735360474,0.3427617428498913,1.24726584716325,1.229284090014918,1.0775630894454715,8.068588107338122,8.216908274445935,7.1228425148371395,8.823593069796985,0.4686305845882245,0.48687290117466253,0.2014975088700009,0.0,0.45301215681052737,0.4786124782918514,0.2581569701107305,0.0,0.12238344545653224,0.1493144937495659,0.0,0.17296994652602493,0.15466934295489942,0.32114475056591457,0.10760233491162563,0.1997799369169878,48
s_curve,position_only_manfit,ok,,0.6456006016850674,0.6231162330096045,0.503571001184857,0.4784558053555924,0.7135040173537411,0.4139304816911266,0.41436852204076885,0.47614962168073227,0.5860695183034411,0.5856314779549052,0.5238503783154479,1.5573192150220914,1.4727882561038057,1.1608996816389097,4.518557961067758,4.565622983108597,3.6369595918055317,5.268295628808579,0.4730985919843904,0.49639220997975675,0.20485590348815533,0.0,0.45692523378214495,0.4714519702878873,0.24987757080799217,0.0,0.13493721994729363,0.15782629513871532,0.0,0.7851129662573979,0.7734656212024732,0.9185671418590825,0.488408478093491,0.5714285702358377,48
s_curve,velocity_manifold_fitter,ok,,0.553239095175998,0.5312954676575998,0.3976857397125188,0.3856897494258763,0.5351183564038388,0.362716380769306,0.3639866621856279,0.43875229774418834,0.6372836192245657,0.6360133378096686,0.5612477022477544,1.705120017603609,1.5290515997807925,1.19987941470592,3.980946390172003,3.9664518593821025,3.176339399816582,4.8066538912487475,0.8867420907617198,0.9395852527253926,0.6908963993301913,0.0,0.764814596451663,0.8030827560450475,0.5886272475821308,0.0,0.26811779040971945,0.3156787887833816,0.0,0.8707906929550194,0.8610454140064315,1.0845354643245781,0.5417074680495126,0.6746752866587161,48
swiss_roll,raw_noisy,ok,,1.1507289448298204,1.1283084950685873,1.0738151924657677,1.0370409084028995,1.3824511170433103,0.6255131696898976,0.6275935287545699,0.6629058478019167,0.37448683030924496,0.3724064712445754,0.33709415219705985,1.2829535106408552,1.2492079685775184,1.0859193979749437,8.340051594865384,8.427745139966099,7.309243533042611,9.156566600725768,0.5181478711902953,0.5371867354929366,0.24972842542764734,0.0,0.4209785217077863,0.41851077098112743,0.23250056911104103,0.0,0.2387951030906147,0.2361562490231987,0.0,0.0,0.0,0.0,0.0,0.0,48
swiss_roll,pca_rank_d,ok,,0.5069935413694079,0.4697675779317552,0.341731113542844,0.30692685861640595,0.47668897922599396,7.313918652063902e-17,4.768822300833611e-17,1.5431748685745686e-16,0.9999999999934948,0.9999999999933552,0.9999999999910623,60212565473.78666,54992235473.58032,40007696921.36673,1.840864435128509,1.8860183272385915,1.6359027687906789,1.9783828669634969,1.0,1.0,0.9999999999999996,0.0,0.9503100123937425,0.9942786160394266,0.8606310331655936,0.0,0.6113417393105066,0.698379718380755,0.0,1.0277221134636334,1.001428167668452,1.3670003712529675,0.651257286462743,0.8662545455749527,48
swiss_roll,pca_rank_2d,ok,,0.7058195304794967,0.6706998694471872,0.5814717271393735,0.5454803368769914,0.8493829881092441,0.2943791496512176,0.28979180136790494,0.3732945100786086,0.7056208503461955,0.7102081986295596,0.6267054899185507,1.519085507792369,1.4712672112598384,1.1197878834493844,3.2000810801821498,3.2167056334711663,2.710064622356876,3.65049467154347,0.7667421593436388,0.8278269177870656,0.46186143855099254,0.0,0.7784845074293634,0.8443569938440891,0.49646905326429036,0.0,0.46617174847810644,0.5032935129610279,0.0,0.9048922096738309,0.8975919215040515,1.1764283676543723,0.5734211975135319,0.7454909614178421,48
swiss_roll,pca_rank_5d,ok,,1.0270249729324215,0.9998908000580966,0.9378700693793168,0.920849666691532,1.269963210802559,0.5509113625658238,0.5517958681333761,0.6035710041857196,0.44908863743306976,0.44820413186547303,0.396428995812968,1.3241584905479293,1.2663232876799113,1.094540659841445,6.3951180573620965,6.420977328832439,5.678776749861494,7.167739224029258,0.579231076148494,0.6000534492202054,0.3033408341941587,0.0,0.5289866298275961,0.5258820655449756,0.31449613655577857,0.0,0.2861275649086891,0.3004553695661327,0.0,0.5037635694109092,0.4923385229048286,0.7216760176641538,0.3192299658977258,0.4573189180343802,48
swiss_roll,pca_90pct,ok,,1.0881284191464207,1.062878728918789,1.0060970111236527,0.9978778679659188,1.3471284855676655,0.5852123952307728,0.5859111190103005,0.6289512768686755,0.4147876047682507,0.4140888809887191,0.37104872313009907,1.3055102617281407,1.2657155362196169,1.0914400634416737,7.199723541950982,7.203650160942537,6.467783766113274,7.99515696894807,0.5444138240393409,0.5791400626837997,0.24122430572672995,0.0,0.4787858457652547,0.48430234427565144,0.27195008624102307,0.0,0.2601883074723671,0.2518659745673174,0.0,0.3452527942582514,0.33733187461291514,0.5432454855936552,0.21878326347822125,0.3442492636832594,48
swiss_roll,pca_95pct,ok,,1.1118117696371157,1.087197607574724,1.0328242059028685,1.0131770154273858,1.3562829899841926,0.6007462138728672,0.6008420030944162,0.647954042229968,0.39925378612620693,0.39915799690477743,0.35204595776920483,1.2918689681592308,1.2569991331979136,1.0847423945903367,7.611018307906867,7.640190836595281,6.710715331334604,8.442409297645922,0.5445951996182362,0.5686219491044844,0.2689042743881451,0.0,0.4621716005101393,0.46656692866599236,0.24988257161957023,0.0,0.2572723366903483,0.24829030582168757,0.0,0.2659651809429355,0.25255018143637153,0.4660470808178504,0.1685394911380369,0.2953294020252256,48
swiss_roll,position_only_manfit,ok,,0.6137350352087803,0.5887940760705644,0.47767882877538664,0.44141954993987087,0.7484706601222761,0.36513183538518224,0.35602910421658895,0.4558463010086922,0.6348681646085104,0.6439708957804178,0.5441536989857509,1.9168966992469134,1.8271644450467277,1.2659590816948403,4.094452350752546,4.033599911630294,3.173497099371947,5.103059932926002,0.5687694138269179,0.5908691897429932,0.37014686548843345,0.0,0.4753048515780919,0.48644966171672355,0.2115965218036228,0.0,0.2829109555811362,0.28996105622672125,0.0,0.7923529195987752,0.7823685494146486,0.9310727965618009,0.5021061681738253,0.5900115751567631,48
swiss_roll,velocity_manifold_fitter,ok,,0.5383051811694503,0.519244867599576,0.40921972461105605,0.3895537333739437,0.5230306562023791,0.31744544878311504,0.3190523299773256,0.39452159641885626,0.682554551211198,0.6809476700174211,0.6054784035743533,2.2249516161693785,2.1750579738343667,1.3020104414007359,3.650708892826816,3.6534532739633345,2.7734325654192027,4.438472120725793,0.9147056369751542,0.9670368958949214,0.7538411593982106,0.0,0.7871687066534415,0.8404806660017374,0.5763629253023358,0.0,0.47093486942838453,0.5400791212959517,0.0,0.842158777592448,0.8087754617393431,1.1319098092399875,0.5336676452520899,0.7172799935206223,48
half_sphere_rotation,raw_noisy,ok,,1.1537989109953886,1.1316085910386362,1.0612732957582276,1.0414651254360578,1.3628833904878075,0.6193272763191799,0.619762805139671,0.6542874865222336,0.3806727236800499,0.38023719485958307,0.34571251347696025,1.29367817154475,1.2432812889230158,1.0877107861799753,8.23848073266805,8.257308896610073,7.601095976562113,8.959556738371507,0.543489084812278,0.5677051681457934,0.28243266299533154,0.0,0.4560570239891055,0.47857207192974793,0.2418316322483511,0.0,0.2293313141572101,0.2583474302556087,0.0,0.0,0.0,0.0,0.0,0.0,48
half_sphere_rotation,pca_rank_d,ok,,0.5706611571417245,0.5395080037415869,0.34813838189684776,0.31359444372445544,0.5104568001902082,6.049122898108862e-17,3.585289688521152e-17,1.3524915483572954e-16,0.9999999999937779,0.9999999999942611,0.9999999999906393,60036335753.795784,53711094386.31297,38171399284.58725,1.7974652209897513,1.8149198617866644,1.5843069018063904,1.989322395579822,1.0,1.0,0.9999999999999996,0.0,0.9443332728740842,0.994373168733992,0.8719197089524791,0.0,0.6060340662868074,0.6866293864271404,0.0,1.0629542311631874,1.038276841833516,1.3744503916441968,0.6550757055921526,0.8470440529903736,48
half_sphere_rotation,pca_rank_2d,ok,,0.7031404410990387,0.6638719482102499,0.531874061778747,0.5002473143005431,0.7739458063406761,0.29749159242681933,0.2914497142434638,0.3646878101356231,0.7025084075709853,0.7085502857544594,0.635312189861608,1.536384392311805,1.4798039572813115,1.14200555562547,3.236427643505649,3.2679744842121328,2.8794947124875736,3.6391219232025125,0.8211431450878425,0.8696533649626974,0.5943087247935603,0.0,0.8126268060977831,0.8676136791399602,0.5510719137639811,0.0,0.46164382177283436,0.516297085187801,0.0,0.9100290644714942,0.8831640933586642,1.1660701613022941,0.5608312324658408,0.718623823388107,48
half_sphere_rotation,pca_rank_5d,ok,,1.0180058052060075,0.9894512175487139,0.9067005051071049,0.8749962279909829,1.236418846691886,0.5479642635415272,0.5490032320026093,0.5967804198430697,0.4520357364574615,0.45099676799645627,0.40321958015577725,1.3215242686094504,1.2751004147624685,1.1033020440583707,6.380981429841324,6.358434033086738,5.789095971531313,7.100246143535121,0.5997297861395249,0.6129580628031328,0.35340980105322145,0.0,0.5627216253699056,0.5807576933786806,0.3184704744233114,0.0,0.2913888873402098,0.30343400496865375,0.0,0.5211661184678157,0.5093333569718475,0.7504455316141985,0.3211834082568459,0.46248335226314896,48
half_sphere_rotation,pca_90pct,ok,,1.0837648012710235,1.0591958597429387,0.9824293608080301,0.954780163850963,1.2987712789962396,0.5838628976348145,0.5855647857770638,0.6283221537311708,0.41613710236430684,0.4144352142219887,0.37167784626783057,1.325643022272921,1.2910997314094932,1.1068131308688627,7.236985933076928,7.273646081548016,6.577442625913999,7.925722827729185,0.5950180717825132,0.6379597636711375,0.3418201958566381,0.0,0.5133195720880565,0.5220191604119228,0.2696686568089297,0.0,0.26003566784312127,0.29334226633994054,0.0,0.36745877418163037,0.34979556218548136,0.5736835104727115,0.22645689599414562,0.35354874122684576,48
half_sphere_rotation,pca_95pct,ok,,1.1103073037156321,1.0869719606126125,1.013156904422545,0.9873209818863333,1.3237335558362124,0.5954541236960764,0.5910482062743034,0.6329062321477957,0.40454587630309197,0.4089517937248156,0.36709376785133346,1.3239580282337537,1.3007052420946918,1.089682135710621,7.569562276367517,7.5154954815000306,6.866353499177508,8.313020193343641,0.5714886853409319,0.6054206619055531,0.32083292134684105,0.0,0.498655688815602,0.5347795948354881,0.2668133031496802,0.0,0.248462445549403,0.28056308796460583,0.0,0.27607123401806805,0.26240769674830133,0.5139330703417219,0.17013673130608953,0.31672583711608476,48
half_sphere_rotation,position_only_manfit,ok,,0.6447040740874431,0.6149258305857389,0.4894463078669872,0.45114394644113676,0.7001035432149297,0.3784445500968115,0.3882553894830387,0.4547927352151366,0.6215554498992375,0.6117446105116455,0.5452072647807443,1.718038211132433,1.5646700212291105,1.2174220677337901,4.104019742373138,4.201235684429413,3.114654465938181,5.032950846091051,0.565641026272521,0.58598231701109,0.33725755147639863,0.0,0.5151951595524715,0.5448432311381062,0.2375555499623288,0.0,0.26784362932177597,0.29474594577943025,0.0,0.7766520345932555,0.770382923602692,0.8965189490289042,0.47863385331654107,0.5525052404835694,48
half_sphere_rotation,velocity_manifold_fitter,ok,,0.5499869469503378,0.5335407023448584,0.39863587757800156,0.38587909452275027,0.47921561502408383,0.2651417301710024,0.25520377991125204,0.35385807241265177,0.7348582698232834,0.74479622008304,0.646141927580371,2.964703947120083,2.689334963166764,1.5230708046794903,3.2166254178397122,3.194642136408607,2.3888366560403425,4.181422936689755,0.950446525428402,0.9775177989100021,0.8995033604283905,0.0,0.8145789371447834,0.8434084019061745,0.6266702231401751,0.0,0.591290305816906,0.6428938651036936,0.0,0.882867608288462,0.8606012534400422,1.1332264053920582,0.5440922144043203,0.698382926888123,48
potential_saddle_surface_saddle,raw_noisy,ok,,1.1596813309952834,1.142758711609773,1.0901706063691856,1.0688160135834144,1.3728675567317918,0.605174315738137,0.6070010665786245,0.6432066684055058,0.3948256842611669,0.39299893342068337,0.3567933315937996,1.3511530830522296,1.3184672273895335,1.1003484345952568,7.968773715354809,8.04404207659125,7.057210912608901,8.79887734505385,0.722820754105551,0.7796588713814743,0.4569093028623108,0.0,0.5047460602702217,0.5410369390823786,0.19770915488272703,0.0,0.714865677734407,0.7736982877251115,0.0,0.0,0.0,0.0,0.0,0.0,48
potential_saddle_surface_saddle,pca_rank_d,ok,,0.5237343980652719,0.48754438163250646,0.3155920753434838,0.2608734098232547,0.5526488413027799,5.614709733821911e-17,2.5543490108421328e-17,1.474519126208088e-16,0.999999999996002,0.9999999999959812,0.9999999999952561,94551844205.2376,92627480062.58603,70024936828.72678,1.8549539123665197,1.8926836445620268,1.704288667630003,1.9800703067572312,1.0,1.0,0.9999999999999997,0.0,0.9359639315628245,0.9906912671150887,0.8716953043005049,0.0,0.6992181525986829,0.7683875388538948,0.0,1.1015381280451066,1.0783749484359209,1.4129837968816839,0.6362606331992565,0.8161551038634732,48
potential_saddle_surface_saddle,pca_rank_2d,ok,,0.6639752152729385,0.6256010821027431,0.5186293135577383,0.4754882850892168,0.8770240336824272,0.27511988404121285,0.2720264563043546,0.32860249363434413,0.7248801159568752,0.7279735436936711,0.6713975063636208,1.665441297944327,1.6223866742834054,1.2020194087176088,3.1131175784243488,3.119823346382627,2.784242327046943,3.414003033667072,0.8513419985681303,0.9211499489814694,0.5890268957782111,0.0,0.7828365594474666,0.8657901944545132,0.5400552418701605,0.0,0.7503729676648402,0.8287522386938732,0.0,0.9400790026027217,0.9272177234152166,1.1559925300868577,0.5430000525854157,0.6677140994401932,48
potential_saddle_surface_saddle,pca_rank_5d,ok,,1.0277152848892888,1.0040193746836732,0.9437225861610671,0.9064469208905208,1.2662423618994325,0.5327054873041966,0.5340764195773717,0.5748192962218176,0.4672945126949118,0.4659235804217483,0.4251807037773316,1.4098672512458943,1.348010671976493,1.1157770585389897,6.177117358976276,6.17647150034632,5.565617990734923,6.772193411157774,0.7600314416031886,0.8161755714861063,0.528046189458934,0.0,0.5651264079644058,0.6304211608079607,0.24432099521859132,0.0,0.7257577715422933,0.782989907016379,0.0,0.5174022493836052,0.4912379905260693,0.7115632880119083,0.2988572745963559,0.41100684276383265,48
potential_saddle_surface_saddle,pca_90pct,ok,,1.0616045605146058,1.0396834363901184,0.9815592396939264,0.9666154900492903,1.2882022212710857,0.5530201397849507,0.5567283258702016,0.5907913486608907,0.4469798602142109,0.44327167412890567,0.40920865133827466,1.4030743348972357,1.357367481203784,1.1408653917513523,6.607390731214368,6.601910499180336,5.936841033087514,7.259084610376915,0.7414006756771179,0.7911406644247794,0.5349447735145942,0.0,0.5427973066899915,0.6134112931361073,0.23360225720881506,0.0,0.7182115693712255,0.7795029711687305,0.0,0.44384986719675334,0.43934438688289407,0.6477521232465074,0.25637260332440176,0.3741488066549332,48
potential_saddle_surface_saddle,pca_95pct,ok,,1.115532687871893,1.0967568945407216,1.0418564040021425,1.0178950652558219,1.314289087830244,0.5837552001692129,0.5863291030297038,0.623179241628637,0.41624479983002893,0.4136708969694928,0.3768207583704908,1.360462873550443,1.3122280027978013,1.1386761855336143,7.342500611888666,7.3796479452299835,6.628735077050995,8.058542777905044,0.7210788863109326,0.770202599253932,0.5089311349968131,0.0,0.5183300318878146,0.5768726177399195,0.22010956867042053,0.0,0.7179018536240104,0.7775056907749314,0.0,0.28423537174612284,0.2612313232321908,0.46847062894046754,0.16417750144133794,0.27059382822626205,48
potential_saddle_surface_saddle,position_only_manfit,ok,,0.6761001781761506,0.6546818528995566,0.5389440815608318,0.5338394998023364,0.7587587775242995,0.3760979296308903,0.37923172564587104,0.4303132623425311,0.6239020703665167,0.6207682743518046,0.569686737654542,1.8135295674145628,1.7385993142426668,1.2879380248081387,4.125285878090976,4.126001474544598,3.326903760659445,4.896838463720637,0.7547131494369176,0.7953874856873158,0.5638420236128517,0.0,0.5929945243259376,0.6528227162287203,0.3259622758647612,0.0,0.7624048962668183,0.8312545130972288,0.0,0.7775467684984052,0.7632125299721615,0.9538696815112133,0.4491196325131405,0.5509657015912621,48
potential_saddle_surface_saddle,velocity_manifold_fitter,ok,,0.511006190635663,0.48419484521475753,0.34544985794863997,0.3302111997823358,0.45225230583870085,0.19589036041012756,0.18463480481094713,0.26855673536394675,0.8041096395857822,0.8153651951852712,0.7314432646317255,4.259340413341977,4.25339578779468,1.8926601676013235,2.742734403773762,2.703209330202804,2.191143081955808,3.355940710457849,0.971246578306814,0.9822610139156495,0.9561226552802503,0.0,0.8390608431894978,0.8910443889184153,0.7003702195355466,0.0,0.6939382669041424,0.7519891428030082,0.0,0.9049665620384684,0.8822386152492809,1.148650041921724,0.5227187176975976,0.6634729968852623,48
flat_rotation,raw_noisy,ok,,1.1436468604211683,1.1253459947734195,1.0562012108813645,1.0462291933359094,1.3298660645512723,0.6157628560347556,0.6207984353060181,0.6481805236434687,0.38423714396442166,0.379201564693117,0.3518194763557892,1.3023504069842706,1.2675827893280598,1.1108671772884269,8.039176488723175,8.09155823349202,7.201384770466172,8.710251665395113,0.4867732735330691,0.4670782118282636,0.2770372520692456,0.0,0.4342107368550929,0.44731305342171546,0.1709015932438785,0.0,0.14408747503310468,0.15364178407595902,0.0,0.0,0.0,0.0,0.0,0.0,49
flat_rotation,pca_rank_d,ok,,0.48504293263804876,0.4444064524125069,0.24108002307915466,0.2083409095371227,0.44632078759319105,6.918516879082449e-17,5.3989117594469386e-17,1.7439980737671104e-16,0.9999999999943368,0.9999999999946649,0.9999999999921882,67270745471.61755,65095143832.53292,47872931614.92496,1.8470178561654589,1.8872472147679273,1.6531906452747624,1.9833773643124337,1.0,1.0,0.9999999999999993,0.0,0.9696142994792271,0.995603391998729,0.8965667163566373,0.0,0.46646734513800797,0.5335039725689734,0.0,1.0237127088531492,1.0113928056826802,1.3017114138627608,0.6450542274476684,0.8202247009023953,49
flat_rotation,pca_rank_2d,ok,,0.7037781923895053,0.6696899240675988,0.5411069697822699,0.5276672478316369,0.7724836763563434,0.2993497555333305,0.3016857584367322,0.35715164709666936,0.7006502444642874,0.6983142415607904,0.642848352900888,1.5345413941627564,1.4584635503039916,1.164762032038353,3.2605208308919824,3.285261037151143,2.9205278550211755,3.6070247665035873,0.768914899923864,0.8163755350913686,0.4772473886609875,0.0,0.8012219902956752,0.845296930176759,0.5799460969990119,0.0,0.34311885503626205,0.3881056020384015,0.0,0.8866298051301023,0.8896736921913859,1.174429540408074,0.5586765691528764,0.740022794801821,49
flat_rotation,pca_rank_5d,ok,,1.030426431505644,1.007093918091634,0.9284402402026909,0.9179062283110048,1.1961166366488183,0.5524806918195815,0.5532511659217254,0.5929389252246332,0.4475193081793808,0.4467488340771135,0.4070610747742459,1.3316693276077496,1.288388762525296,1.1298848218479025,6.405601962990831,6.441809094532782,5.81466732811927,6.974804634490192,0.5430349896966438,0.5692941275038452,0.2571427247253581,0.0,0.5037837329327662,0.5088411174310483,0.2520228574114082,0.0,0.18781326332623863,0.19771917684126128,0.0,0.46359038613038955,0.4370086450977392,0.7201578852362222,0.2921141212679835,0.4537805228791351,49
flat_rotation,pca_90pct,ok,,1.0648812627705697,1.0432626649631969,0.9681727446640574,0.9695173142338298,1.254539098057957,0.5773912401118321,0.5784391650807637,0.6145873292848993,0.4226087598872093,0.4215608349182811,0.3854126707141542,1.3019504014975236,1.2588866321550787,1.0813623208463163,6.9404424175026405,6.952464886865789,6.262122128549903,7.576878523977884,0.5193637876270933,0.5230254981437412,0.2656664331078478,0.0,0.48182197362345125,0.5021273953627781,0.2286407957655451,0.0,0.17769146115895382,0.19407285396739044,0.0,0.38295791063758006,0.36462386211756703,0.5953704399304669,0.24130658636448898,0.3751503872651608,49
flat_rotation,pca_95pct,ok,,1.1211963862940864,1.1015579496209378,1.03069031714993,1.0112538556314383,1.315865995663549,0.6069742994344395,0.6074666063611535,0.6450232026342867,0.39302570056469793,0.39253339363794293,0.3549767973648657,1.3006787466582679,1.27983711933457,1.1074914393898105,7.741945187443872,7.78916245967466,7.034626234636508,8.356999749289733,0.5026114165290546,0.508324164037818,0.2574930549315379,0.0,0.4469666885272799,0.48206868302249534,0.17090945774347388,0.0,0.1549398350205804,0.16586645558255653,0.0,0.18051225286888656,0.13779430740968318,0.36203846021836605,0.11374303631496777,0.22812497807527155,49
flat_rotation,position_only_manfit,ok,,0.6048498312273862,0.5795523082453459,0.447379396523088,0.4095343688085068,0.6558702616929165,0.382578307863913,0.37461730625833456,0.4604577207816091,0.6174216921315429,0.6253826937381142,0.5395422792146715,1.9537689590074971,1.9589413901831103,1.2341617701462175,4.290891281207477,4.312517508061376,3.4862992533228017,5.057092904850753,0.4935374755687004,0.5072950298888241,0.24616268893129972,0.0,0.4682004517952077,0.49307433016338376,0.2688001538640494,0.0,0.17033997893259847,0.18659873490714493,0.0,0.7691389492752241,0.7627059410140538,0.8798708285315601,0.4846441061383867,0.5544176531597421,49
flat_rotation,velocity_manifold_fitter,ok,,0.49194578750049295,0.473632198253057,0.32720921706706124,0.32109443664471515,0.4265447651337606,0.2759409880449946,0.2918258792775015,0.36251841494812753,0.7240590119491105,0.7081741207164644,0.6374815850440624,3.361352513330693,2.7697706963782434,1.5778534617265152,3.308164972699929,3.2907223706741147,2.5633264803779476,4.037918973947262,0.9532258565842288,0.9742632153815414,0.8976509897458095,0.0,0.7971627544447916,0.8322659851545877,0.6079875449524369,0.0,0.42886445059919576,0.48410853414999644,0.0,0.8514695671410107,0.8523095044684452,1.0779956396609467,0.5365216618661065,0.679258583506749,49
flat_spiral,raw_noisy,ok,,1.1121692216629764,1.0951821743210095,1.0181883679182973,1.00194737174786,1.2959955129361074,0.6254076833807649,0.6239131353460873,0.6569062615797595,0.3745923166183204,0.376086864653006,0.3430937384192329,1.2817754290458407,1.2460828358383402,1.0844278819179192,8.206416442716636,8.192162483059896,7.570637924121485,8.797168633792076,0.4615869100406674,0.45698966252013973,0.22859593559707211,0.0,0.3221516773633912,0.3423556285967527,0.11036858774187168,0.0,0.16699632181116045,0.17380090229796258,0.0,0.0,0.0,0.0,0.0,0.0,49
flat_spiral,pca_rank_d,ok,,0.48891931529215815,0.45513925626873325,0.24182569008750116,0.23153518040363263,0.382683921064745,9.405757559193058e-17,7.394272863901139e-17,1.6875318417667817e-16,0.999999999992609,0.9999999999937395,0.9999999999866385,55295553620.60369,58600082108.88992,29047367117.89548,1.841265522793069,1.8760547095519036,1.668090547638451,1.9805165804246054,1.0,1.0,0.9999999999999996,0.0,0.8609281747491256,0.9847705581906417,0.5851043217441463,0.0,0.4070034735123412,0.5087045735179765,0.0,0.9867828210935116,0.9703672854389012,1.2547120642036194,0.6645774564668319,0.8450221613127072,49
flat_spiral,pca_rank_2d,ok,,0.7061510146839777,0.6672173721504002,0.529907545697972,0.5181617200012119,0.8538182247770985,0.31271506799464033,0.31161148183078163,0.3713442860651517,0.6872849320025005,0.6883885181657173,0.6286557139317931,1.4730629299012628,1.4022915748938534,1.1264926994382065,3.3431666350494056,3.367065571491847,3.036319645927577,3.634541074423781,0.7335549986161115,0.7814926428480502,0.39756939771006256,0.0,0.6363271813040856,0.7033100042981728,0.3173069362068211,0.0,0.2975071140095372,0.32290049202962723,0.0,0.8467950823951702,0.8370621937561312,1.1002745052720508,0.5702986614452564,0.7410117165585599,49
flat_spiral,pca_rank_5d,ok,,1.01241175890072,0.9923939276595621,0.9049887730590681,0.8914763862321351,1.1729438759449162,0.5708505331500094,0.5688463543791548,0.6060758200261027,0.4291494668488648,0.43115364561973774,0.39392417997276885,1.2863296330992493,1.2286100399225597,1.111094966243709,6.689439984429242,6.717847033967745,6.188922485877548,7.136256788117898,0.5215440130591933,0.5485089726516365,0.239214956815369,0.0,0.38782619461727125,0.3841317064863548,0.1365757160394513,0.0,0.19414246793234513,0.20661853431662114,0.0,0.43978878961259876,0.4200404180749515,0.6304697254159517,0.29618849146510473,0.4246080875546265,49
flat_spiral,pca_90pct,ok,,1.0426969496359575,1.0229752923893665,0.9387170192992341,0.9208136035468675,1.201928168610228,0.5851860294515928,0.5868628102870751,0.6189702095617861,0.4148139705473521,0.4131371897119692,0.38102979043695984,1.3065110744602397,1.2655291507271023,1.1026981918093637,7.081426373647881,7.049244578279993,6.612827622051572,7.63203920065505,0.5028142802551663,0.5010560672626995,0.2517946787623024,0.0,0.37567453561141806,0.3889831187799583,0.1395683424313098,0.0,0.18629750709674422,0.18459648656543265,0.0,0.36619061580180734,0.3605283263868472,0.5769840859702278,0.2466216707764575,0.3885866353561059,49
flat_spiral,pca_95pct,ok,,1.0903411168187922,1.0721509212403286,0.9935065979353309,0.9580576071954079,1.2787701458236782,0.6137355277723169,0.6161064767400304,0.6483905228980207,0.38626447222672516,0.3838935232590436,0.35160947710094725,1.2785463916249875,1.2298368021134998,1.110639130556496,7.839942089191852,7.886641790924867,7.192520597254834,8.394924929579856,0.48094421783197455,0.48734348586513887,0.24143691180023244,0.0,0.3383509469041469,0.35607608321861933,0.103547103750129,0.0,0.17322755155919556,0.17851930994064746,0.0,0.17293928654739377,0.14696507921072147,0.3469116679916503,0.11647096880901635,0.23363770528257827,49
flat_spiral,position_only_manfit,ok,,0.5639389613126063,0.5372830375750139,0.38209505397505417,0.34993635944176094,0.6226933267803351,0.390301687670992,0.39167740474670965,0.4712493136744315,0.6096983123220174,0.6083225952464798,0.5287506863157544,1.9878494670736555,1.878055290938283,1.374756687065264,4.443725196345059,4.446854713285571,3.635865541296301,5.231602729700474,0.566864927339536,0.6018849687231123,0.2846146066602214,0.0,0.3689850541823193,0.3523103955920895,0.08944483536725994,0.0,0.1982861526139055,0.1891038913964013,0.0,0.7787301970657701,0.7849272799036964,0.8837150177225794,0.5244583940632275,0.5951634606577312,49
flat_spiral,velocity_manifold_fitter,ok,,0.5052844320201378,0.48156227800330603,0.31931712350695185,0.31052496667548224,0.3898602689211771,0.3186216788759111,0.32107750734392443,0.42777318612210796,0.6813783211174378,0.6789224926495327,0.572226813870693,2.8411276352332195,2.632716788125297,1.5059478225659921,3.7823879777744325,3.6986492521702146,2.790926521871504,4.810336315995913,0.9597319088252436,0.9714601966641321,0.9183234123867116,0.0,0.7013051055966665,0.7479436068063308,0.46373162469248547,0.0,0.3846130843965593,0.45368205632366077,0.0,0.8106686836297688,0.7975793325435457,1.036657870669364,0.545968292401933,0.6981672523973552,49
flat_saddle,raw_noisy,ok,,1.113526930332689,1.094532839792039,1.0238006286654129,1.0196368743177326,1.2894058292456752,0.6135798018465977,0.6127260662974099,0.6497200345134514,0.3864201981525239,0.38727393370171803,0.3502799654856885,1.304271265861476,1.283056395444259,1.103921623131567,7.998434794475011,8.046262571629256,7.239234869622829,8.70511368509731,0.4658607893970437,0.45658987065041573,0.21336139504489735,0.0,0.439586627311185,0.46285268071022434,0.1676109858805634,0.0,0.13789424806272146,0.1411001359863107,0.0,0.0,0.0,0.0,0.0,0.0,49
flat_saddle,pca_rank_d,ok,,0.4689401290772625,0.4301904119551464,0.22567034427334456,0.19049575177413386,0.38128480218180505,9.414183222160876e-17,8.276777501940042e-17,1.6170721989226736e-16,0.9999999999943554,0.9999999999949336,0.9999999999914538,70239837086.45631,70292580561.59665,44905652761.52766,1.8571887055212355,1.899515068324943,1.6762981067493083,1.98713203538747,1.0,1.0,0.9999999999999996,0.0,0.9434286474580306,0.9948215569747298,0.8399702467689371,0.0,0.43227624681392374,0.483456814856186,0.0,0.9937439848450164,0.9495789428783421,1.2563143507336174,0.6415622825459758,0.8110780188295973,49
flat_saddle,pca_rank_2d,ok,,0.6886972697377355,0.6496643083641651,0.5152562679323285,0.48467323960918507,0.8280515813389226,0.2974695567403567,0.3027292883657474,0.35069549083511625,0.7025304432570815,0.6972707116318346,0.6493045091624499,1.5971944824574325,1.5082318518885218,1.1404301092317461,3.2720889655760885,3.290419430524794,2.9360292786596154,3.5772719159830357,0.7543756211977493,0.7998471057045338,0.45295995653257143,0.0,0.7899732395622331,0.8699780178694385,0.5063491524010922,0.0,0.30419710927516513,0.3363278993529204,0.0,0.8587834028843022,0.8430575451660959,1.072073642527385,0.554431572486933,0.6921320014475526,49
flat_saddle,pca_rank_5d,ok,,1.0182168779012883,0.9929080700291966,0.9125997506212026,0.8878314963447288,1.1929785602405414,0.549756545682041,0.5469291303977235,0.590336044721729,0.4502434543168486,0.45307086960115484,0.40966395527717975,1.368430266246721,1.3182114861131304,1.1374901109618314,6.421943311873182,6.392390219278347,5.867920162400517,7.040947995455533,0.5329184144537635,0.5586623797035907,0.22014104121384925,0.0,0.501431851715815,0.5400765696120701,0.21816376142049118,0.0,0.16937325681817156,0.17576841537300517,0.0,0.42905824158479944,0.41182468770304703,0.6294784647617017,0.2770005041683218,0.40639203539837077,49
flat_saddle,pca_90pct,ok,,1.0458349595035668,1.0217814726961039,0.9442082230042487,0.9231658840611863,1.2380360345972745,0.5699564521340756,0.5717527990535163,0.6133898687337641,0.4300435478648859,0.42824720094539825,0.3866101312652516,1.3391810035969676,1.306675401347986,1.1323558082065457,6.851188943248798,6.88140017669541,6.246356303328651,7.462140242916435,0.5044525451681221,0.525338258188909,0.20399845966488606,0.0,0.48363120690346817,0.5147894572543704,0.2165954709494577,0.0,0.16054266916419965,0.15632857760393604,0.0,0.3526517039677598,0.3429314174432232,0.5701347485286224,0.22767235383726042,0.3680796625720912,49
flat_saddle,pca_95pct,ok,,1.0939361976826354,1.073748023877343,1.0019634877737316,0.9790437340219086,1.2848286471962331,0.6035568720931668,0.6046345831926587,0.6417923798584494,0.3964431279059191,0.3953654168064364,0.35820762014057816,1.3199240354959183,1.2959437947646766,1.1041357045144065,7.692601613334188,7.703909130733394,7.019207650732481,8.418122379750223,0.48632881679786877,0.48217769907766034,0.2381937312178858,0.0,0.4488742255413286,0.47497398164005017,0.16303322993793448,0.0,0.15124138423910047,0.15095099734216544,0.0,0.16636354874958179,0.13815188618911006,0.32892240342953655,0.10740450226209555,0.21235268956890638,49
flat_saddle,position_only_manfit,ok,,0.5897488427922919,0.5669847598252686,0.4185877872587977,0.38904071770825543,0.6047631411624281,0.34605454327903046,0.35213007964063414,0.41039118763448834,0.6539454567152767,0.6478699203539446,0.589608812357772,2.237458917514206,2.1528860213666885,1.5745570213211104,3.9880854730118953,4.035394808603246,3.2076694350687496,4.644644543251701,0.5123048299534345,0.5282430156414011,0.22987145788796803,0.0,0.45867615780306775,0.4904469612226864,0.1832429925171439,0.0,0.15020722146343768,0.16128007410741257,0.0,0.7754112766636965,0.772751969355814,0.916480101130182,0.500606429980893,0.5916806285682796,49
flat_saddle,velocity_manifold_fitter,ok,,0.5226646555342821,0.500309595910592,0.34403637413352894,0.3307910461312875,0.43324993155699787,0.24868421468988716,0.2630957386868227,0.3205831613130514,0.7513157853047211,0.7369042613065664,0.67941683868157,3.4986001010967613,3.180801325573447,1.8802746806188892,3.199096808831923,3.2018903429773804,2.5403942907880226,3.8715865833249072,0.9757836281180537,0.9786297998014015,0.9552103539848953,0.0,0.8101621849184822,0.8594636603844028,0.6577528687308914,0.0,0.391355523225774,0.4985609598448979,0.0,0.8111852211281149,0.80437255195741,1.0473737802788463,0.5237021304996183,0.676185741400288,49
s_curve,raw_noisy,ok,,1.1336180636906763,1.1184515822357362,1.057657894738307,1.0492784687886134,1.292455575939606,0.6304611613871098,0.6311452401409581,0.6635501452573844,0.36953883861210185,0.3688547598581823,0.33644985474175004,1.2484579211902178,1.212294047824499,1.0957857262958195,8.402799019992962,8.418601121397966,7.6516047399603755,9.096566903316559,0.5000645889215265,0.5295838462862037,0.2434223996118572,0.0,0.4463423308195028,0.45334529501147336,0.22835049682921504,0.0,0.09714820250004315,0.12425231536272638,0.0,0.0,0.0,0.0,0.0,0.0,49
s_curve,pca_rank_d,ok,,0.507202297155236,0.48187625787749755,0.3033977188604891,0.29339366333991734,0.44376377302434655,4.6277839073177563e-17,2.640794389931098e-17,1.146307056068585e-16,0.9999999999928095,0.9999999999933604,0.9999999999893854,52361112721.368996,50744243835.075836,33541083924.330185,1.8117278877334888,1.8367667175716145,1.5762294685252514,1.9849464961141736,1.0,1.0,0.9999999999999994,0.0,0.9569411893523607,0.9929746235439985,0.8712872282570683,0.0,0.400081746684443,0.46580273853279996,0.0,1.0756007740737563,1.0717056816695938,1.3737120444258495,0.660896292551442,0.8440689325238905,49
s_curve,pca_rank_2d,ok,,0.6677133074890913,0.6329654234000441,0.5150399976341284,0.4979400933971786,0.773504474943268,0.31529437145670314,0.3171643268903367,0.3744278106569273,0.6847056285409859,0.682835673107254,0.6255721893402908,1.5023982141020176,1.4029952903658525,1.1852755150863774,3.360164363077804,3.3786914789978804,3.006879975213623,3.6869996517186547,0.744531283900147,0.8230878139866207,0.43165420940124344,0.0,0.7710597620604491,0.8258141138440483,0.4924098030484454,0.0,0.2487571437607198,0.3002577805355193,0.0,0.9062701804494914,0.8932930477628243,1.1317390171588322,0.5568521488140207,0.695390091384218,49
s_curve,pca_rank_5d,ok,,1.008185232349828,0.9880267046636049,0.9173283392673812,0.9221258884316101,1.1270124492223506,0.5630098590398812,0.5658230575834191,0.6018043399645078,0.43699014095910377,0.43417694241557825,0.398195660034389,1.277144968004624,1.238051186312148,1.1126240185135556,6.568074364088958,6.573820621989825,6.090998134655861,7.127218191294405,0.5972322264880573,0.6139539718238056,0.3219551642536209,0.0,0.5318506873263088,0.5899310120755215,0.2094830870787578,0.0,0.12623139210840018,0.16140099315218548,0.0,0.5006199062801758,0.48375386065307496,0.6847602653352153,0.30760282812452766,0.42074674131421996,49
s_curve,pca_90pct,ok,,1.0679449210880838,1.0491478054671775,0.9837729442875708,0.9754499295840346,1.2146910470404626,0.5906432607336097,0.5909679662851137,0.6310433510182895,0.4093567392654775,0.4090320337139306,0.3689566489808864,1.2649342428256063,1.2334961534173,1.1001195893923135,7.2816638815543095,7.27225216705805,6.727581479887225,7.974295319818249,0.5312363430279982,0.5594013819243302,0.23897015242582087,0.0,0.4966245733230113,0.5149266463047919,0.2591855264199156,0.0,0.1118170163378944,0.14731833970418234,0.0,0.35432874154614963,0.3550425881531325,0.5422943168689909,0.21771512003040874,0.3332094138729736,49
s_curve,pca_95pct,ok,,1.0950982958716993,1.0781105459542843,1.0136417091073688,1.0035349987509585,1.2304390714952385,0.6113557219620539,0.6136564869706732,0.6444657350600087,0.38864427803709384,0.3863435130284163,0.3555342649390948,1.2589521648627269,1.2296952254141014,1.0934846855093923,7.789314081438515,7.830702231975078,7.268172171877347,8.384247572927634,0.5251587880054275,0.5478161022221069,0.24743839404726525,0.0,0.47660211376634615,0.4916581722062271,0.23607622466810602,0.0,0.10604431781275422,0.136563774014097,0.0,0.260574372961376,0.24780761976246474,0.4481015789288532,0.16010832380851475,0.2753332642918114,49
s_curve,position_only_manfit,ok,,0.6145338768740244,0.5975577102689864,0.5008773365262721,0.4853576707492955,0.6751079837166389,0.43023900279685273,0.434993715004191,0.48883793924991414,0.5697609971992563,0.5650062849920787,0.5111620607465792,1.5214542572376255,1.479729537521313,1.2077464047932889,4.7451423390586065,4.80064806302281,3.982760067641345,5.496209586239267,0.5099969751738126,0.5165465231400029,0.2513069231487508,0.0,0.47081274902912246,0.4981033675050237,0.19206103033317048,0.0,0.1316290151553766,0.16200013604002417,0.0,0.7651493273319666,0.7639317885977399,0.8797579046623597,0.4701413069522862,0.5405618437146167,49
s_curve,velocity_manifold_fitter,ok,,0.5238880036512629,0.5031507055199723,0.38176121143053543,0.3682799861949495,0.5106405736113243,0.33518810669683197,0.3344632249229381,0.3979843831624702,0.6648118932974921,0.6655367750711186,0.6020156168307418,1.898442611928816,1.8194841115867773,1.2453368717638296,3.7470867382027704,3.800790309638379,3.018243860477356,4.398442545963984,0.9041164892724891,0.9513181288222536,0.7896749213750484,0.0,0.7722189768434736,0.8216236565087891,0.510106979615239,0.0,0.31147292890787537,0.3695192374902042,0.0,0.8641011105806131,0.8797075116706894,1.0650990730736698,0.5309416227076372,0.6544435868415398,49
swiss_roll,raw_noisy,ok,,1.1801061678004872,1.1617265353362813,1.096012034574144,1.0755644792429506,1.3638992401217174,0.6299433003629809,0.628553264260419,0.6644647901464004,0.3700566996362188,0.3714467357387935,0.3355352098527825,1.2706265638387644,1.2565928502784827,1.08632906329518,8.430927053967876,8.457902665331693,7.729362859367841,9.067857130079469,0.5211147544247502,0.5368490857340724,0.23938793648359874,0.0,0.43704260561080077,0.46902115168204705,0.22673411440782382,0.0,0.21433722155004825,0.22191593702927284,0.0,0.0,0.0,0.0,0.0,0.0,49
swiss_roll,pca_rank_d,ok,,0.5089831789967222,0.46456789118828323,0.3096626659788822,0.2685852581435244,0.522763574240197,5.62278956520499e-17,3.5882531443021547e-17,1.3421375022902252e-16,0.999999999993172,0.9999999999934281,0.9999999999898973,60433203175.49538,56613215755.49466,38966266008.909744,1.868742350082326,1.9048224735684527,1.7014733797379147,1.99073541140233,1.0,1.0,0.9999999999999996,0.0,0.9574624673053624,0.9953012803061484,0.8983519050732933,0.0,0.5690054005161007,0.6236809635743951,0.0,1.0573165265456688,1.0626090631563931,1.3304521191739105,0.6589106946845079,0.8291264801784898,49
swiss_roll,pca_rank_2d,ok,,0.731930147850773,0.6918337061381448,0.5872456768511553,0.5454299853115528,0.9439283305076076,0.3196087976612747,0.32263646245219,0.37041197090992944,0.6803912023362585,0.6773635375456306,0.6295880290879443,1.4872555833400578,1.4159219844093158,1.1466256109987178,3.396273777964033,3.4360824661821607,3.101460048392823,3.659499318682883,0.7969689634282842,0.8597554795145055,0.5415290673797907,0.0,0.7694889843629096,0.8200291302758276,0.5273679348600759,0.0,0.43992331020784725,0.4876188482950311,0.0,0.9118719176417208,0.89814491512762,1.1839852082789148,0.5682708475952764,0.7378495431562186,49
swiss_roll,pca_rank_5d,ok,,1.0580938916281888,1.0363209252984704,0.9636680285544562,0.9658888294212316,1.221227472723263,0.5661296305907663,0.5685868276783168,0.60434246602801,0.43387036940821694,0.4314131723206787,0.3956575339710115,1.3065855288239048,1.2948704403930953,1.0950241107969565,6.660214020415409,6.695444924046919,6.109999400227003,7.167639727194845,0.5811403615458306,0.6139414889464035,0.2907339928252932,0.0,0.5147970833070324,0.5327216374397343,0.2454629137669734,0.0,0.26724920642277933,0.28817519739081127,0.0,0.49943067851033607,0.49773634282323664,0.6853123912481655,0.3112409643298872,0.4270808716747375,49
swiss_roll,pca_90pct,ok,,1.1201473843179752,1.1003651734934237,1.0306475978253775,1.0132308414558817,1.319787821149131,0.6008169661380759,0.5999133802152705,0.6418611427747344,0.39918303386102816,0.40008661978377,0.3581388572242458,1.285103272029656,1.2757394096019818,1.1040079096276894,7.513947175898781,7.453179194556514,6.896755797555082,8.135797951181432,0.5506286883849538,0.580415146591153,0.2921153741188382,0.0,0.4784366276544334,0.49382624068232706,0.2788634337916521,0.0,0.24699145234177847,0.2582291406615582,0.0,0.3442993797134516,0.3240917661147811,0.5509896494302207,0.21456445422981543,0.3433720778546431,49
swiss_roll,pca_95pct,ok,,1.1440663368203634,1.1242839495595385,1.0568686923928536,1.0461453317804077,1.3373016883567017,0.6130670308260046,0.6145475595596895,0.6502793173928589,0.38693296917313624,0.3854524404395245,0.3497206826063071,1.2853753587459813,1.2454560363883105,1.0912103004082183,7.861000389038661,7.828489481919567,7.247018483260117,8.485450358344961,0.5471077762394427,0.5613035339437935,0.3039149394270901,0.0,0.46301013467591695,0.48979715540099733,0.27259719304267943,0.0,0.23497152995417667,0.2487724047547507,0.0,0.25548511558744025,0.24286785950103945,0.4701712241087546,0.1592161578550724,0.29300672042865655,49
swiss_roll,position_only_manfit,ok,,0.6504698512897821,0.6232346187406248,0.5179878196285416,0.46456221032528044,0.7464083466407844,0.4127102280185238,0.41612471033644566,0.4687374856859914,0.5872897719771148,0.583875289659441,0.5312625143107557,1.7689714532803782,1.656171526072204,1.2621489726907817,4.595143520760873,4.608524473325954,3.9055200364773457,5.213795445169494,0.5746988387962786,0.561298848711975,0.33125328072223614,0.0,0.47104544058819614,0.46779683787416704,0.21580143882871605,0.0,0.24284054716510664,0.2521690377850895,0.0,0.767840582980829,0.7699568056154641,0.8734645973262046,0.47851174103160354,0.5443357312183982,49
swiss_roll,velocity_manifold_fitter,ok,,0.5353692764658033,0.5148919507899609,0.3879820679817614,0.37540421910583066,0.5384709916041942,0.31815899316308993,0.3255125074463805,0.3903035672086287,0.6818410068311216,0.6744874925469706,0.6096964327855661,2.7413691877169546,2.6362228925692985,1.5865704000535912,3.7549653880669913,3.7952383435474886,2.9789600728444,4.539811745748719,0.9443950993283162,0.962396931443374,0.8933702839001147,0.0,0.7885230411075445,0.8301587635518286,0.57486781713496,0.0,0.5283528967493153,0.5875394297288716,0.0,0.8647242988472829,0.8555397545100636,1.0822242165428668,0.5388888513126129,0.6744329559061869,49
half_sphere_rotation,raw_noisy,ok,,1.1676403636917552,1.151530280426706,1.0855083707542474,1.0601899172756362,1.3562460763002642,0.6153886000455369,0.6182453834259795,0.6538400356042933,0.3846113999537419,0.3817546165733232,0.3461599643949414,1.3421727066942195,1.3136950168250479,1.1309176035265112,8.215286221833814,8.282463240908827,7.286681053170886,8.977637907854422,0.5680514060395708,0.5836257305201533,0.34940135292597346,0.0,0.4639736593888907,0.47714313523040364,0.23828555654269404,0.0,0.2585030240447071,0.26961598540929854,0.0,0.0,0.0,0.0,0.0,0.0,49
half_sphere_rotation,pca_rank_d,ok,,0.5775278479704268,0.5526210640897707,0.3776750555649914,0.3417956718984828,0.5551535265095854,6.333738519967757e-17,4.3172009629699585e-17,1.5841873084453725e-16,0.999999999995116,0.9999999999952784,0.9999999999935127,75944836018.73451,76558981855.84988,49148313830.79804,1.830205281822163,1.862821009335836,1.6292299983469047,1.976835111719691,1.0,1.0,0.9999999999999996,0.0,0.9794251516843683,0.9970219942308928,0.9508561955064879,0.0,0.639923664111863,0.7135969175135262,0.0,1.09048042698896,1.0664029596097602,1.3905309721240091,0.6509013161264555,0.829999711566836,49
half_sphere_rotation,pca_rank_2d,ok,,0.700940844768682,0.6720427420049867,0.5468054445622029,0.529996066153813,0.8341129243432601,0.27350944564934404,0.27474333238039605,0.33682491945319576,0.7264905543485689,0.7252566676174341,0.6631750805444334,1.751971946277777,1.641482768723939,1.2776353608512225,3.1281221213922796,3.150297847534376,2.7686928393893346,3.4755009130232075,0.8406036852423178,0.8833676445176155,0.6143213682598919,0.0,0.8147918318503801,0.8641115816576967,0.639912004519283,0.0,0.4975317798770658,0.5400679742222816,0.0,0.9306251167463119,0.9320416064428192,1.1594183042062358,0.5554846270676285,0.6920499272350371,49
half_sphere_rotation,pca_rank_5d,ok,,1.033608250227428,1.0134733568036658,0.9354467087711889,0.921653613266338,1.2233608557016005,0.548984110190046,0.5495876986472615,0.5949084832786686,0.4510158898090282,0.45041230135181887,0.40509151672028615,1.3628664853633419,1.3116609628856288,1.1122100478921018,6.415351379939775,6.388577890179469,5.855664197384452,6.998480025751539,0.6546574436259377,0.6949627883098095,0.37203686474541786,0.0,0.5669072343307137,0.5583229147813987,0.3648047752955811,0.0,0.3163230932843639,0.3378709692528442,0.0,0.5231349386653041,0.5110098744591681,0.7709499496820367,0.3122561502815734,0.46017546440633417,49
half_sphere_rotation,pca_90pct,ok,,1.0973608029728077,1.0790124540907928,1.0063060931929366,0.9948770009711023,1.2973662480886723,0.5808662784014095,0.5790071780716567,0.6274630089377141,0.41913372159777107,0.4209928219274795,0.3725369910615477,1.3718202753521203,1.3215023712808462,1.107694478459735,7.205454114864303,7.189544756350816,6.493264313349786,7.965928941260045,0.5983160748048271,0.6117926518684758,0.375684892970405,0.0,0.5137760454673488,0.5239560445309972,0.30396475724101335,0.0,0.2864303813360214,0.3000926998920184,0.0,0.3722716774689903,0.3729713540401149,0.5710036612755793,0.2222067621059853,0.340828707639942,49
half_sphere_rotation,pca_95pct,ok,,1.1254324902189723,1.107724502932104,1.0377568849138417,1.0207501400005157,1.326238049548861,0.5931624530181878,0.595245542620473,0.6309704882671644,0.4068375469810314,0.404754457378777,0.3690295117320814,1.3615712148013448,1.322006474353605,1.1203296248771744,7.566274556278779,7.548009900664827,6.821416620735735,8.374995560584741,0.5974219009345163,0.5943624426821517,0.3650348318709046,0.0,0.48872128216548216,0.4884162813933147,0.297040712803874,0.0,0.272678202472607,0.27830090388523565,0.0,0.2801286667169708,0.27370582274013033,0.4766708373736767,0.16720714406061638,0.2845220030792601,49
half_sphere_rotation,position_only_manfit,ok,,0.676914827380927,0.6550756599219619,0.5332089598727354,0.5252282998300217,0.7324304028041401,0.3821016658758555,0.3747454299900751,0.474044672195696,0.6178983341211782,0.625254570006067,0.5259553278019629,1.9444793027364178,1.7820863918762555,1.2584308360627208,4.262184702077195,4.156016012237645,3.3610836272316873,5.105961300953493,0.6126641653280862,0.6319054425140959,0.4335409745071606,0.0,0.517655294669919,0.5394650697391496,0.29826003142704494,0.0,0.2843602165484919,0.294491403153218,0.0,0.7739456930258104,0.7651074771623203,0.8869461759952717,0.46196360588689567,0.5294129257163585,49
half_sphere_rotation,velocity_manifold_fitter,ok,,0.5375040612955848,0.5173670535002634,0.39625237365877364,0.38146048482080874,0.5045142069942491,0.22660408720186964,0.2134399060790375,0.29749059389209664,0.7733959127933606,0.7865600939161588,0.7025094061021241,3.826495299745829,3.7239562713429493,1.9512420405081756,2.9872864350605304,2.9820787413611436,2.3762814046410603,3.5505707273469196,0.9760311031856477,0.9848067052812728,0.9459638744331014,0.0,0.8463436701754987,0.8744493186621114,0.7199265372873564,0.0,0.6144395250320314,0.6645213475556806,0.0,0.8946242505957637,0.8735448591553288,1.1133043223205217,0.5339959230256975,0.6645247642349802,49
potential_saddle_surface_saddle,raw_noisy,ok,,1.1841262291785746,1.1629259604505386,1.0944765809508605,1.0959556344883548,1.4080568387703498,0.5905982592717429,0.5942145410508677,0.6432999553419503,0.4094017407275957,0.4057854589485006,0.35670004465730576,1.3874689251269754,1.332235254747404,1.13163741557007,7.643585612930679,7.679392024924852,6.71928258402805,8.622393744657536,0.798517886183973,0.847328538971676,0.6560094477028036,0.0,0.5533238750442268,0.5987263612310414,0.27383183121944443,0.0,0.7223934227918842,0.7952393339558208,0.0,0.0,0.0,0.0,0.0,0.0,49
potential_saddle_surface_saddle,pca_rank_d,ok,,0.6072525689093122,0.5737080442283521,0.35976981815028247,0.33850503363396117,0.5882701619968277,5.0553274405135324e-17,1.5171651327186404e-17,1.584585765378335e-16,0.999999999996447,0.9999999999963669,0.9999999999956285,99075981387.47073,98280243725.51999,71445895788.06895,1.8014088022552694,1.8476887887412636,1.55430514877234,1.9805168698382456,1.0,1.0,0.9999999999999997,0.0,0.937352379978656,0.9930729868720012,0.8158166738037889,0.0,0.6812451304512696,0.7513932145367404,0.0,1.1351343392650841,1.1138405988343434,1.4289189541358005,0.6387036410107975,0.8040068097197676,49
potential_saddle_surface_saddle,pca_rank_2d,ok,,0.6814537360101639,0.6504100786788519,0.5183803177799496,0.5266117152548235,0.7757160166204837,0.2666696299033374,0.267095167604942,0.3312671905142958,0.7333303700949194,0.7329048323931027,0.6687328094838868,1.742137152522667,1.6598272907453664,1.2159515881918428,3.061481364726982,3.1219603992868645,2.6010792936787097,3.4482718158500694,0.8743718079870121,0.917243884413822,0.7025398609488049,0.0,0.8222013441075618,0.8869041285993874,0.5405528162853994,0.0,0.7555856984394427,0.8267896124747278,0.0,0.9501301858698779,0.9435208789802612,1.2296069841389035,0.5346077447910249,0.6918603645541044,49
potential_saddle_surface_saddle,pca_rank_5d,ok,,1.047140001694471,1.0221131127547958,0.9432392226769949,0.9353604416730761,1.2530877197143289,0.5278193924262421,0.5327290006174715,0.5896640254196241,0.4721806075729464,0.4672709993817479,0.41033597457945287,1.4146380111048205,1.354028941309482,1.099014657652939,6.10857667437625,6.213517407064835,5.143672674063006,6.95534512567805,0.813213308888767,0.858362549374529,0.6619622427821386,0.0,0.6190443756651512,0.6661920041984296,0.3403059011565031,0.0,0.7355152811005887,0.7982283474741306,0.0,0.5253669547711823,0.4998758348398087,0.7748903481297698,0.2956071147458683,0.43600591543643724,49
potential_saddle_surface_saddle,pca_90pct,ok,,1.0820836763384785,1.057473852223237,0.9822716476923857,0.9713395693809506,1.2916962967862704,0.5397845722841734,0.5446995935694958,0.5967786402937113,0.46021542771505713,0.4553004064297055,0.4032213597055047,1.4114102778693123,1.3860412849381323,1.1212367479569214,6.394665959926529,6.461001503365427,5.465809003021173,7.1883566420607545,0.8081964127653031,0.8531504151449387,0.6193168136082408,0.0,0.6024093669842597,0.6527477019085033,0.3279280069603586,0.0,0.7325915418202158,0.8017769482339305,0.0,0.4523123650990682,0.45532524626816795,0.6888699081485185,0.25450164308307094,0.38760497616704065,49
potential_saddle_surface_saddle,pca_95pct,ok,,1.1395159609090186,1.1156311377858878,1.0442230240640222,1.0499558635607111,1.3686997419673226,0.5660896411140066,0.5647082750667944,0.625563849220516,0.4339103588852879,0.4352917249325216,0.3744361507787085,1.4017123158295761,1.3600582280711302,1.1027116746354484,7.003381045793052,6.989321580013405,5.942128529489734,8.01181087131328,0.7962277582602245,0.8359503854240653,0.5815068735234274,0.0,0.5794224950157683,0.6237815668985784,0.312600553575344,0.0,0.7294515520557818,0.8034531823950086,0.0,0.2889384146484945,0.2845587921954134,0.47980390498866854,0.16257636746621631,0.269970249764329,49
potential_saddle_surface_saddle,position_only_manfit,ok,,0.6942747204295348,0.670257537127407,0.5323701692380369,0.5351560026725822,0.7187530294323156,0.38016889492648975,0.3794674585998114,0.4617718598574224,0.6198311050713644,0.6205325413981941,0.5382281401402325,1.7833993063341322,1.624273682614099,1.2573077505703032,4.187703102321883,4.282042342546788,3.1712856059442864,5.040100965247733,0.786711602806399,0.8484413160004856,0.5446100303748825,0.0,0.6474827742929586,0.6889397457551127,0.36464242677658243,0.0,0.754979219671,0.8264368298475162,0.0,0.7780094617670306,0.7627240272314391,0.9618498239463688,0.437760940518433,0.5412020087929665,49
potential_saddle_surface_saddle,velocity_manifold_fitter,ok,,0.538785961512871,0.5156025843543607,0.34269602182306813,0.3322097249813796,0.4594864663228984,0.16045761523094884,0.16854899060509515,0.2109845350644045,0.8395423847655945,0.8314510093910146,0.7890154649317527,5.512083586528724,4.754188281363742,2.9909128821380278,2.5606550535791466,2.588204588776059,2.0489289481198227,3.029189832826428,0.9854856994862135,0.9899774434473033,0.9666645114025394,0.0,0.8465362025784422,0.895844847630267,0.708290129974824,0.0,0.7197568056063417,0.786281227449497,0.0,0.9056635387068871,0.878141441963393,1.1581312802051078,0.5095877903555593,0.6516432811947187,49
flat_rotation,raw_noisy,ok,,1.1028989799378073,1.083261206400234,1.0108483369005483,0.9865462327968302,1.2722225709808659,0.6144738657641672,0.6129022359444515,0.6487908709832022,0.3855261342349143,0.38709776405466023,0.3512091290158754,1.2927786688219525,1.2384474574306612,1.102484873490874,7.986122761339879,7.934585117483526,7.406606971997634,8.670824883469505,0.49242732062896255,0.5274819762446139,0.2392439179311084,0.0,0.43961791645655796,0.4409769526871433,0.2290251653381928,0.0,0.1506054533431726,0.1451489988209033,0.0,0.0,0.0,0.0,0.0,0.0,50
flat_rotation,pca_rank_d,ok,,0.4761194077051758,0.43805344784205325,0.24946952104921413,0.2217739733251924,0.41677156129523235,9.512775921396065e-17,7.465282910677907e-17,1.8271347067918373e-16,0.9999999999937581,0.9999999999938254,0.9999999999921925,57677752158.3727,53877926460.449814,41673952811.138626,1.815783746657155,1.8406988714293255,1.6158342806818142,1.9583062647928202,1.0,1.0,0.9999999999999993,0.0,0.9598552612398713,0.9963146600533965,0.9286317571784392,0.0,0.4813150400017473,0.5458869751853215,0.0,0.9757017461711085,0.9656541430496354,1.2453649090791383,0.6454847281059375,0.8238829466936813,50
flat_rotation,pca_rank_2d,ok,,0.6959484769426522,0.6578766396713022,0.534157319038989,0.48922246104827405,0.8557848660456068,0.2978280698006629,0.2985454621795893,0.3444771184559121,0.7021719301966194,0.7014545378171464,0.6555228815417015,1.5089484324694096,1.433997738184224,1.16084379204264,3.2388002481058913,3.275047522490226,2.8990594216436616,3.521477575428386,0.7828409756782784,0.8530271474444993,0.49088019661190013,0.0,0.7677751856075773,0.8110648714935809,0.5287183613110327,0.0,0.31716023326129583,0.35211322048047006,0.0,0.8397810116761705,0.8406326063608434,1.0678047210827664,0.5555650793057617,0.7064163231880412,50
flat_rotation,pca_rank_5d,ok,,1.0092637387973482,0.986191103054719,0.904186618518614,0.8895542436921395,1.186156995376911,0.5564599253405916,0.5556675516906413,0.6007257409829209,0.44354007465828155,0.44433244830827556,0.39927425901571234,1.3345930311529217,1.2722786391678036,1.103287525987409,6.510421632377447,6.478517936924054,6.010127116458134,7.041959332324384,0.5658749907696871,0.5932377491779345,0.289559817547777,0.0,0.5245182286448636,0.5310814051084817,0.25934071657035596,0.0,0.18798675723760122,0.1940464382588441,0.0,0.4230017853431791,0.4172556915632595,0.6419799183859465,0.27984083606701365,0.4247078932624494,50
flat_rotation,pca_90pct,ok,,1.0412621645474098,1.0195651751802675,0.9421257645807521,0.9309690011442509,1.2019738889208602,0.5760536435840621,0.573499123721728,0.6183819637560652,0.42394635641490386,0.4265008762771251,0.381618036242891,1.3290174615043118,1.283755885545368,1.1041574312991667,6.966034066042459,6.9542587809840315,6.376532597020348,7.5480851608025805,0.5468749928361485,0.5635873454108342,0.2833977271534749,0.0,0.48668825845320035,0.5031008020492865,0.21921910280318557,0.0,0.1811776048114748,0.17820297731121298,0.0,0.3358199287156312,0.3293869138959978,0.5267386659093755,0.2221648533788216,0.348468951584485,50
flat_rotation,pca_95pct,ok,,1.0655061530571956,1.0438049227673445,0.9679678746333308,0.9587849737440785,1.2370580127001138,0.5925531135907128,0.594621889138358,0.6243005651325486,0.40744688640829785,0.4053781108606388,0.37569943486639257,1.2971338651816682,1.2504531793643325,1.0788378409334156,7.358135181580634,7.332669948012005,6.716332968858637,7.93639542731239,0.535833519383665,0.5559705135008179,0.2717080490512552,0.0,0.465101029444477,0.4698505112090443,0.25132503532703687,0.0,0.17363180175215132,0.16912299331916053,0.0,0.25271725971134407,0.24891982937747248,0.4143497835384989,0.16718749588447218,0.2741170223561312,50
flat_rotation,position_only_manfit,ok,,0.5539174864714199,0.533310038583044,0.3893007291358449,0.3674632119098229,0.6056354754079492,0.33552834534227033,0.3397110299538554,0.4137567336538592,0.6644716546514976,0.660288970041298,0.5862432663405387,2.2926749773535025,1.9796758670239005,1.3419344280868315,3.8421530656392364,3.879120299377759,3.042787397161305,4.57355334545933,0.5229320590007936,0.5613522951271829,0.20281112574154994,0.0,0.47392355006386055,0.4901430589472324,0.2567576973694364,0.0,0.17575635851844182,0.17571855049346385,0.0,0.7760580475681285,0.7939828154024224,0.8970154397066465,0.5134085490722178,0.59342905706385,50
flat_rotation,velocity_manifold_fitter,ok,,0.5185867456426321,0.4974302721077664,0.349072683495411,0.33469266786579865,0.4539267153175532,0.27357437925808875,0.27068981716912865,0.35433917676495885,0.7264256207359746,0.7293101828244014,0.6456608232291117,2.6802986281800196,2.4846810590434814,1.4509494117310353,3.2681166733200633,3.2047637453820497,2.6817697060043204,3.905686642458705,0.937928643691311,0.969699863716089,0.8817553230294497,0.0,0.8018025259446299,0.8449813331726661,0.608726081483607,0.0,0.4467427001516648,0.49964568493632566,0.0,0.793227926404168,0.7912953983562883,1.023871547305345,0.5247674449803011,0.6773519161170954,50
flat_spiral,raw_noisy,ok,,1.1211408760648318,1.102597355145879,1.0363412408751154,1.035125895335058,1.3177771327988097,0.6222262082332963,0.6241162232910995,0.6619813679322739,0.37777379176583303,0.37588377670797696,0.33801863206678107,1.2642427009921875,1.2552098927518434,1.0788772964135893,8.158844199480589,8.143230778834006,7.432066081441301,8.823192615542244,0.5343290162315565,0.5500287447330602,0.27854356460128904,0.0,0.39066077374336405,0.3884751872761876,0.14400965569403137,0.0,0.20388437973712506,0.20971753075638006,0.0,0.0,0.0,0.0,0.0,0.0,50
flat_spiral,pca_rank_d,ok,,0.46649325757247395,0.42872834059655823,0.2401264501775253,0.21691063274581446,0.34272218794399134,8.058356438816463e-17,6.335990665997959e-17,1.5687020965302876e-16,0.9999999999937832,0.9999999999937742,0.9999999999915673,57590175879.94152,52970379729.7208,41286659497.47554,1.7930430891710711,1.8466319866539438,1.5088533135846054,1.9651690412065173,1.0,1.0,0.9999999999999994,0.0,0.8986494987743575,0.9882408130973005,0.650398850570931,0.0,0.5147037103196376,0.6050132940016512,0.0,1.004218583462492,0.9878999251766526,1.282500168026072,0.649318023593177,0.8292522047235248,50
flat_spiral,pca_rank_2d,ok,,0.7090862495156061,0.6720633022588949,0.5491963319262569,0.5171022693173782,0.8703300102833812,0.297467502217246,0.2968854021420185,0.34171463659179263,0.7025324977802346,0.7031145978557293,0.658285363406175,1.5930468683878032,1.5123090554907153,1.1688526256287834,3.26835594946414,3.3097025744839392,2.9458010231295693,3.546638150043302,0.7626365984189446,0.8195620692166358,0.451967119972446,0.0,0.6916822423014317,0.7657953170080043,0.2602318519887539,0.0,0.3915237157705799,0.43108095980704164,0.0,0.8568717556452677,0.8469004582233559,1.1139258391434381,0.554044989816883,0.7202536740637839,50
flat_spiral,pca_rank_5d,ok,,1.0169865995728742,0.9947126911676821,0.915049641597195,0.9159415568106453,1.2171023527487712,0.558578439615708,0.5605749194717561,0.5904041700479666,0.4414215603831931,0.43942508052725787,0.4095958299508611,1.3229384710162337,1.2675768319921452,1.1013299090721211,6.5499567038727236,6.5918223071580755,6.054556051653306,7.025502968154811,0.6042812593267115,0.6459275255258239,0.2952782655770125,0.0,0.46932198807963693,0.5038806602268895,0.1777273336465135,0.0,0.24498412263963198,0.26632886342404527,0.0,0.4485608437360979,0.4392289579621531,0.6559974697507651,0.2900351032259997,0.42416161934788693,50
flat_spiral,pca_90pct,ok,,1.0468682772640205,1.025680496087023,0.9515437678392928,0.9489933409070899,1.2192490698489091,0.5755300433452769,0.5737572209217657,0.6112107842932379,0.4244699566536994,0.4262427790773774,0.38878921570563185,1.3192137497420424,1.290041292554208,1.0957031867275138,6.936222434879085,6.9854282183125616,6.343155560066403,7.524592077353457,0.5690130254889433,0.6067432317088879,0.23077999523274773,0.0,0.43541756804001336,0.44122772436233115,0.16947549077293345,0.0,0.22958298164043783,0.25276361451225715,0.0,0.371058969772657,0.342637190336184,0.5891234682959912,0.23992314109401375,0.3809215367906984,50
flat_spiral,pca_95pct,ok,,1.1001907633142196,1.0801094661727044,1.0116924069874207,1.0005758434645515,1.3211888484434757,0.6079145736225497,0.6125637409184908,0.6450417427813465,0.3920854263765347,0.3874362590805833,0.35495825721772567,1.2682608287062196,1.2372399858588952,1.0923918697104094,7.735673813666528,7.784620411285523,7.033496822007368,8.446065464392218,0.5408576396688215,0.5554528421327503,0.24527588375578535,0.0,0.40250125964494254,0.39567578348545307,0.14312463068101558,0.0,0.21371708742382367,0.2247969804177626,0.0,0.1770805161153928,0.15860961786971006,0.3521935512156563,0.11449854905538223,0.2277249439152147,50
flat_spiral,position_only_manfit,ok,,0.5827615065014337,0.5556637918295789,0.42471055579897743,0.3810316119629511,0.6300488290305027,0.3778605325789654,0.3823938491398424,0.4374481738446297,0.6221394674153861,0.6176061508550506,0.5625518261513198,1.844095930045211,1.7615135937000739,1.2635800769717613,4.1835576514718396,4.1991276688546595,3.48139665179206,4.8663549815711455,0.6076711046767426,0.6280838251073664,0.34963887988037584,0.0,0.4510740869972564,0.45470439279553554,0.18525272130195744,0.0,0.23477795386344757,0.2487318977804093,0.0,0.7707517633780395,0.7668848914827089,0.899602360144579,0.49836063574128947,0.5816741854097076,50
flat_spiral,velocity_manifold_fitter,ok,,0.5199899646866275,0.498400241760463,0.3450438454123615,0.33819391066537735,0.4456107564861154,0.31925830553139206,0.32181646714726503,0.41112310644912015,0.680741694462545,0.6781835328466885,0.5888768935437105,2.350780797691934,2.247514270345829,1.3195330526975193,3.657347136426661,3.648924451145543,2.7233684177991773,4.530346371651592,0.9476711933851834,0.9693117685916948,0.8692535869943973,0.0,0.722035473440241,0.7802434857927005,0.41326136027312776,0.0,0.4339515301484807,0.47735023782510266,0.0,0.8258725447358183,0.7924714160928245,1.064194408550217,0.5340011998570613,0.6880978120283373,50
flat_saddle,raw_noisy,ok,,1.1529800011691733,1.1283373724196997,1.0628283877072557,1.0375186131225314,1.3891780360982302,0.6020061265939028,0.6039150919776881,0.6414438543810899,0.3979938734053024,0.39608490802152263,0.35855614561808724,1.3341720711684184,1.3141118272864705,1.1193125799147305,7.79743978451442,7.836407318418129,6.994704028385211,8.54545055865788,0.4882259822746389,0.49095963307552837,0.24411060916651509,0.0,0.434104579058934,0.4591146875725337,0.13528394372361247,0.0,0.19120247349144917,0.19167659469871287,0.0,0.0,0.0,0.0,0.0,0.0,50
flat_saddle,pca_rank_d,ok,,0.4708113770944098,0.43153660500603286,0.24356136844934106,0.2200479828377455,0.3726799111183082,9.76249597947693e-17,8.038165864284303e-17,1.873732313163592e-16,0.9999999999948683,0.9999999999948868,0.999999999993243,73373299517.53351,75102329586.80164,50169707034.18214,1.8438774865496164,1.8777873531155078,1.628398933163067,1.9782702399548204,1.0,1.0,0.9999999999999996,0.0,0.9356798946074931,0.9959365955845673,0.868817068227485,0.0,0.525163388774939,0.588511644881804,0.0,1.0332084976567384,1.0238916333828105,1.3637596790724282,0.6312749080214226,0.833236726103457,50
flat_saddle,pca_rank_2d,ok,,0.7031888745414397,0.6651176409050384,0.5430454875620649,0.4884959784288919,0.8721737039604022,0.2974501666616599,0.30243182849948447,0.3476938496391993,0.7025498333360877,0.6975681714979562,0.6523061503582257,1.508545432445263,1.4700395714908223,1.1805545798270858,3.224989605638217,3.284767285043672,2.8468845479816225,3.5235522930547463,0.7681176813271074,0.8304192778150687,0.49866975756192955,0.0,0.7585896913133904,0.8465413458900606,0.5043159624010609,0.0,0.4005059572761812,0.4362251823266311,0.0,0.8939886893279827,0.8917646735432916,1.1804300694205687,0.5462136915323829,0.72122508205189,50
flat_saddle,pca_rank_5d,ok,,1.0440910470869766,1.0159271255017395,0.9410734110437704,0.9132395117341817,1.292445618437294,0.5407959241713374,0.5446119506977549,0.5789341091649854,0.45920407582767464,0.4553880493011662,0.4210658908340289,1.3580792534166652,1.3083175425395557,1.106791759747777,6.2766115887384695,6.287437330054835,5.5506417731933695,6.879816565385774,0.5696409829166462,0.5822090552400339,0.2925509471351655,0.0,0.4997613290088677,0.5457399807007198,0.18710919016931155,0.0,0.24478309971973258,0.24912583767863727,0.0,0.4643058997443387,0.456321800878735,0.661103737725899,0.28368394648288026,0.4039244762040153,50
flat_saddle,pca_90pct,ok,,1.077934027401366,1.0505214886961878,0.978598665647408,0.9448837499420983,1.3079426763369915,0.5605309923235156,0.564252622380597,0.5985368249766186,0.43946900767555497,0.4357473776184264,0.40146317502245144,1.3535986582246002,1.3125981494010919,1.1035753534740176,6.7000352062746735,6.747451661269844,6.0323010536882675,7.303375959230369,0.5537117126186637,0.5430452093268516,0.31238196907289667,0.0,0.4848534152276183,0.5231399061310318,0.14552967129393043,0.0,0.2261109551058028,0.23850554860388345,0.0,0.37780615016496794,0.3904371633529454,0.5932184353632162,0.23083389580730523,0.362447573814807,50
flat_saddle,pca_95pct,ok,,1.131004222726411,1.105888536187461,1.0381670317876368,1.029229361534191,1.3771246373212633,0.5906263427027025,0.595189277844989,0.6275022948010887,0.40937365729646447,0.40481072215419667,0.37249770519801395,1.337043841987221,1.2972513024964512,1.1260833092499156,7.456691276234071,7.544512123588309,6.645395246284472,8.128072255556448,0.5065928404756297,0.5182533953978647,0.24250594771218137,0.0,0.45167799543839077,0.48668046373672874,0.1560586183923862,0.0,0.20212738548564993,0.21032449299816136,0.0,0.18557185367842846,0.1553585747544437,0.3521509114119324,0.1133816215486977,0.21515892940815085,50
flat_saddle,position_only_manfit,ok,,0.599465210694766,0.569174436872697,0.4563742231046376,0.42224856050745596,0.693209033054493,0.3592780349778174,0.36150158655392994,0.4310168204526426,0.6407219650182014,0.6384984134420717,0.5689831795439569,1.887386555136207,1.765582952451555,1.3728842228011278,3.9279601931627637,3.948270886054281,3.1656408702100274,4.723932820581388,0.5301039490125239,0.5347690928939894,0.29690712623077936,0.0,0.4559545715842842,0.4961941932426619,0.1608907557650209,0.0,0.21908354540610156,0.23375333822593503,0.0,0.7778480388456471,0.7812691482442521,0.9086022650076804,0.47525349461466215,0.5551423672681975,50
flat_saddle,velocity_manifold_fitter,ok,,0.4918711259861224,0.4681579935116715,0.33630273216617307,0.31550826915338603,0.44562059074734145,0.25403730111294537,0.2558778608451812,0.32852835730786484,0.7459626988814526,0.7441221391491264,0.6714716426864096,3.055638993799303,2.9014437417478254,1.6832116823635386,3.1076394275811796,3.0677242894926553,2.454454160670102,3.736559664948745,0.965444164594921,0.9751279436590021,0.9232614025385848,0.0,0.7899511822751959,0.8492196367928279,0.660509034175485,0.0,0.49397019110138096,0.5881281009827753,0.0,0.8580125009547753,0.8390058864701374,1.1245394608137667,0.5242327795888934,0.6870767577905827,50
s_curve,raw_noisy,ok,,1.1858776406009017,1.1681051934243025,1.099045490542719,1.1058713832321434,1.3306489167154052,0.632692121692317,0.6337868015036416,0.6681720473429639,0.36730787830690687,0.3662131984955532,0.3318279526562979,1.2399729841474563,1.213943666974326,1.0626801551870801,8.433055866105443,8.459839101777192,7.612280635440626,9.215553214485068,0.48472436714815537,0.4880699663464807,0.2283861332986759,0.0,0.4494106640889075,0.4672266669996291,0.2108121722476362,0.0,0.09521105745073626,0.12487742318346398,0.0,0.0,0.0,0.0,0.0,0.0,50
s_curve,pca_rank_d,ok,,0.6222261316181278,0.5908203667044787,0.385626688070867,0.3517892017237362,0.5660388294398346,7.045905231854414e-17,5.208604534864632e-17,1.4317523699126273e-16,0.9999999999942006,0.999999999993944,0.9999999999927259,65178424787.99069,61844653205.86715,47215825521.21743,1.8427546919423767,1.8753884197185018,1.6824760492052384,1.9828460749234675,1.0,1.0,0.9999999999999994,0.0,0.9590243014729332,0.9944854934603797,0.9172467849113956,0.0,0.33146179710338486,0.3721722253347659,0.0,1.0805003025797075,1.085737637819223,1.3285160716508069,0.6529282584281147,0.8028000389132076,50
s_curve,pca_rank_2d,ok,,0.7290377268411836,0.6965781881040058,0.5623915294496455,0.510593596924088,0.8635476623123169,0.29692951923052086,0.30025428767631396,0.3613240642077545,0.703070480767002,0.6997457123209644,0.6386759357902357,1.5695838150958792,1.4580123685630135,1.1760612901800418,3.240772762562534,3.2915860072799172,2.8486135856915826,3.633490108837859,0.7480401752949971,0.7991496789041873,0.46427236317162196,0.0,0.7752649269577498,0.8356746735780107,0.5303359152473196,0.0,0.23516363726037143,0.2559304128233978,0.0,0.9349128695666933,0.9578062231893187,1.174752396816148,0.5649522080195635,0.7098832223425852,50
s_curve,pca_rank_5d,ok,,1.0504029929545398,1.0298766461766709,0.9520399027896503,0.9504392722047241,1.169656189197962,0.5663151599391077,0.5689314897597272,0.6129974794311885,0.4336848400599006,0.431068510239321,0.3870025205678592,1.3147185936637584,1.2829402238111172,1.1116847974339166,6.662013543300987,6.684760624270243,5.975406165787841,7.267403769701047,0.5846536978242206,0.6110296516191766,0.3269807582611371,0.0,0.531877990383096,0.552325367777936,0.3294906192029604,0.0,0.13219755086419718,0.14263961719134705,0.0,0.5249015916764224,0.5134262224097619,0.7411469065243763,0.3171892513876918,0.4478626778363607,50
s_curve,pca_90pct,ok,,1.1136655604793697,1.0941833778416874,1.0197573485573783,1.0133607775199656,1.276399595520857,0.5984323919214023,0.5971377337090495,0.636903456865075,0.40156760807771447,0.40286226629006716,0.36309654313402523,1.2731413112942518,1.2371508090314434,1.0823088872832807,7.438610895677905,7.402986822700031,6.751767432667026,8.116544258891075,0.5410113871936353,0.5646635303762219,0.26986952677147913,0.0,0.491630410707515,0.5095004691783731,0.29128444501023637,0.0,0.11439643355000699,0.12880609911882446,0.0,0.3761003596105754,0.3676399324737152,0.6087892287942266,0.22727115597138434,0.36788114724020315,50
s_curve,pca_95pct,ok,,1.1637565132365029,1.145087954943747,1.0744390389695944,1.0802254886869007,1.3053201753294135,0.6215574898211291,0.6245099230228712,0.6605569837730868,0.3784425101780633,0.3754900769763293,0.3394430162261026,1.2727021735149366,1.2397641453502561,1.083835829553362,8.11459634036123,8.120055357142279,7.417137497043106,8.800352246268114,0.5018181717194067,0.5092248248264458,0.21837880566844112,0.0,0.4606183163121279,0.4730174807214538,0.2063445616245147,0.0,0.10124958541330667,0.11534964865788112,0.0,0.18576835027467287,0.16126572459102742,0.3622647616239403,0.11225670657038844,0.21891053554753323,50
s_curve,position_only_manfit,ok,,0.6748020390760461,0.6589767700147786,0.5452207727751183,0.5451181535546145,0.7271610459399467,0.41999316164201966,0.41763140141220884,0.5194049361866984,0.5800068383543555,0.5823685985842548,0.48059506380921246,1.6896398586687182,1.5906561670548942,1.1907054993904633,4.680250698777854,4.642323431019197,3.669491795482712,5.8407438875364,0.5416326212777491,0.5794121077249652,0.2624510713964243,0.0,0.48304811451277757,0.5144203754622483,0.1650182698402709,0.0,0.13977803003075875,0.16431827925662607,0.0,0.7807119258279452,0.7820205105939697,0.8998553601953363,0.47177115716475804,0.5437675415423611,50
s_curve,velocity_manifold_fitter,ok,,0.5694642226729896,0.5539769589397491,0.4181504702493544,0.4198768142003964,0.5310933438504323,0.30282869849082483,0.3009211179797998,0.3887485759906169,0.6971713015034983,0.6990788820153035,0.6112514240015684,2.6300107567146416,2.3804377105643644,1.4842289231183317,3.552168237817869,3.5566289522277756,2.8202696228033513,4.37503671544031,0.9508270784162266,0.970161388587108,0.8992788109052422,0.0,0.7942854826099875,0.8241476841807566,0.6406367112039286,0.0,0.26755019079533454,0.2749985005862683,0.0,0.881673496053325,0.8821965022550806,1.0706513599695098,0.5327805451843991,0.6469767071601682,50
swiss_roll,raw_noisy,ok,,1.1387216695921458,1.1244531925526402,1.0701688964160803,1.0777971482050432,1.263112460316067,0.6132494331646091,0.6106571912222163,0.6537373015347208,0.38675056683462683,0.3893428087770291,0.3462626984645066,1.3199753082586736,1.2673051145045964,1.109819979888297,8.108032770720689,8.06082885482206,7.339153465921755,8.879887341997568,0.5722825924693437,0.5904632475370717,0.3531321655307036,0.0,0.45942097610490057,0.4700615081640058,0.23399808475342798,0.0,0.22886317587049942,0.23549149626819973,0.0,0.0,0.0,0.0,0.0,0.0,50
swiss_roll,pca_rank_d,ok,,0.4742014354297677,0.43593318110287776,0.29990786797201696,0.25023175559871025,0.49730420510543133,5.345084422202705e-17,2.2572328017209093e-17,1.369421840922837e-16,0.9999999999951494,0.9999999999951791,0.9999999999938239,71844936957.84862,73357984315.55023,47506674744.686264,1.7938770277273974,1.8334310695953273,1.5434747934280781,1.9732495013903433,1.0,1.0,0.9999999999999996,0.0,0.9607470420215307,0.9964194669831595,0.9174901370076076,0.0,0.5976343773782733,0.6580010456561882,0.0,1.0250717882959874,1.0365884588255212,1.2371971235681887,0.6295772325875092,0.7598600899124324,50
swiss_roll,pca_rank_2d,ok,,0.7032799331251485,0.6684037616966179,0.5784095208135788,0.5615500089975971,0.8805030570025262,0.2910474534470419,0.2923989972032781,0.35185538586373194,0.7089525465508314,0.7076010027945085,0.6481446141338796,1.5835589300254695,1.475707443818904,1.1396494501365548,3.204876864502843,3.218171887878638,2.7708576100446534,3.5394659183755555,0.8207715960085761,0.870564604441773,0.6134237904839737,0.0,0.7993371096549166,0.8303299398589283,0.5632342289648038,0.0,0.4547215555001017,0.49827395791933893,0.0,0.8837250689438497,0.9058455329499369,1.1009058279782624,0.5427650917978664,0.6761528825899968,50
swiss_roll,pca_rank_5d,ok,,1.0143720120039126,0.9949063488086469,0.9338536297184862,0.9505735799612662,1.1369806936646318,0.5518985028049433,0.5485038479155095,0.5982056508119944,0.448101497194083,0.4514961520835469,0.4017943491870344,1.3152392345617856,1.275828182168355,1.1150766762449071,6.434158743548775,6.388904109894526,5.80298614833605,7.104935264622027,0.6539528362468554,0.6785959045975223,0.4404828844436786,0.0,0.5494174046608159,0.5723330121061407,0.3092290597751995,0.0,0.29213475837428177,0.30279586254758073,0.0,0.49251237443419044,0.49037840954224726,0.685933539774027,0.30249059748959484,0.42128575251081907,50
swiss_roll,pca_90pct,ok,,1.0748217829147075,1.057533075495529,0.9999495000020097,1.0163399806756206,1.2134675118332474,0.5801067906099696,0.578290387198813,0.6228524268925864,0.4198932093891653,0.4217096128003178,0.3771475731065758,1.32295158328136,1.298907296570912,1.12046743472569,7.133951787165996,7.114514751276545,6.515443639230304,7.84180550725826,0.6182481974871371,0.6485257690073647,0.38618994160181513,0.0,0.5085561017795001,0.5208558611366763,0.25777220702503395,0.0,0.26474290824728797,0.2804491017965795,0.0,0.34770617470213183,0.3553644515923965,0.5534879825998675,0.2135537176244557,0.33994051571249556,50
swiss_roll,pca_95pct,ok,,1.100559315823138,1.0849371927987683,1.028477673296899,1.0416762681355398,1.225457522657209,0.5958749466193818,0.5962118059281001,0.63654227240843,0.4041250533798015,0.40378819407108774,0.3634577275907194,1.3175938528063955,1.2919890265042613,1.131894464536465,7.551614915884693,7.551573075517821,6.850607915143298,8.285328190690258,0.5972760310081071,0.6399629673456766,0.3656996292924203,0.0,0.49008108682991325,0.5031012968315413,0.26416812608656404,0.0,0.2527822567685226,0.26262789312367435,0.0,0.2601042101773309,0.2406992131579259,0.42613057205236077,0.15975045913615532,0.26172031006689994,50
swiss_roll,position_only_manfit,ok,,0.6284750336840412,0.6069482129739668,0.5153316121241082,0.5096313944616648,0.6682613206885059,0.3759877917515784,0.3765733916000039,0.4405001676554397,0.6240122082449654,0.6234266083971067,0.5594998323411865,1.9666134122124495,1.8404352158530612,1.2154627279160792,4.219552609188155,4.174408789993735,3.461248070335485,4.988022031388309,0.6058145068075469,0.6348786123817343,0.43354496925758634,0.0,0.5194184216824969,0.5246951219508595,0.28885318514867264,0.0,0.25547447786388167,0.2806404742494413,0.0,0.7516900725072571,0.7588819216766074,0.870307536860747,0.46167201264929736,0.5345243297229718,50
swiss_roll,velocity_manifold_fitter,ok,,0.4714957145340498,0.45486640815981766,0.3551246387023807,0.34313337982032266,0.4471359607389746,0.2493303812550213,0.2559598759832016,0.30087802494018484,0.7506696187392293,0.7440401240109138,0.6991219750535006,3.1024607525645873,2.924363325803606,1.6632983779330055,3.0446424075788845,3.015509312429291,2.5659401829985353,3.6080347345843737,0.9683849114662166,0.9787176471743897,0.9486071881846198,0.0,0.81849996679338,0.8472628197028471,0.6608792241196698,0.0,0.5728116182605615,0.6295298666673614,0.0,0.8647757451977599,0.855350220813322,1.0813132153458191,0.5311268212497131,0.664119517726061,50
half_sphere_rotation,raw_noisy,ok,,1.158221620330504,1.139575386103649,1.0734609242558584,1.055167628655309,1.3588875461974141,0.6052603237621664,0.6062103344005335,0.637884609955155,0.39473967623712986,0.3937896655988218,0.3621153900441153,1.3332985731545661,1.2996781239185258,1.122788040708588,7.967671377387372,7.961637503472803,7.224867197651794,8.684882969992504,0.591678043208658,0.6117564966646165,0.37619387430898044,0.0,0.44654407379238326,0.4609517946891746,0.19766670699837002,0.0,0.24490800034941132,0.2636706250062584,0.0,0.0,0.0,0.0,0.0,0.0,50
half_sphere_rotation,pca_rank_d,ok,,0.5487317810611109,0.5264484619012848,0.3294027968367215,0.28993398594585895,0.4765472804275353,7.27934688052733e-17,4.411261659655471e-17,1.710775280833304e-16,0.9999999999947046,0.9999999999950147,0.9999999999920898,68243069711.01941,67673771485.88419,38360392454.94416,1.7778802809740468,1.8116073242836337,1.5023661678930833,1.9675121799509387,1.0,1.0,0.9999999999999996,0.0,0.9680939366806711,0.9962705154452922,0.9298923343936467,0.0,0.6177586812044468,0.6757101552030047,0.0,1.1033838163228495,1.090770396257168,1.3944173365036518,0.6524271751537216,0.8245143261864373,50
half_sphere_rotation,pca_rank_2d,ok,,0.6679227998773087,0.6338239970053249,0.5032154366246459,0.44773714194950376,0.8159725728149931,0.26989213749122565,0.26715321873796527,0.33358907290933615,0.7301078625067987,0.7328467812600701,0.6664109270887519,1.7728043316374287,1.610026794678376,1.233042307107883,3.1074026754027444,3.1587897660877493,2.6642971438667162,3.48272187646065,0.8540784643700474,0.9073643790787003,0.636667740864986,0.0,0.7900657902924119,0.8445235735716756,0.5497815070108389,0.0,0.487988143596895,0.5357308235765836,0.0,0.933757676379149,0.9274159278234919,1.1525350703390902,0.5521278036399049,0.6814901479277358,50
half_sphere_rotation,pca_rank_5d,ok,,1.0236332969180297,0.997607601483164,0.9211472553648185,0.8816111276244337,1.2707297763859884,0.5339048805371012,0.5331646976520825,0.5714545475682256,0.46609511946199067,0.4668353023470232,0.4285454524308199,1.3466064605328787,1.2954682346563726,1.1078338184966428,6.148051030253051,6.156258331130887,5.639323866648164,6.6757941015101085,0.6953396585285297,0.7302611176985894,0.4444746900397065,0.0,0.5551569052869477,0.590172644447698,0.3038035949879127,0.0,0.3156255938637829,0.33926321476052235,0.0,0.5235792833719408,0.5256685797728385,0.7106462088712622,0.3095906861836861,0.4202027361002338,50
half_sphere_rotation,pca_90pct,ok,,1.0873934002221501,1.0656026909635798,0.994746322640493,0.9656279513396766,1.2839341990967241,0.5693891063706229,0.5695039640386403,0.6034704445900518,0.43061089362857613,0.43049603596053376,0.396529555409116,1.3182111290827412,1.2880131610810013,1.0871066482048881,6.915421057796127,6.925707054814733,6.328639166355976,7.446200567698704,0.6494200326496885,0.680776669145085,0.44081634022260835,0.0,0.5076806199871746,0.5251526590621857,0.26278371322650185,0.0,0.28042947878360314,0.3009119400847532,0.0,0.37132653117362474,0.36553318140635754,0.5560611918798939,0.21956414097191376,0.3287971304852442,50
half_sphere_rotation,pca_95pct,ok,,1.1150717363725744,1.094211268846385,1.0245744630762221,0.9991170002046884,1.310111263360275,0.5836051730278448,0.5836524782146968,0.6153181091249487,0.41639482697139646,0.4163475217845838,0.38468189087425175,1.3313117693907723,1.2942895676048076,1.1172118545406073,7.307717818977731,7.284043291855074,6.706431445031411,7.942786375365572,0.6310592526288242,0.6652636776492697,0.39419520549933323,0.0,0.4803731792872172,0.5001959002478218,0.24363795026012722,0.0,0.27238119783852643,0.28945247766291626,0.0,0.28463911586516216,0.28124155046361177,0.46130644898634593,0.16830616106102378,0.2727689666460476,50
half_sphere_rotation,position_only_manfit,ok,,0.6522926200450713,0.6297280125348039,0.515879929271388,0.501544085048499,0.7208643114507305,0.37414859785295046,0.37958409606247123,0.42913903564199823,0.6258514021445276,0.6204159039348378,0.5708609643552192,1.9092376940552294,1.7754744746223898,1.2959352142788396,4.197895787374923,4.249724120429272,3.530788745459101,4.814617028063117,0.6242610481865144,0.6539575930772259,0.38854193888454014,0.0,0.5015390293095342,0.5363286870123182,0.2281640366092651,0.0,0.2841173757729429,0.29868920205932903,0.0,0.7573934242857212,0.7481693502004964,0.9093153685809389,0.447844208857012,0.5376751484576233,50
half_sphere_rotation,velocity_manifold_fitter,ok,,0.5345326565502907,0.508437919444901,0.38237935547586493,0.36635853254458206,0.4943753047941707,0.23186849146693658,0.22857765532828006,0.3183373479281185,0.768131508528311,0.771422344666765,0.6816626520668047,3.749586647230994,3.361983703719895,2.106976753529391,3.0144214290178533,2.9929930188672875,2.404450627677988,3.7343694102937115,0.9754314450116193,0.9837690793527134,0.9487307747433203,0.0,0.8353683695038338,0.862772651417038,0.6969660917474417,0.0,0.6138624929179576,0.6833934001733242,0.0,0.898941997488495,0.8790346769152799,1.157293140497648,0.5315414086849855,0.6843035789630727,50
potential_saddle_surface_saddle,raw_noisy,ok,,1.1754912050102304,1.155690473778635,1.0944993254644715,1.1147341025832502,1.3505450477284682,0.6100642066150596,0.6151242107770349,0.6503064067949846,0.38993579338425477,0.384875789222315,0.34969359320435456,1.3149819439760202,1.2674984644967398,1.0900457246563786,8.005612744633014,8.085683007066994,7.080022196642842,8.838083213999887,0.7487196824425613,0.7899639153734418,0.5585032689972359,0.0,0.5412582276022445,0.5679485560161186,0.28811830396710036,0.0,0.6767998519503425,0.7444915141066499,0.0,0.0,0.0,0.0,0.0,0.0,50
potential_saddle_surface_saddle,pca_rank_d,ok,,0.5664874880926083,0.5282794069062688,0.3314000961692963,0.29461341863544477,0.5675086580235879,5.870094006465238e-17,3.41215568242981e-17,1.5406074711280756e-16,0.9999999999957658,0.9999999999960565,0.9999999999934872,90355546651.41216,88790055185.63202,58845231323.50351,1.8360672448639543,1.8825832268238742,1.6055450024843485,1.9850907790387566,1.0,1.0,0.9999999999999996,0.0,0.9418627263769493,0.9932401481544226,0.8773641776196321,0.0,0.6387855109538949,0.7112189068787528,0.0,1.1121825296053698,1.1184991279029557,1.4074849825252527,0.6349367264361393,0.8035226984096802,50
potential_saddle_surface_saddle,pca_rank_2d,ok,,0.6781702677625917,0.6457185566743545,0.5279681797272868,0.5055204553079038,0.8416705670362891,0.2833384489535811,0.28441303168889925,0.33693726432746773,0.7166615510445153,0.7155869683091816,0.663062735670898,1.716910688819499,1.611398842120752,1.2728338925027,3.1923742537395765,3.2310299513547216,2.8429255596023517,3.5176238456579108,0.8855298849315392,0.9288303732979588,0.7115802869590402,0.0,0.8179249732115529,0.8957992956194588,0.5752624961563132,0.0,0.7022320162508073,0.7821363727471617,0.0,0.946295302567059,0.9243776155746563,1.1819793320773244,0.5402329434782766,0.6747832013605183,50
potential_saddle_surface_saddle,pca_rank_5d,ok,,1.0317477566402395,1.0094050971466926,0.9349243241261227,0.9513451813135533,1.193439359440647,0.5420647623103095,0.5486270108557795,0.5901731116896247,0.457935237688813,0.4513729891433811,0.40982688830961683,1.3589309397208031,1.3217432726738125,1.130195351248899,6.304310169697143,6.400306585537816,5.618944224761955,6.934921407952001,0.754406289533172,0.8072951076746864,0.5332186104547767,0.0,0.6057780010753258,0.6553713994065823,0.3628930888819582,0.0,0.681422119592992,0.7398380043312316,0.0,0.5449062205880042,0.5502088246697683,0.7446937569618107,0.3110829047437015,0.42514012192812917,50
potential_saddle_surface_saddle,pca_90pct,ok,,1.0987481726600572,1.079098645934168,1.010020376509327,1.0097054107788082,1.2784727601828394,0.5761146930072275,0.5830132334845165,0.6204393866261714,0.423885306991995,0.41698676651473143,0.3795606133729454,1.345724494980918,1.3193842430580793,1.1063717191422273,7.091491436796216,7.221611999567322,6.228136775060761,7.801696433003934,0.7596698803093399,0.8140838436895541,0.552040562660404,0.0,0.572735967717857,0.6168780598121798,0.31630871769812496,0.0,0.6787867552379151,0.7388969629872593,0.0,0.3848672266938717,0.3974266458426906,0.5934210742892708,0.21971783455029611,0.3387796735497539,50
potential_saddle_surface_saddle,pca_95pct,ok,,1.1278326418094755,1.106986414093861,1.040237994163435,1.0448925166775536,1.2983366283106745,0.5856145902218001,0.5916715581312548,0.6270127589510157,0.4143854097774498,0.40832844186803674,0.37298724104814707,1.3564555191593342,1.32053927628954,1.1363182743893385,7.360379858980907,7.487004680501597,6.428452273804908,8.05089264118245,0.7440169478487386,0.7834454711429221,0.544507974925622,0.0,0.5583655665769167,0.5887119512658552,0.32544022253619875,0.0,0.6783666822286866,0.7296684166383344,0.0,0.296283647215211,0.2796234216545149,0.515690870145782,0.16914612849217855,0.29440407867182355,50
potential_saddle_surface_saddle,position_only_manfit,ok,,0.6977682456112114,0.6762651091989721,0.5475606369805787,0.5393004380597,0.7361290032882534,0.393585310348426,0.3965517086512139,0.46376672037897543,0.6064146896490176,0.6034482913469709,0.5362332796186785,1.7886747257040918,1.6724932148031315,1.188552263052306,4.400506373022064,4.342891900248113,3.553334269167774,5.28230888096798,0.8118984968646094,0.8363367112384223,0.6821636345248783,0.0,0.6190421379245348,0.6757539794539452,0.33062021163793,0.0,0.721383188245968,0.8078673059949107,0.0,0.7827324419767038,0.7858944643155666,0.9489187230582097,0.4468561240216537,0.5417306347064491,50
potential_saddle_surface_saddle,velocity_manifold_fitter,ok,,0.5157955770431074,0.49209179320033236,0.34069921800832137,0.32699545534253227,0.4555620741407137,0.17827912293999637,0.17796224024268353,0.24245855909275366,0.8217208770560437,0.8220377597531812,0.7575414409026713,5.412545880273322,5.078579900197283,3.3063342570635332,2.6997364636925605,2.7463443327842043,2.20312586053796,3.121305884378221,0.9824827397032215,0.9881259618942183,0.9636499969878431,0.0,0.8285187241877549,0.8731372750334545,0.6860491548717669,0.0,0.6509846130811786,0.7299328039555701,0.0,0.9066899494307151,0.9023945196823726,1.1741278559048212,0.5176225422173791,0.670300852064464,50
flat_rotation,raw_noisy,ok,,1.1456103944220932,1.123927294304842,1.043577724084387,1.0531536723706236,1.3087432739522171,0.6139307384958277,0.6173797350824405,0.6535349023167564,0.3860692615032858,0.3826202649166069,0.3464650976823308,1.2723243681687302,1.2294673683155324,1.0828602711744626,7.953943056680964,8.02701688798884,7.332183344084419,8.61257756830324,0.4892853794566881,0.4913433428828887,0.2510853882876028,0.0,0.46622754459412,0.4855604430748919,0.2548854867892694,0.0,0.1239681884780849,0.12787868047243584,0.0,0.0,0.0,0.0,0.0,0.0,51
flat_rotation,pca_rank_d,ok,,0.510171519266429,0.4702814544526744,0.25967796966847695,0.23918991910838705,0.35053366702870536,1.0579278703973916e-16,8.551623107375914e-17,2.1617673976213207e-16,0.9999999999929877,0.9999999999930803,0.9999999999908549,53949664010.86281,50977897708.200424,39700289183.82212,1.840107147100714,1.856302253464389,1.6425395419749496,1.9801317079932763,1.0,1.0,0.9999999999999996,0.0,0.9634973665531688,0.9974250132499708,0.937156445552604,0.0,0.40489127700776206,0.4773821604956998,0.0,1.0099282151762747,1.017621341273855,1.255626435895759,0.6524479733435706,0.8111773798039781,51
flat_rotation,pca_rank_2d,ok,,0.7294677292595426,0.6953181579516403,0.5538051304128229,0.5318259881061684,0.8595213226022618,0.29875000391095874,0.29758167890493653,0.3493636301467988,0.7012499960864282,0.7024183210924386,0.6506363698507304,1.513092730074897,1.4521892144536772,1.1780280847814035,3.2522623388882983,3.2884720981800477,2.8373281615868913,3.5661809400853497,0.7853207516877759,0.853371874543282,0.4607267027113228,0.0,0.809109102072585,0.8622902772239261,0.6263110566062567,0.0,0.2939917005332608,0.3265237058378275,0.0,0.8666537082581631,0.8760389055532538,1.1301018830153966,0.5598877692955975,0.7300842497171475,51
flat_rotation,pca_rank_5d,ok,,1.0479407574685295,1.0222109635448688,0.9323706668161087,0.9307838700626921,1.2239607599543088,0.5600237867072262,0.5592094946886135,0.6068989136204553,0.4399762132916917,0.4407905053102913,0.3931010863784522,1.3074492257424073,1.2746637100342864,1.096788712841775,6.534149069907257,6.543640691514682,5.9499039516065855,7.167669042524422,0.5573633537692853,0.5545252454319781,0.28054598443624423,0.0,0.5305292614553702,0.5455079494919078,0.25923299306113773,0.0,0.1615760751500944,0.15430007593543726,0.0,0.43471146237826436,0.4341793594845942,0.6626715316970397,0.28083838866548916,0.42810834606967446,51
flat_rotation,pca_90pct,ok,,1.0765906685537963,1.0515907394125692,0.9646833001114333,0.9713818988607992,1.2252647648538548,0.5727319954377272,0.572516304508343,0.6196581361788032,0.42726800456124575,0.42748369549058907,0.3803418638201917,1.3014287024062174,1.2747907556848261,1.108124602453007,6.861069181105008,6.850728986332793,6.270482930584843,7.562006734116366,0.5208709320991505,0.5262564732815076,0.23039103064053817,0.0,0.5160507844056959,0.5434028421697277,0.25165109869743385,0.0,0.14795472984448554,0.15102999787260885,0.0,0.36003348664370644,0.3361218507919764,0.5896125209292793,0.23259387664053463,0.38090974047215537,51
flat_rotation,pca_95pct,ok,,1.1274775524828076,1.105623992426185,1.0236109174829267,1.0272161564696958,1.282779902957481,0.6040703733626412,0.60555603154909,0.6461411454204083,0.3959296266364413,0.3944439684499943,0.35385885457872807,1.2747650684024054,1.2303371003239638,1.0701436930873567,7.646035339365625,7.657191043600733,6.978556840305729,8.297673653923656,0.5217642687712419,0.5297356845524184,0.29644669727247114,0.0,0.4790143605445353,0.5081467783101836,0.2330708097252059,0.0,0.1324471668463791,0.13525708888277926,0.0,0.1661285321447833,0.15445284624563746,0.34431160746973294,0.10732468157995512,0.2224370080135688,51
flat_rotation,position_only_manfit,ok,,0.6085743856621244,0.5851870584544234,0.4314230102196372,0.41410020768414113,0.6013126476431402,0.4072926415926484,0.4094544970523426,0.4888752835568621,0.5927073584016244,0.5905455029427531,0.5111247164358841,1.590367844439165,1.4927030218952484,1.1408496693423043,4.4384842288055895,4.435986269910929,3.621878492439534,5.318818226904949,0.5090299133033073,0.535140576856548,0.23210581534610705,0.0,0.49563900322464216,0.49245984239460494,0.28653646929613336,0.0,0.14980384265305216,0.15894224685370764,0.0,0.7776494035150177,0.7830554190462627,0.8956243624059992,0.5023879615113551,0.5786037971292134,51
flat_rotation,velocity_manifold_fitter,ok,,0.5423551605339064,0.5240105936517261,0.36216517195668463,0.3512829595027318,0.4493283314953113,0.33543392090720553,0.335171407210168,0.41084231178818637,0.6645660790864684,0.664828592783175,0.5891576882041165,1.8225236215340526,1.7105573293494731,1.2960819160923238,3.7129342098198683,3.726829912328362,2.9045237550580754,4.4018832717803,0.9123372842329993,0.9454121246484916,0.8147737835069545,0.0,0.7673857439655037,0.821186294542009,0.5628672622031542,0.0,0.38372317203513734,0.47028944512436466,0.0,0.823369799901311,0.8445003316403975,1.0312067041550212,0.5319248924678738,0.6661946008774627,51
flat_spiral,raw_noisy,ok,,1.1353837920942134,1.1181754865130524,1.056444513239076,1.0467394320635504,1.3167400069988493,0.630998129296492,0.6339941529169312,0.6677583458346473,0.3690018707026668,0.36600584708223444,0.3322416541645651,1.2517147567315454,1.2050471780354681,1.0805979478738585,8.318062624379413,8.387744758964622,7.579388452794971,8.9179137360242,0.5086630695850379,0.5420018605892514,0.24945607838956768,0.0,0.39312633283581727,0.4059790590207682,0.1591851431348698,0.0,0.19894775367154907,0.19425127953638116,0.0,0.0,0.0,0.0,0.0,0.0,51
flat_spiral,pca_rank_d,ok,,0.4484999946908464,0.41456600358847345,0.2221343658944263,0.18439209408378396,0.4073178576419599,8.784006217516287e-17,7.156991509685748e-17,1.5519364948312324e-16,0.9999999999928703,0.9999999999928295,0.9999999999898137,56583976270.32301,53934058234.470825,35214190125.26365,1.8527693533027654,1.892785173607154,1.652836263186036,1.9773635303564698,1.0,1.0,0.9999999999999994,0.0,0.903413196933856,0.9887526393471925,0.727578935684808,0.0,0.5396156582980289,0.626745402086134,0.0,1.027068938767065,1.0009347535409447,1.2872096939127755,0.6586796061494474,0.8255130130174334,51
flat_spiral,pca_rank_2d,ok,,0.6848667957910072,0.6519975923008953,0.5290742450368591,0.5071068247088999,0.8478076370204082,0.3274695762228076,0.3328527928169559,0.3815881110481749,0.6725304237745163,0.6671472071804725,0.6184118889487786,1.3919075234662408,1.328723779068996,1.0904302885017803,3.4046713026917907,3.4271479089175454,3.0564256745255016,3.7443939263503307,0.7437203172283894,0.7898192481056163,0.4503536044764782,0.0,0.6800659386142155,0.7493892489692655,0.3403236958438204,0.0,0.3674413270440296,0.4116451147566407,0.0,0.887367717402403,0.8815741498189723,1.1781321227702546,0.5690864522784571,0.7555594111821542,51
flat_spiral,pca_rank_5d,ok,,1.0244493455933275,1.004131672283613,0.93380431239954,0.9090249639492667,1.2237835803537205,0.5720250404237902,0.5783477634194435,0.6092750846368667,0.4279749595751376,0.4216522365794575,0.3907249153619067,1.3035871280064641,1.241053064694519,1.1033550710185211,6.740966356388655,6.823389877697157,6.11489026529498,7.270328954593405,0.5450041162992313,0.5471619832561225,0.2744533476105867,0.0,0.44947039057116284,0.4577919015484767,0.18271601828219555,0.0,0.23637019638149095,0.2400637027782489,0.0,0.46874167167378217,0.45092851123349464,0.6863425804026548,0.30061329676132265,0.44016505950020357,51
flat_spiral,pca_90pct,ok,,1.0586352798872818,1.039276742207758,0.9712831958650086,0.9575692913394633,1.2411882874627562,0.5927854550326205,0.5955132827011638,0.6283075235842118,0.40721454496638504,0.404486717297719,0.371692476414747,1.2549608893930313,1.22304934436219,1.0886504000599835,7.206559712187836,7.2449591671269395,6.618148811074267,7.744817747140448,0.5374861263240412,0.5423601927429289,0.2667224075481329,0.0,0.4240480983845836,0.41884327938655114,0.1644100261378694,0.0,0.22084110281137218,0.23274237845470155,0.0,0.38225853649481356,0.3848622548866518,0.5785900054344533,0.24514995319391306,0.37106120389451813,51
flat_spiral,pca_95pct,ok,,1.1142800750239616,1.0961011125407192,1.0322931699221474,1.0040778572587787,1.2850232573556424,0.6173758172324121,0.6206534278455109,0.6507485631354114,0.3826241827667072,0.379346572153591,0.3492514368637654,1.2732643448113128,1.2506199307139383,1.0965068453429723,7.956601206914603,8.02450676018724,7.194592893577078,8.51326367905152,0.5170202534825274,0.53315735308833,0.23631571675290391,0.0,0.40804016998511716,0.4210021997802663,0.16121102349483676,0.0,0.20562225578257257,0.2000020722506387,0.0,0.17480052475637056,0.14128414186967192,0.37766114925827954,0.11210303072689418,0.24220155791101033,51
flat_spiral,position_only_manfit,ok,,0.6026433424811699,0.5801162017122798,0.44982006322237467,0.4317126230452521,0.6819591212144217,0.42094929079975624,0.42703502521625814,0.48186334526329144,0.5790507091948065,0.572964974777056,0.5181366547294464,1.6436280793311673,1.5752348473192797,1.2062718952302631,4.672720500514485,4.680521728215383,3.902248673503837,5.48266361312773,0.5367095902964448,0.560092610850695,0.2578800706105946,0.0,0.42147806348613875,0.43494491667452206,0.1946709433012328,0.0,0.23017652222387622,0.24018055306551495,0.0,0.7685861268578338,0.7651872027694815,0.8614995630457993,0.49290947104132316,0.5524966937137838,51
flat_spiral,velocity_manifold_fitter,ok,,0.5101831351342152,0.4893185216110518,0.3404505322716485,0.32655208031501015,0.4400800846901324,0.34371888155266117,0.33259477721154207,0.45392576047580463,0.6562811184413602,0.6674052227831104,0.5460742395173069,2.4247220556733047,2.230118052692422,1.3827122553871247,3.99039514953251,3.9379686997973318,2.9940643374660283,5.158440009091833,0.9506250116706466,0.9718797833480277,0.9090035125888931,0.0,0.7263271986773554,0.7833615177729566,0.49475165140126054,0.0,0.47196134385913724,0.5725998435835111,0.0,0.8340457824223402,0.8294371151181207,1.0739815712129348,0.5348900416909106,0.6887656043687815,51
flat_saddle,raw_noisy,ok,,1.1094096044106112,1.089622317034482,1.0242243265591602,0.9953448893739776,1.3387176232604039,0.6016146286296296,0.6042338213094697,0.6487036409471139,0.39838537136952834,0.3957661786897013,0.351296359051985,1.367508431244684,1.3520665289857052,1.1155814947808111,7.80018704165745,7.794478808155507,6.937543138652931,8.659314376508817,0.45798813626792584,0.4574415559121492,0.20839065932772202,0.0,0.4187699030168047,0.42763699969523516,0.14976598241593442,0.0,0.1790408666018092,0.1893036478581296,0.0,0.0,0.0,0.0,0.0,0.0,51
flat_saddle,pca_rank_d,ok,,0.48082371119024725,0.43137980300812284,0.25422412697144053,0.2097784801738441,0.4068857947188699,7.124557134039925e-17,5.622446762343393e-17,1.589377975294008e-16,0.9999999999951185,0.9999999999951604,0.9999999999933477,78088489809.39308,76746737098.0015,53983034693.210976,1.843695574779115,1.8856480004844798,1.6679229248792267,1.9742984375595776,1.0,1.0,0.9999999999999994,0.0,0.932830652987289,0.9946708741132363,0.8541803247740407,0.0,0.5003061655488826,0.556436805420577,0.0,0.9863952238271632,0.9746219280505546,1.2570154265156956,0.6291221229870669,0.801723482286057,51
flat_saddle,pca_rank_2d,ok,,0.6842543914693081,0.6484425021566762,0.528771929029021,0.5051181944099239,0.8110620430793739,0.3055710182718027,0.3060106563368498,0.35826920414751984,0.6944289817258861,0.6939893436612397,0.6417307958499595,1.4958222352911794,1.4324925310399919,1.1136583895902774,3.287039989603185,3.3007586108344515,2.932454539513616,3.5867224957824364,0.7650589975270525,0.8373557337241306,0.4731750887045762,0.0,0.7587486520842341,0.8400597359177029,0.45064659630395515,0.0,0.3397414321646128,0.3818936006718374,0.0,0.8552506542969854,0.8576425900861845,1.0817132535699148,0.5454782163581079,0.6899158898080747,51
flat_saddle,pca_rank_5d,ok,,1.009347502813196,0.9865100573049008,0.9125883034422668,0.9061791507183297,1.2006901178599998,0.5439525442930294,0.542312881207188,0.5912011464295313,0.4560474557059544,0.4576871187918379,0.4087988535693657,1.3660045087413408,1.3330494422948238,1.123961663341366,6.332489591075358,6.333001467332602,5.6327690674435,6.940900455871654,0.5271992831520443,0.522707084138562,0.28313080758243825,0.0,0.49503122239048475,0.5597923356090102,0.19636710943588767,0.0,0.2229996576960703,0.2373866186986973,0.0,0.4375911603225914,0.4192677601824811,0.6525468593075834,0.279095308992251,0.4161938901967589,51
flat_saddle,pca_90pct,ok,,1.0407641418935263,1.0183171615236035,0.9471995484564663,0.9369475262724665,1.2729597759965163,0.5625408195685211,0.5684235158100603,0.6051506220226389,0.43745918043052,0.43157648418901795,0.39484937797637754,1.3515415396127026,1.310984045986169,1.1150443687082692,6.737263649221078,6.792459564846074,5.979717289020253,7.398518460836547,0.49450712220132637,0.4977751708065242,0.24940467527807322,0.0,0.45595071536887954,0.49470014538392426,0.14527774662725004,0.0,0.2066457902888389,0.2160900684567924,0.0,0.3618794596640079,0.3577961431247726,0.5129832609362099,0.2308064439382618,0.3271803333808171,51
flat_saddle,pca_95pct,ok,,1.0663977207012632,1.0446553973088208,0.9760247535411111,0.9497517384455143,1.2777708479380767,0.5793027867377591,0.5816571564922438,0.624530433264197,0.4206972132613247,0.41834284350685036,0.37546956673486637,1.3365320453071563,1.3109941548728092,1.1161331099552116,7.129173198324382,7.171895844444867,6.251677521429974,7.840325585756124,0.4971314453915622,0.5032258936100598,0.25750683520420853,0.0,0.4417972461021692,0.4784594029928289,0.16202335602920373,0.0,0.193259731053293,0.20861056064396505,0.0,0.28055808236214985,0.2653411474380258,0.43364147263358,0.17893973139085625,0.2765762011904049,51
flat_saddle,position_only_manfit,ok,,0.5720597880715316,0.5420643411833983,0.4230287243154349,0.37372410687209656,0.6583319046535202,0.3432033092811659,0.3336134035030052,0.41723867848474666,0.6567966907140407,0.6663865964927109,0.5827613215122766,2.163087983282399,1.9952019470388218,1.3773102863342537,3.889196529368755,3.772922640249034,3.1655439031944415,4.6299886503258545,0.5277692437018506,0.5756016190332722,0.24254131874354867,0.0,0.4436826424397592,0.43633135081098684,0.15669710419115765,0.0,0.19624776362801122,0.2000207957088935,0.0,0.7609441686477183,0.7537417184777518,0.8761808293014162,0.4853296115900132,0.5588274660454579,51
flat_saddle,velocity_manifold_fitter,ok,,0.5023618404308294,0.47218959959566653,0.33562386350240014,0.3131863111097527,0.46884137915689267,0.20101828164799615,0.1999188848329088,0.2666987007723334,0.7989817183470893,0.8000811151624747,0.733301299222545,4.631249380032938,4.532281548137872,2.54699704219304,2.8409607255585843,2.829660103310777,2.4094227852861625,3.336174965600053,0.9785326647298745,0.9850567200457525,0.952243856116632,0.0,0.8187489966086535,0.8699300335649668,0.7055578183426512,0.0,0.46041385663421,0.5101313328642693,0.0,0.8162804068166499,0.8125331908137943,1.0657567802815509,0.5206230221763729,0.6797388632896242,51
s_curve,raw_noisy,ok,,1.1834370274893549,1.1625821518017005,1.0947968764589333,1.0912448830258152,1.3939801379215917,0.6297479128380099,0.6303472224884064,0.6627999099330049,0.37025208716122365,0.3696527775108521,0.33720009006617613,1.2532865936125466,1.2350834066986185,1.0828393669032936,8.387346697945626,8.41915219966878,7.745714925986572,9.001045830366047,0.49447824935876705,0.5267316846825103,0.24272545208310056,0.0,0.4324040507064027,0.42890647276069804,0.22351437794984455,0.0,0.1300494778820311,0.1549557237963869,0.0,0.0,0.0,0.0,0.0,0.0,51
s_curve,pca_rank_d,ok,,0.5485418330438168,0.5159311820010636,0.34897515717820726,0.3077490939897535,0.6439645491376402,5.619684457809765e-17,3.890185104380467e-17,1.2089007891762566e-16,0.9999999999937382,0.9999999999939957,0.9999999999914255,61657828734.23953,61210730304.90143,39867558856.01693,1.842575136713262,1.8790294381496337,1.6248676982127954,1.981427811418636,1.0,1.0,0.9999999999999997,0.0,0.9693820341587653,0.9959237295932487,0.9252143348476042,0.0,0.4293995845173068,0.5104761858988274,0.0,1.0956758156476971,1.0762497952590742,1.359484635231322,0.6566929082465832,0.8148066299143915,51
s_curve,pca_rank_2d,ok,,0.7073043555208309,0.6703974439821302,0.5413662192177299,0.49516349113653413,0.8783100442642647,0.3067836528629128,0.31257456553848734,0.35121847150434204,0.6932163471346946,0.6874254344587856,0.6487815284932646,1.4910008552965024,1.4714744113118805,1.1913287399944683,3.3064816609977377,3.354668390638839,2.9684438457941438,3.6045624388282267,0.7790124736046429,0.8116393266257734,0.5026948186111819,0.0,0.7752188750609562,0.8395387492646105,0.45946052079188915,0.0,0.2935519936833726,0.33296920205980296,0.0,0.9422064266074478,0.9434918496745602,1.2322870315094223,0.5647110848127136,0.7385707916151287,51
s_curve,pca_rank_5d,ok,,1.0541246772602568,1.027879933068046,0.949231424745237,0.9581376329631501,1.2412269508162392,0.5612515491488046,0.5649337162814634,0.6002995057715544,0.43874845085018543,0.43506628371744316,0.3997004942274246,1.2795995485900158,1.2469854171294403,1.100381052284845,6.534640427782332,6.623443413992614,5.931378394796459,7.164436700765461,0.554839340578334,0.5775299549549567,0.25044892954311143,0.0,0.531068495230353,0.5501963707733107,0.29854184901948944,0.0,0.1630032140799465,0.18562265463854305,0.0,0.5151745008009565,0.5067513301187809,0.7214799161425531,0.3087696528059923,0.43241872970708756,51
s_curve,pca_90pct,ok,,1.1189007255390853,1.0951527884969976,1.0229125459277306,1.0368729419774994,1.3115760366577993,0.5974249404269476,0.5973230826825506,0.634206279680258,0.4025750595721773,0.4026769173164863,0.3657937203187453,1.259546386097478,1.2271639668251932,1.0909718271353435,7.386766080789369,7.370929311926016,6.766569248900809,7.999335032245066,0.5584040512229709,0.5972492251528725,0.30710948899044793,0.0,0.4857798273994684,0.49586807317211123,0.2894614691364686,0.0,0.1510348266087273,0.16698730957190944,0.0,0.3564864929471604,0.3334358445011178,0.5479222909661431,0.21366005205263094,0.32839702912944674,51
s_curve,pca_95pct,ok,,1.1437235557180871,1.1209835318603258,1.0505469091407407,1.0604026475712367,1.3205593257936437,0.6126600392821206,0.6106576986835992,0.6506822372214702,0.3873399607170494,0.3893423013155414,0.3493177627776901,1.2456844686852324,1.212245395980697,1.0803002098435635,7.801485694148733,7.800950412794738,7.146671654531365,8.413336427172792,0.5385025166216715,0.574335997440133,0.2709703558412039,0.0,0.46680220726415284,0.4853175649521406,0.2468297691972736,0.0,0.14616704777013442,0.17262061202860818,0.0,0.26725071265180494,0.25286343938616346,0.4592596181138808,0.16017661904724967,0.2752570878651149,51
s_curve,position_only_manfit,ok,,0.659978431074244,0.6402826136405539,0.5364249677451854,0.5216016812225442,0.7457529410297454,0.41864402649659205,0.41663149354259676,0.4943882564588101,0.5813559734995368,0.5833685064538124,0.5056117435369789,1.615215696254565,1.5525959209595728,1.2059202830433902,4.601284714624624,4.512730828641009,3.706157086639751,5.554008036124264,0.490383203065128,0.5100002720225593,0.22801008821684535,0.0,0.455467162652549,0.4676371091432282,0.23427147738502818,0.0,0.16057446318555518,0.165727997763137,0.0,0.7898288472364948,0.780072953929085,0.952390264727769,0.47338363711365744,0.5708147645479397,51
s_curve,velocity_manifold_fitter,ok,,0.5597222980465553,0.5427408392695315,0.41189411669553,0.3975849063430976,0.5331316611103766,0.33372416007564154,0.3314325530161001,0.4048007554801691,0.6662758399190715,0.6685674469782685,0.5951992445135788,1.9597374211859928,1.852210743894771,1.3376376225549336,3.7794145252806195,3.711156004281259,3.1722324500539956,4.455773465850647,0.9252781697983894,0.9542352232533389,0.831625180820973,0.0,0.7708230078847542,0.8180389208587827,0.5614941298032604,0.0,0.3183016493720407,0.3742296477067133,0.0,0.8791015726378343,0.8595330610531351,1.1275624005253226,0.5268892131550971,0.6758041214889429,51
swiss_roll,raw_noisy,ok,,1.1587449590295305,1.1377619610773,1.0745397172871993,1.0719782951611263,1.3735096113981913,0.6242343195220929,0.626800741696643,0.6559575648041239,0.37576568047706094,0.37319925830253153,0.3440424351950409,1.2649309164634015,1.231059701034352,1.0818448321629768,8.264374502841441,8.285093107901403,7.4985246098512945,8.931353599136864,0.5388277332304573,0.5702845179989928,0.3359045823250134,0.0,0.428993450194634,0.4467430973564466,0.2414143925605153,0.0,0.2132900410166079,0.21376482355141688,0.0,0.0,0.0,0.0,0.0,0.0,51
swiss_roll,pca_rank_d,ok,,0.4840217679533751,0.45152533468019634,0.2972642754770337,0.26712408641587015,0.4758616894860333,6.30640068847271e-17,4.6996477668287973e-17,1.1497324724686963e-16,0.9999999999929066,0.9999999999935782,0.9999999999893088,57322519762.16941,53594419184.951546,30484839868.89273,1.8393396247260132,1.8564677062122517,1.6688962855164704,1.987621653997722,1.0,1.0,0.9999999999999997,0.0,0.9654300985489317,0.990150391395336,0.9304930156502824,0.0,0.5880945346482666,0.6463403980586923,0.0,1.0367260508115685,1.0421358084637289,1.3518565498405009,0.664463101812677,0.8664379520603626,51
swiss_roll,pca_rank_2d,ok,,0.7110555011489984,0.6769504523264123,0.5776874124387743,0.5377298526958552,0.857015009651456,0.312622930942837,0.3158662083739384,0.35968197582231265,0.6873770690547162,0.684133791623231,0.640318024174719,1.4591804247094822,1.37289958285176,1.151024927713748,3.3374760634809992,3.368926021388916,3.0373392729209114,3.6164415335484543,0.8173459973057364,0.8661034436285094,0.6002738261123804,0.0,0.8077462778539678,0.8532017095491403,0.6034653137226541,0.0,0.4477974546412379,0.49771867508198886,0.0,0.892587202845233,0.8647232958792663,1.1774975213551573,0.5720809860778183,0.7546869829343117,51
swiss_roll,pca_rank_5d,ok,,1.03284540757145,1.009235482690302,0.9372239572635085,0.9538286672991035,1.1951499063712534,0.5595273590044928,0.5588675233891776,0.6028576494855102,0.440472640994428,0.4411324766097564,0.3971423505134781,1.3181929551854432,1.281268765862875,1.0776502305815767,6.559622516885677,6.539462333686329,6.065262210665565,7.143882303886035,0.61095354276355,0.6503863412528338,0.358682737576254,0.0,0.5373821422388825,0.5312860599339813,0.31708851453646714,0.0,0.27268112471610045,0.2790493107139786,0.0,0.5034674003848004,0.48109814136640083,0.7259671774762645,0.32268458023155566,0.46529013347591486,51
swiss_roll,pca_90pct,ok,,1.0985704077598706,1.0760380817334425,1.0090083188821057,1.0172453721501196,1.3106519009192446,0.5957904676513494,0.5999541138210756,0.6278052901536035,0.40420953234770163,0.4000458861779519,0.37219470984540504,1.277499715830386,1.2529809957984686,1.087302182690978,7.396825385785068,7.421850236211464,6.74542763478446,8.013509983541365,0.5959561532319465,0.6289820454705995,0.31308889530146666,0.0,0.4989764367502402,0.5194272663316275,0.2960267992951084,0.0,0.2446827965090229,0.2501403871522302,0.0,0.3389492117395712,0.31512226405420707,0.5266542367550892,0.2172408462323595,0.3375455912033204,51
swiss_roll,pca_95pct,ok,,1.1242583767681895,1.1022295584492434,1.0371443352578902,1.0344504281846418,1.3479549373253914,0.6073871684009494,0.6088607339012996,0.641405755177241,0.3926128315981435,0.3911392660978209,0.3585942448218827,1.2733094494553858,1.251971315717717,1.0583707905716746,7.719514577820935,7.749820785100562,7.089142447261416,8.32837054384299,0.5652538207928148,0.612281449588034,0.31550195074535287,0.0,0.4703898219729263,0.4872842278563726,0.26364902125090933,0.0,0.23040636982541227,0.2347682232335798,0.0,0.2473908721302554,0.2366844086984511,0.4150542631894402,0.1585588653117489,0.26601843652287743,51
swiss_roll,position_only_manfit,ok,,0.6234201133609016,0.5985968000161812,0.47998899024143993,0.46148647373924756,0.7135300796769839,0.4028806950004325,0.4054741876481797,0.46644663538090814,0.5971193049941576,0.5945258123462795,0.5335533646119903,1.6651687763477934,1.5443641538332422,1.1836942410988225,4.431486942542516,4.537203144847689,3.586537596294681,5.109106023834616,0.5837889327329054,0.622729481311457,0.3323427347475084,0.0,0.4882680509919053,0.5121742195792742,0.24199897781338622,0.0,0.25328434101024605,0.26493151275214505,0.0,0.787900747166229,0.7887287741452361,0.9130249765041949,0.5049848742324633,0.5851800554693403,51
swiss_roll,velocity_manifold_fitter,ok,,0.5277272767689962,0.508119186350361,0.3702591445748073,0.35694089830849185,0.5084002815059836,0.33784232735197484,0.3314714083516299,0.4381211903021211,0.6621576726413346,0.6685285916415491,0.5618788096901226,2.1366618833298365,1.9779791256896162,1.2370305601967533,3.8200609977712703,3.7526797901758675,2.992040788096858,4.857373270090523,0.9475076598009287,0.9732009469105787,0.8748818998323402,0.0,0.7874088868847224,0.8156760817231252,0.6576645702468047,0.0,0.5547000789166724,0.5847468715357699,0.0,0.8649865108253897,0.8528801019616841,1.1152606460262404,0.5543910269827181,0.7147978461697747,51
half_sphere_rotation,raw_noisy,ok,,1.1582825821300973,1.1383159150023292,1.0643244696456018,1.0520838761296032,1.338552073812455,0.6180035250602631,0.618249357918814,0.6589331099715139,0.38199647493899125,0.38175064208044357,0.34106689002778234,1.2856758963127102,1.2360693918806251,1.0880313573925624,8.19324922281167,8.262240654637669,7.271724162693082,9.034307837236309,0.5583601181491793,0.5734869976408469,0.3558494530714685,0.0,0.45714832283424023,0.4896706211897469,0.254894938061717,0.0,0.24258071981385734,0.25220555699082126,0.0,0.0,0.0,0.0,0.0,0.0,51
half_sphere_rotation,pca_rank_d,ok,,0.5632667209609271,0.5380708919538594,0.34204982521995947,0.3042035801932158,0.5059938870707801,6.922198854175163e-17,3.857939606870262e-17,1.8510409368286714e-16,0.9999999999940005,0.999999999994241,0.9999999999920146,60107089644.72616,58986238021.24698,41670127071.09199,1.8140675604962666,1.8510576930470524,1.6164677268849614,1.959188118709299,1.0,1.0,0.9999999999999994,0.0,0.9719403193181496,0.9965403651704674,0.926693977414869,0.0,0.6337659917332024,0.6983507117530383,0.0,1.0773099903555463,1.0927978156336926,1.3190306194155381,0.6488638524585217,0.7944521974981887,51
half_sphere_rotation,pca_rank_2d,ok,,0.7055661525801664,0.6668510346781944,0.5265505237399808,0.5089444456049095,0.8177610633369871,0.28793651537173254,0.2863038056573305,0.34460165950518856,0.71206348462613,0.7136961943403042,0.6553983404928445,1.5752985104315882,1.4790269587391527,1.15629007257573,3.180625942276292,3.1913304239807445,2.8848627525956148,3.4859583627315383,0.8097092225276014,0.8648073243045592,0.5607931416129586,0.0,0.7914623504633859,0.8417616588256589,0.5794312365647596,0.0,0.47207359092540846,0.5151144005295774,0.0,0.919648291500909,0.9427727226737723,1.1377855469608542,0.5539042046136031,0.6852882827430148,51
half_sphere_rotation,pca_rank_5d,ok,,1.0332073810924067,1.0083413247802795,0.9209361620373933,0.9228863189842704,1.2094145984132454,0.5450472835794348,0.5474848299157233,0.5834675359333582,0.4549527164196248,0.4525151700833774,0.41653246406567523,1.3412036392018898,1.3018334648327055,1.1180560857057276,6.335563014286819,6.341997707888648,5.689739437099384,6.912499735048391,0.6293698674694513,0.6528858055603856,0.36819170442239585,0.0,0.5393985646950011,0.5587538401898317,0.2793995267138179,0.0,0.30285678849708,0.3072078953641863,0.0,0.50254625203399,0.5149597916902248,0.7222917486340573,0.3026836287165107,0.4350363505521944,51
half_sphere_rotation,pca_90pct,ok,,1.094396592450529,1.0717477129345847,0.9898802878868102,0.9953166546377237,1.2616549409726177,0.5837021023937318,0.5830256707994106,0.623144292243466,0.4162978976054324,0.41697432919971444,0.3768557077556967,1.3168698318397634,1.291866162477672,1.1246279494626017,7.21201264901659,7.25103313397636,6.43013936543166,7.943182596137357,0.6053844220943494,0.6251864621444077,0.3791211136152439,0.0,0.4999668779849525,0.517109118117945,0.2545002091483621,0.0,0.27103444717079495,0.27539328564857085,0.0,0.35522871047618415,0.3427626691732791,0.5455697652396485,0.21395426724612387,0.3285966925280794,51
half_sphere_rotation,pca_95pct,ok,,1.1172000656206762,1.0953094006577935,1.0165305188786034,1.0185935037391651,1.2772054750615576,0.5960871426158575,0.5933752769868184,0.6412670927575553,0.40391285738334093,0.40662472301236774,0.35873290724164303,1.3191323638498156,1.2868920530306605,1.1210784454791418,7.560861049758242,7.540204802843296,6.8553281168275895,8.348896159012083,0.587669333188367,0.6065827640631274,0.3228560065690847,0.0,0.4845364496915011,0.5111919615990856,0.2570532093739477,0.0,0.261498022500926,0.2663958541257554,0.0,0.2695796288706671,0.23730030965957094,0.5012449599745086,0.16236782179624112,0.30189986045440625,51
half_sphere_rotation,position_only_manfit,ok,,0.665632439362683,0.6381605365008042,0.504692194039404,0.48113240625493753,0.6908809679825348,0.413049394066637,0.41066968588965413,0.48092973293845515,0.5869506059300641,0.589330314107168,0.5190702670584055,1.6734133569463345,1.6084526438104358,1.2062384390232987,4.550602596163605,4.5836897541071835,3.6653799638024234,5.393333857143657,0.5631938847214657,0.5772852836347961,0.3590994347302181,0.0,0.4909783824098289,0.5250921070333279,0.26474772816963654,0.0,0.26774385291968594,0.28545798083480367,0.0,0.7729249042356414,0.7718440884139152,0.8940169372698937,0.4655327022985778,0.5384664388832615,51
half_sphere_rotation,velocity_manifold_fitter,ok,,0.5555175752138738,0.535941486603475,0.3974494683604892,0.39305341695374724,0.4761982687364029,0.278495415595472,0.27660125115061557,0.32894506427993797,0.7215045843989095,0.7233987488432276,0.671054935714434,2.6840002987217373,2.5031672469513984,1.8560361427078582,3.357077942168147,3.318561360942824,2.84645135187104,3.8484447928799357,0.9604515169761837,0.9724305790602077,0.9268549225613539,0.0,0.8198400797637617,0.8426200539862616,0.7048361446862073,0.0,0.57687028763567,0.6334360856249375,0.0,0.8922707617458944,0.8991683662932689,1.1253807295411888,0.5374147172917842,0.6778168606899135,51
potential_saddle_surface_saddle,raw_noisy,ok,,1.1706368698248257,1.1503792679979061,1.0946374070257363,1.0993325035914117,1.3313056825327623,0.6077187636315635,0.614558776584621,0.6527041381841475,0.3922812363677455,0.38544122341470655,0.3472958618150892,1.3546044144170797,1.3279481339336978,1.125624793448427,8.048063336923654,8.144269472683543,7.139483807598041,8.910059461125856,0.7565571389747168,0.7855850408342104,0.5977031607642748,0.0,0.5303071309843264,0.5423393835489223,0.31854234588713454,0.0,0.6841848897199853,0.736090189872084,0.0,0.0,0.0,0.0,0.0,0.0,51
potential_saddle_surface_saddle,pca_rank_d,ok,,0.5610822356006185,0.5208413518514147,0.3635702131170401,0.3193918868063467,0.6095252841987621,8.987509408404903e-17,4.6486590593719757e-17,2.0461413195014152e-16,0.9999999999960764,0.9999999999962995,0.9999999999948224,96657663435.44144,92497341677.60544,69281543477.0908,1.844234386001313,1.8869081481592027,1.6406314949725407,1.9818122509423979,1.0,1.0,0.9999999999999994,0.0,0.9494454048975934,0.9942330725693831,0.8302913954848865,0.0,0.6480561524828955,0.720786304263743,0.0,1.0921223669022455,1.0970824547309483,1.3536217207628956,0.629252128667218,0.7799211654425126,51
potential_saddle_surface_saddle,pca_rank_2d,ok,,0.6965221174085197,0.655136959845695,0.5471945437982074,0.5111927078079797,0.8428857297107841,0.26373465702929905,0.2657193139005643,0.31327279641212735,0.7362653429687481,0.7342806860976638,0.6867272035853526,1.7096993659363813,1.6164156841494117,1.1984766605851391,3.049595265167715,3.081488347049345,2.7108919541351773,3.383383152481635,0.8940172602439255,0.920260004366585,0.743614714470717,0.0,0.7980107992704066,0.8724305348445247,0.5056209900321771,0.0,0.714677004987265,0.7836561546795298,0.0,0.9305984081187575,0.9366665833011412,1.1839012138785225,0.5361862800265011,0.6821326817779982,51
potential_saddle_surface_saddle,pca_rank_5d,ok,,1.043017616396257,1.0157481156300743,0.9497055543931687,0.9419053833594773,1.2519967390001925,0.5310975890195215,0.537296938066979,0.5771426108146426,0.4689024109795775,0.46270306193205946,0.42285738918446875,1.3888047289435548,1.3325407247156091,1.1420413692152933,6.149381882159302,6.2949751092643895,5.303260557537904,6.794897844704689,0.8193675130998976,0.8475197549779696,0.6681216131670736,0.0,0.607467198186531,0.6276515375028524,0.34791052221588403,0.0,0.6732841886299823,0.7262005184736834,0.0,0.5125703642706144,0.5032797764124766,0.7390462080768095,0.2953295368575537,0.42581895006403975,51
potential_saddle_surface_saddle,pca_90pct,ok,,1.0758425918228036,1.0508477789996642,0.9869204547405556,0.9846044607755678,1.2691153860427073,0.5522373380953304,0.5557791110189461,0.598738169037939,0.44776266190382563,0.44422088898016643,0.40126183096128837,1.3887550306336451,1.3249990580268938,1.12807409392635,6.6005564016396185,6.655566436787044,5.709324339291358,7.329519810997196,0.8077622679691494,0.8389112102478486,0.6297605845030992,0.0,0.5942834892932645,0.6147044764492748,0.3231077900082346,0.0,0.6683840588860401,0.7240712432269429,0.0,0.4434526054940656,0.4331215664410454,0.6911492245030542,0.25550570561214564,0.39822197028968254,51
potential_saddle_surface_saddle,pca_95pct,ok,,1.1286685103069007,1.1078286330178337,1.0491208618208117,1.0471075207198586,1.3026376217263373,0.5865631834334633,0.5863158868310119,0.6299324938606945,0.4134368165657901,0.4136841131682276,0.3700675061384504,1.3581958143881325,1.3310860740085249,1.124710696956109,7.408039297475429,7.449942037263952,6.463034945576991,8.19860937811789,0.758564684153366,0.807308977064972,0.5627112301306373,0.0,0.5562010910774926,0.5775531230870314,0.3047923900255137,0.0,0.6782543495396884,0.7325386014005717,0.0,0.27997133481384606,0.2584191290819633,0.5073009157349635,0.16131210543477864,0.29229341946956733,51
potential_saddle_surface_saddle,position_only_manfit,ok,,0.6755274786485034,0.6537452265106167,0.5404930895738407,0.568035795786196,0.73332981767314,0.3769549742562483,0.3697731576039296,0.442496132108329,0.6230450257412696,0.630226842394066,0.5575038678897033,1.8089594339533195,1.7078143275434319,1.279690028618765,4.160001662358229,4.158956244449694,3.349886105594613,4.905376698745922,0.8333948728873043,0.8465586263099731,0.7554500456920904,0.0,0.6196714774109966,0.6724979904416227,0.3312074881230702,0.0,0.7284214176126997,0.785336809188,0.0,0.7808752261733064,0.7657788101291089,0.9395009043322602,0.44991972803083347,0.541315663749946,51
potential_saddle_surface_saddle,velocity_manifold_fitter,ok,,0.5263664635768148,0.4994244465181879,0.35854036880636936,0.3302070758574126,0.521838736596314,0.1665833780175962,0.16694847679076233,0.21233080003500826,0.8334166219785412,0.8330515232052758,0.7876691999599845,5.733413775053716,5.451175443710932,3.746487618202804,2.6324806325443193,2.65099047273278,2.202192023409693,3.0127244935364743,0.9829017212417366,0.9853508461595699,0.9631911545516846,0.0,0.8498411700434156,0.8865822107092551,0.706534363390539,0.0,0.6663353097744492,0.7568227077178152,0.0,0.8926438079667542,0.8847701625175739,1.0884046120978526,0.5143178395823189,0.6271100563176125,51
